{
  "0.0": 0.9722222222222222,
  "0.2": 0.8944444444444445,
  "0.4": 0.8277777777777777,
  "0.6": 0.7759259259259259,
  "0.8": 0.6537037037037037,
  "1.0": 0.6074074074074074
}