{
  "0.0": 0.9648148148148148,
  "0.2": 0.9185185185185185,
  "0.4": 0.8203703703703704,
  "0.6": 0.7166666666666667,
  "0.8": 0.65,
  "1.0": 0.6092592592592593
}