{
  "0.0": {
    "epoch": [
      0.0,
      1.0,
      2.0,
      3.0,
      4.0,
      5.0,
      6.0,
      7.0,
      8.0,
      9.0
    ],
    "train_loss": [
      2.003046783454278,
      0.9382354152553222,
      0.6180978180731044,
      0.48062562767197103,
      0.3692078923477846,
      0.2857500487828956,
      0.22988838768180678,
      0.19724377332364812,
      0.17844948742319555,
      0.16733806821353295
    ],
    "val_loss": [
      1.1669265943415024,
      0.6896546027239632,
      0.5483534125720754,
      0.42896735317566814,
      0.33290690884870644,
      0.25935735422022205,
      0.21774992960340836,
      0.19513437896966934,
      0.17401018125169418,
      0.16738603395574234
    ],
    "tau": [
      147.0,
      147.0,
      147.0,
      147.0,
      147.0,
      147.0,
      147.0,
      147.0,
      147.0,
      147.0
    ],
    "tau_history": [
      147.0,
      147.0,
      147.0,
      147.0,
      147.0,
      147.0,
      147.0,
      147.0,
      147.0,
      147.0
    ]
  },
  "0.2": {
    "epoch": [
      0.0,
      1.0,
      2.0,
      3.0,
      4.0,
      5.0,
      6.0,
      7.0,
      8.0,
      9.0
    ],
    "train_loss": [
      2.8290528742706074,
      2.1651483721592846,
      1.1147412123049008,
      0.6517539559041753,
      0.5710213140529745,
      0.5158737766392091,
      0.47029726470217986,
      0.43137146094266104,
      0.4020860699169776,
      0.3746386946124189
    ],
    "val_loss": [
      2.357713790500865,
      1.5666359312394087,
      0.7092494438676273,
      0.6175157673218671,
      0.5537721479640287,
      0.49885906542048736,
      0.45756880150121804,
      0.42236770952449126,
      0.39365048092954297,
      0.3683706679764916
    ],
    "tau": [
      147.0,
      147.0,
      147.0,
      147.0,
      147.0,
      147.0,
      147.0,
      147.0,
      147.0,
      147.0
    ],
    "tau_history": [
      147.0,
      147.0,
      147.0,
      147.0,
      147.0,
      147.0,
      147.0,
      147.0,
      147.0,
      147.0
    ]
  },
  "0.4": {
    "epoch": [
      0.0,
      1.0,
      2.0,
      3.0,
      4.0,
      5.0,
      6.0,
      7.0,
      8.0,
      9.0
    ],
    "train_loss": [
      2.739890910246793,
      2.068784887299818,
      1.071199522298925,
      0.6983266481581856,
      0.6569530490566703,
      0.626008606132339,
      0.60062375664711,
      0.5761323588735917,
      0.5535024167860255,
      0.5344338158474249
    ],
    "val_loss": [
      2.2777905464172363,
      1.4864514505161959,
      0.7182574903263765,
      0.6786857352537268,
      0.6466511102283702,
      0.6173234511824215,
      0.6001714818617877,
      0.5754834062912885,
      0.557234467828975,
      0.5367817335269031
    ],
    "tau": [
      147.0,
      147.0,
      135.0,
      147.0,
      147.0,
      147.0,
      147.0,
      147.0,
      147.0,
      147.0
    ],
    "tau_history": [
      147.0,
      147.0,
      135.0,
      147.0,
      147.0,
      147.0,
      147.0,
      147.0,
      147.0,
      147.0
    ]
  },
  "0.6": {
    "epoch": [
      0.0,
      1.0,
      2.0,
      3.0,
      4.0,
      5.0,
      6.0,
      7.0,
      8.0,
      9.0
    ],
    "train_loss": [
      1.9990566434229122,
      0.9284506939789828,
      0.7098974261213752,
      0.6919565665371278,
      0.679180325830684,
      0.6667612764765235,
      0.6542188902111614,
      0.6402548420078614,
      0.6266349343692555,
      0.6118571600493263
    ],
    "val_loss": [
      1.1642375307924606,
      0.7210924169596504,
      0.6990995056488934,
      0.6885380148887634,
      0.6784538135809057,
      0.6644980556824628,
      0.6548073712517234,
      0.643222360049977,
      0.6289995978860294,
      0.6130953781745013
    ],
    "tau": [
      147.0,
      147.0,
      147.0,
      147.0,
      147.0,
      147.0,
      147.0,
      147.0,
      147.0,
      147.0
    ],
    "tau_history": [
      147.0,
      147.0,
      147.0,
      147.0,
      147.0,
      147.0,
      147.0,
      147.0,
      147.0,
      147.0
    ]
  },
  "0.8": {
    "epoch": [
      0.0,
      1.0,
      2.0,
      3.0,
      4.0,
      5.0,
      6.0,
      7.0,
      8.0,
      9.0
    ],
    "train_loss": [
      1.963250499437837,
      0.9052794882479835,
      0.7133460228934008,
      0.7023693743874045,
      0.6952385998824063,
      0.6889262383475023,
      0.6829777272308574,
      0.6770689259557163,
      0.6711150679518195,
      0.6653657371506971
    ],
    "val_loss": [
      1.1260071221519918,
      0.7183666965540718,
      0.7051456780994639,
      0.7008033114321092,
      0.6953167003743789,
      0.6881761866457322,
      0.6857139573377722,
      0.6808720756979549,
      0.6754257047877592,
      0.6682539967929616
    ],
    "tau": [
      147.0,
      147.0,
      147.0,
      147.0,
      147.0,
      147.0,
      147.0,
      147.0,
      147.0,
      147.0
    ],
    "tau_history": [
      147.0,
      147.0,
      147.0,
      147.0,
      147.0,
      147.0,
      147.0,
      147.0,
      147.0,
      147.0
    ]
  },
  "1.0": {
    "epoch": [
      0.0,
      1.0,
      2.0,
      3.0,
      4.0,
      5.0,
      6.0,
      7.0,
      8.0,
      9.0
    ],
    "train_loss": [
      1.999878672115943,
      0.9285069116774727,
      0.7153617503011928,
      0.7050593460307402,
      0.6990056090495166,
      0.6935688879560021,
      0.6883291856330984,
      0.683876220794285,
      0.6789472953361624,
      0.6746170187697691
    ],
    "val_loss": [
      1.167300119119532,
      0.7219233302509084,
      0.7067025479148416,
      0.7032327371485093,
      0.6989630110123578,
      0.6923363699632532,
      0.690502240377314,
      0.6867801652235144,
      0.6827398643774145,
      0.6764651221387527
    ],
    "tau": [
      147.0,
      147.0,
      147.0,
      147.0,
      147.0,
      147.0,
      147.0,
      147.0,
      147.0,
      147.0
    ],
    "tau_history": [
      147.0,
      147.0,
      147.0,
      147.0,
      147.0,
      147.0,
      147.0,
      147.0,
      147.0,
      147.0
    ]
  }
}