{
  "0.0": {
    "epoch": [
      0.0,
      1.0,
      2.0,
      3.0,
      4.0,
      5.0,
      6.0,
      7.0,
      8.0,
      9.0
    ],
    "train_loss": [
      1.7084264387102688,
      0.766245993621209,
      0.6473649258122725,
      0.6022865333977867,
      0.5209259224288604,
      0.41750690297168846,
      0.3255289107122842,
      0.2598270013490144,
      0.2157514110645827,
      0.18361331829253366
    ],
    "val_loss": [
      0.9369823827463037,
      0.6726039928548476,
      0.6359529951039482,
      0.5777435407919043,
      0.47790250357459574,
      0.3722208808450138,
      0.2911737824187559,
      0.23891685552456798,
      0.19878662684384515,
      0.17210433281519832
    ],
    "tau": [
      147.0,
      9.999999776482582,
      9.999999776482582,
      9.999999776482582,
      9.999999776482582,
      33.0,
      51.0,
      60.0,
      60.0,
      66.0
    ],
    "delay1_mean": [
      6.604477882385254,
      6.612780570983887,
      6.626702308654785,
      6.685981750488281,
      6.790814399719238,
      6.934596061706543,
      7.072467803955078,
      7.1845197677612305,
      7.2700042724609375,
      7.325634002685547
    ],
    "delay2_mean": [
      7.1865644454956055,
      7.175816059112549,
      7.188663482666016,
      7.234524726867676,
      7.319348335266113,
      7.427727222442627,
      7.522943496704102,
      7.5991740226745605,
      7.669940948486328,
      7.733627796173096
    ],
    "tau_history": [
      147.0,
      9.999999776482582,
      9.999999776482582,
      9.999999776482582,
      9.999999776482582,
      33.0,
      51.0,
      60.0,
      60.0,
      66.0
    ]
  },
  "0.2": {
    "epoch": [
      0.0,
      1.0,
      2.0,
      3.0,
      4.0,
      5.0,
      6.0,
      7.0,
      8.0,
      9.0
    ],
    "train_loss": [
      1.695443670539295,
      0.7461154618683983,
      0.6644723564386368,
      0.6452927904970506,
      0.6141584427917705,
      0.5733642880530918,
      0.5158031775670893,
      0.44849200108472037,
      0.3843715291689424,
      0.33263101121958566
    ],
    "val_loss": [
      0.9099963833304012,
      0.6767469188746285,
      0.6630199621705448,
      0.6382225120768827,
      0.6055759752497953,
      0.558756386532503,
      0.49479667754734263,
      0.42878975938348207,
      0.36873848648632274,
      0.32054056490168853
    ],
    "tau": [
      147.0,
      9.999999776482582,
      9.999999776482582,
      9.999999776482582,
      9.999999776482582,
      15.0,
      18.0,
      36.0,
      60.0,
      60.0
    ],
    "delay1_mean": [
      6.59204626083374,
      6.584092617034912,
      6.5872392654418945,
      6.6151628494262695,
      6.671394348144531,
      6.774247169494629,
      6.89801549911499,
      7.043513298034668,
      7.188542366027832,
      7.312246799468994
    ],
    "delay2_mean": [
      7.172354221343994,
      7.148815155029297,
      7.151845932006836,
      7.167477607727051,
      7.2004852294921875,
      7.258830547332764,
      7.341426849365234,
      7.4359130859375,
      7.531780242919922,
      7.61796760559082
    ],
    "tau_history": [
      147.0,
      9.999999776482582,
      9.999999776482582,
      9.999999776482582,
      9.999999776482582,
      15.0,
      18.0,
      36.0,
      60.0,
      60.0
    ]
  },
  "0.4": {
    "epoch": [
      0.0,
      1.0,
      2.0,
      3.0,
      4.0,
      5.0,
      6.0,
      7.0,
      8.0,
      9.0
    ],
    "train_loss": [
      1.687177357428214,
      0.7427040198270012,
      0.6806121302001616,
      0.6749955117702484,
      0.6630744136431638,
      0.6564231997027117,
      0.6397968925097409,
      0.6209874994614545,
      0.5994571070460712,
      0.5696183109984678
    ],
    "val_loss": [
      0.8933542721411761,
      0.6880297205027412,
      0.6798406173201168,
      0.6738932798890507,
      0.6654585880391738,
      0.6569627277991351,
      0.6407806417521309,
      0.6246685525950264,
      0.5983027079526115,
      0.5675196665174821
    ],
    "tau": [
      147.0,
      9.999999776482582,
      9.999999776482582,
      9.999999776482582,
      9.999999776482582,
      9.999999776482582,
      9.999999776482582,
      9.999999776482582,
      9.999999776482582,
      15.0
    ],
    "delay1_mean": [
      6.582560062408447,
      6.562308311462402,
      6.5504913330078125,
      6.547260284423828,
      6.557098388671875,
      6.594032287597656,
      6.642488956451416,
      6.71198034286499,
      6.792049407958984,
      6.892014980316162
    ],
    "delay2_mean": [
      7.1673054695129395,
      7.1372222900390625,
      7.129405975341797,
      7.125062942504883,
      7.127832412719727,
      7.142187595367432,
      7.1624755859375,
      7.193126201629639,
      7.236907958984375,
      7.294984817504883
    ],
    "tau_history": [
      147.0,
      9.999999776482582,
      9.999999776482582,
      9.999999776482582,
      9.999999776482582,
      9.999999776482582,
      9.999999776482582,
      9.999999776482582,
      9.999999776482582,
      15.0
    ]
  },
  "0.6": {
    "epoch": [
      0.0,
      1.0,
      2.0,
      3.0,
      4.0,
      5.0,
      6.0,
      7.0,
      8.0,
      9.0
    ],
    "train_loss": [
      1.6762086740311455,
      0.7413963482660406,
      0.6901670229785583,
      0.6878374069929123,
      0.6816380830372081,
      0.6821646234568428,
      0.6764752189902699,
      0.6712783329627093,
      0.664541524999282,
      0.6574759080129511
    ],
    "val_loss": [
      0.8837540219811832,
      0.6920915526502273,
      0.6893547703238094,
      0.6869225572137272,
      0.6862302597831277,
      0.6829433265854331,
      0.6790029827286216,
      0.6762877737774569,
      0.6676268752883462,
      0.6594516915433547
    ],
    "tau": [
      147.0,
      9.999999776482582,
      9.999999776482582,
      9.999999776482582,
      9.999999776482582,
      9.999999776482582,
      9.999999776482582,
      9.999999776482582,
      9.999999776482582,
      9.999999776482582
    ],
    "delay1_mean": [
      6.577939510345459,
      6.553999423980713,
      6.534928798675537,
      6.515783786773682,
      6.496448516845703,
      6.492990016937256,
      6.492804527282715,
      6.504310607910156,
      6.517279624938965,
      6.541136264801025
    ],
    "delay2_mean": [
      7.166316032409668,
      7.134413242340088,
      7.1203179359436035,
      7.1085205078125,
      7.098428249359131,
      7.092941761016846,
      7.089566707611084,
      7.0911455154418945,
      7.093483924865723,
      7.103433132171631
    ],
    "tau_history": [
      147.0,
      9.999999776482582,
      9.999999776482582,
      9.999999776482582,
      9.999999776482582,
      9.999999776482582,
      9.999999776482582,
      9.999999776482582,
      9.999999776482582,
      9.999999776482582
    ]
  },
  "0.8": {
    "epoch": [
      0.0,
      1.0,
      2.0,
      3.0,
      4.0,
      5.0,
      6.0,
      7.0,
      8.0,
      9.0
    ],
    "train_loss": [
      1.6694040210808025,
      0.7415357933324926,
      0.6959001763778574,
      0.6955646854989669,
      0.689666764701114,
      0.6923089754932067,
      0.6889633466215694,
      0.6863146950216854,
      0.6844548188588199,
      0.6793666858883465
    ],
    "val_loss": [
      0.877808739157284,
      0.6981614126878626,
      0.6965830466326546,
      0.6943613781648523,
      0.6966012576047111,
      0.6949150457101709,
      0.6911622145596672,
      0.6927689524257884,
      0.6861944899839514,
      0.6831076986649457
    ],
    "tau": [
      9.999999776482582,
      9.999999776482582,
      9.999999776482582,
      9.999999776482582,
      9.999999776482582,
      9.999999776482582,
      9.999999776482582,
      9.999999776482582,
      9.999999776482582,
      9.999999776482582
    ],