{
  "0.0": 0.9722222222222222,
  "0.2": 0.9518518518518518,
  "0.4": 0.8425925925925926,
  "0.6": 0.7388888888888889,
  "0.8": 0.6055555555555555,
  "1.0": 0.575925925925926
}