{
  "0.0": 0.9722222222222222,
  "0.1": 0.9314814814814815,
  "0.2": 0.8944444444444445,
  "0.3": 0.8907407407407407,
  "0.4": 0.8277777777777777,
  "0.5": 0.7462962962962963,
  "0.6": 0.7759259259259259,
  "0.7": 0.6944444444444444,
  "0.8": 0.6537037037037037,
  "0.9": 0.6018518518518519,
  "1.0": 0.6074074074074074
}