{
  "0.0": 0.9648148148148148,
  "0.2": 0.9018518518518519,
  "0.4": 0.7444444444444445,
  "0.6": 0.6574074074074074,
  "0.8": 0.5574074074074075,
  "1.0": 0.5222222222222223
}