{
  "0.0": {
    "0.0": {
      "mean": 0.976,
      "std": 0.0,
      "values": [
        0.976,
        0.976,
        0.976
      ]
    },
    "0.2": {
      "mean": 0.9955555555555556,
      "std": 0.001257078722109384,
      "values": [
        0.9946666666666667,
        0.9946666666666667,
        0.9973333333333333
      ]
    },
    "0.4": {
      "mean": 0.9866666666666667,
      "std": 0.0,
      "values": [
        0.9866666666666667,
        0.9866666666666667,
        0.9866666666666667
      ]
    },
    "0.6": {
      "mean": 0.9395555555555556,
      "std": 0.0025141574442188205,
      "values": [
        0.9413333333333334,
        0.9413333333333334,
        0.936
      ]
    },
    "0.8": {
      "mean": 0.8542222222222223,
      "std": 0.003325917677132392,
      "values": [
        0.8533333333333334,
        0.8506666666666667,
        0.8586666666666667
      ]
    },
    "1.0": {
      "mean": 0.823111111111111,
      "std": 0.003325917677132392,
      "values": [
        0.8186666666666667,
        0.8266666666666667,
        0.824
      ]
    }
  },
  "0.2": {
    "0.0": {
      "mean": 0.816,
      "std": 0.0,
      "values": [
        0.816,
        0.816,
        0.816
      ]
    },
    "0.2": {
      "mean": 0.8622222222222223,
      "std": 0.0012570787221094365,
      "values": [
        0.864,
        0.8613333333333333,
        0.8613333333333333
      ]
    },
    "0.4": {
      "mean": 0.7164444444444444,
      "std": 0.0033259176771324016,
      "values": [
        0.7173333333333334,
        0.72,
        0.712
      ]
    },
    "0.6": {
      "mean": 0.5555555555555556,
      "std": 0.0012570787221094365,
      "values": [
        0.5546666666666666,
        0.5573333333333333,
        0.5546666666666666
      ]
    },
    "0.8": {
      "mean": 0.4613333333333333,
      "std": 0.004354648431614535,
      "values": [
        0.4613333333333333,
        0.4666666666666667,
        0.456
      ]
    },
    "1.0": {
      "mean": 0.4488888888888889,
      "std": 0.006651835354264789,
      "values": [
        0.45066666666666666,
        0.44,
        0.456
      ]
    }
  },
  "0.4": {
    "0.0": {
      "mean": 0.34400000000000003,
      "std": 5.551115123125783e-17,
      "values": [
        0.344,
        0.344,
        0.344
      ]
    },
    "0.2": {
      "mean": 0.35555555555555557,
      "std": 0.00699911811023273,
      "values": [
        0.34933333333333333,
        0.36533333333333334,
        0.352
      ]
    },
    "0.4": {
      "mean": 0.37777777777777777,
      "std": 0.003325917677132392,
      "values": [
        0.38133333333333336,
        0.37333333333333335,
        0.37866666666666665
      ]
    },
    "0.6": {
      "mean": 0.3724444444444444,
      "std": 0.00879955105476592,
      "values": [
        0.384,
        0.37066666666666664,
        0.3626666666666667
      ]
    },
    "0.8": {
      "mean": 0.39022222222222225,
      "std": 0.005028314888437667,
      "values": [
        0.3973333333333333,
        0.38666666666666666,
        0.38666666666666666
      ]
    },
    "1.0": {
      "mean": 0.3751111111111111,
      "std": 0.012380789579719218,
      "values": [
        0.37066666666666664,
        0.3626666666666667,
        0.392
      ]
    }
  },
  "0.6": {
    "0.0": {
      "mean": 0.3333333333333333,
      "std": 0.0,
      "values": [
        0.3333333333333333,
        0.3333333333333333,
        0.3333333333333333
      ]
    },
    "0.2": {
      "mean": 0.328,
      "std": 0.005760658398584782,
      "values": [
        0.32266666666666666,
        0.3253333333333333,
        0.336
      ]
    },
    "0.4": {
      "mean": 0.3297777777777778,
      "std": 0.0012570787221094103,
      "values": [
        0.328,
        0.33066666666666666,
        0.33066666666666666
      ]
    },
    "0.6": {
      "mean": 0.3253333333333333,
      "std": 0.0037712361663282566,
      "values": [
        0.32266666666666666,
        0.33066666666666666,
        0.32266666666666666
      ]
    },
    "0.8": {
      "mean": 0.33066666666666666,
      "std": 0.0,
      "values": [
        0.33066666666666666,
        0.33066666666666666,
        0.33066666666666666
      ]
    },
    "1.0": {
      "mean": 0.3342222222222222,
      "std": 0.006651835354264794,
      "values": [
        0.3413333333333333,
        0.3253333333333333,
        0.336
      ]
    }
  },
  "0.8": {
    "0.0": {
      "mean": 0.328,
      "std": 0.0,
      "values": [
        0.328,
        0.328,
        0.328
      ]
    },
    "0.2": {
      "mean": 0.34400000000000003,
      "std": 5.551115123125783e-17,
      "values": [
        0.344,
        0.344,
        0.344
      ]
    },
    "0.4": {
      "mean": 0.3484444444444444,
      "std": 0.0012570787221094103,
      "values": [
        0.3466666666666667,
        0.34933333333333333,
        0.34933333333333333
      ]
    },
    "0.6": {
      "mean": 0.33866666666666667,
      "std": 0.0,
      "values": [
        0.33866666666666667,
        0.33866666666666667,
        0.33866666666666667
      ]
    },
    "0.8": {
      "mean": 0.33688888888888896,
      "std": 0.0012570787221094103,
      "values": [
        0.336,
        0.33866666666666667,
        0.336
      ]
    },
    "1.0": {
      "mean": 0.336,
      "std": 0.0,
      "values": [
        0.336,
        0.336,
        0.336
      ]
    }
  },
  "1.0": {
    "0.0": {
      "mean": 0.34400000000000003,
      "std": 5.551115123125783e-17,
      "values": [
        0.344,
        0.344,
        0.344
      ]
    },
    "0.2": {
      "mean": 0.34933333333333333,
      "std": 0.0037712361663282566,
      "values": [
        0.352,
        0.344,
        0.352
      ]
    },
    "0.4": {
      "mean": 0.3484444444444444,
      "std": 0.0025141574442188205,
      "values": [
        0.352,
        0.3466666666666667,
        0.3466666666666667
      ]
    },
    "0.6": {
      "mean": 0.34933333333333333,
      "std": 0.0043546484316145575,
      "values": [
        0.34933333333333333,
        0.3546666666666667,
        0.344
      ]
    },
    "0.8": {
      "mean": 0.34755555555555556,
      "std": 0.0012570787221094103,
      "values": [
        0.3466666666666667,
        0.3466666666666667,
        0.34933333333333333
      ]
    },
    "1.0": {
      "mean": 0.34933333333333333,
      "std": 0.002177324215807256,
      "values": [
        0.34933333333333333,
        0.3466666666666667,
        0.352
      ]
    }
  }
}