{
  "0.0": {
    "0.0": {
      "mean": 0.896,
      "std": 0.0,
      "values": [
        0.896,
        0.896,
        0.896
      ]
    },
    "0.2": {
      "mean": 0.8764444444444445,
      "std": 0.001257078722109384,
      "values": [
        0.8773333333333333,
        0.8773333333333333,
        0.8746666666666667
      ]
    },
    "0.4": {
      "mean": 0.8693333333333332,
      "std": 0.002177324215807256,
      "values": [
        0.8666666666666667,
        0.872,
        0.8693333333333333
      ]
    },
    "0.6": {
      "mean": 0.8684444444444445,
      "std": 0.005028314888437693,
      "values": [
        0.872,
        0.872,
        0.8613333333333333
      ]
    },
    "0.8": {
      "mean": 0.8639999999999999,
      "std": 0.0021773242158073013,
      "values": [
        0.8666666666666667,
        0.864,
        0.8613333333333333
      ]
    },
    "1.0": {
      "mean": 0.8577777777777778,
      "std": 0.0062853936105470775,
      "values": [
        0.8533333333333334,
        0.8533333333333334,
        0.8666666666666667
      ]
    }
  },
  "0.2": {
    "0.0": {
      "mean": 0.33866666666666667,
      "std": 0.0,
      "values": [
        0.33866666666666667,
        0.33866666666666667,
        0.33866666666666667
      ]
    },
    "0.2": {
      "mean": 0.33866666666666667,
      "std": 0.0065319726474218145,
      "values": [
        0.33866666666666667,
        0.3466666666666667,
        0.33066666666666666
      ]
    },
    "0.4": {
      "mean": 0.3502222222222222,
      "std": 0.00699911811023272,
      "values": [
        0.36,
        0.344,
        0.3466666666666667
      ]
    },
    "0.6": {
      "mean": 0.3484444444444444,
      "std": 0.0025141574442188205,
      "values": [
        0.3466666666666667,
        0.352,
        0.3466666666666667
      ]
    },
    "0.8": {
      "mean": 0.3484444444444444,
      "std": 0.005479479113750213,
      "values": [
        0.34933333333333333,
        0.3546666666666667,
        0.3413333333333333
      ]
    },
    "1.0": {
      "mean": 0.35733333333333334,
      "std": 0.002177324215807256,
      "values": [
        0.36,
        0.3546666666666667,
        0.35733333333333334
      ]
    }
  },
  "0.4": {
    "0.0": {
      "mean": 0.28,
      "std": 0.0,
      "values": [
        0.28,
        0.28,
        0.28
      ]
    },
    "0.2": {
      "mean": 0.2933333333333334,
      "std": 0.005760658398584773,
      "values": [
        0.2906666666666667,
        0.30133333333333334,
        0.288
      ]
    },
    "0.4": {
      "mean": 0.29244444444444445,
      "std": 0.0025141574442188205,
      "values": [
        0.2906666666666667,
        0.296,
        0.2906666666666667
      ]
    },
    "0.6": {
      "mean": 0.29244444444444445,
      "std": 0.004532461789860269,
      "values": [
        0.288,
        0.2906666666666667,
        0.2986666666666667
      ]
    },
    "0.8": {
      "mean": 0.29155555555555557,
      "std": 0.0025141574442188465,
      "values": [
        0.29333333333333333,
        0.29333333333333333,
        0.288
      ]
    },
    "1.0": {
      "mean": 0.29777777777777775,
      "std": 0.003325917677132397,
      "values": [
        0.30133333333333334,
        0.29333333333333333,
        0.2986666666666667
      ]
    }
  },
  "0.6": {
    "0.0": {
      "mean": 0.312,
      "std": 0.0,
      "values": [
        0.312,
        0.312,
        0.312
      ]
    },
    "0.2": {
      "mean": 0.34400000000000003,
      "std": 0.005760658398584756,
      "values": [
        0.352,
        0.33866666666666667,
        0.3413333333333333
      ]
    },
    "0.4": {
      "mean": 0.33866666666666667,
      "std": 0.004354648431614535,
      "values": [
        0.3333333333333333,
        0.344,
        0.33866666666666667
      ]
    },
    "0.6": {
      "mean": 0.34755555555555556,
      "std": 0.003325917677132392,
      "values": [
        0.344,
        0.3466666666666667,
        0.352
      ]
    },
    "0.8": {
      "mean": 0.34400000000000003,
      "std": 0.0037712361663282566,
      "values": [
        0.3466666666666667,
        0.3466666666666667,
        0.33866666666666667
      ]
    },
    "1.0": {
      "mean": 0.35555555555555557,
      "std": 0.0025141574442188465,
      "values": [
        0.35733333333333334,
        0.35733333333333334,
        0.352
      ]
    }
  },
  "0.8": {
    "0.0": {
      "mean": 0.304,
      "std": 0.0,
      "values": [
        0.304,
        0.304,
        0.304
      ]
    },
    "0.2": {
      "mean": 0.2951111111111111,
      "std": 0.003325917677132392,
      "values": [
        0.2906666666666667,
        0.296,
        0.2986666666666667
      ]
    },
    "0.4": {
      "mean": 0.296,
      "std": 0.005760658398584782,
      "values": [
        0.30133333333333334,
        0.288,
        0.2986666666666667
      ]
    },
    "0.6": {
      "mean": 0.2995555555555555,
      "std": 0.0025141574442188465,
      "values": [
        0.296,
        0.30133333333333334,
        0.30133333333333334
      ]
    },
    "0.8": {
      "mean": 0.2995555555555556,
      "std": 0.0025141574442188465,
      "values": [
        0.30133333333333334,
        0.30133333333333334,
        0.296
      ]
    },
    "1.0": {
      "mean": 0.3022222222222222,
      "std": 0.0012570787221094103,
      "values": [
        0.304,
        0.30133333333333334,
        0.30133333333333334
      ]
    }
  },
  "1.0": {
    "0.0": {
      "mean": 0.3546666666666667,
      "std": 0.0,
      "values": [
        0.3546666666666667,
        0.3546666666666667,
        0.3546666666666667
      ]
    },
    "0.2": {
      "mean": 0.33688888888888885,
      "std": 0.0033259176771323917,
      "values": [
        0.3333333333333333,
        0.3413333333333333,
        0.336
      ]
    },
    "0.4": {
      "mean": 0.33155555555555555,
      "std": 0.003325917677132397,
      "values": [
        0.336,
        0.328,
        0.33066666666666666
      ]
    },
    "0.6": {
      "mean": 0.3342222222222222,
      "std": 0.0012570787221094365,
      "values": [
        0.3333333333333333,
        0.3333333333333333,
        0.336
      ]
    },
    "0.8": {
      "mean": 0.3413333333333333,
      "std": 0.002177324215807256,
      "values": [
        0.3413333333333333,
        0.344,
        0.33866666666666667
      ]
    },
    "1.0": {
      "mean": 0.33066666666666666,
      "std": 0.0037712361663282566,
      "values": [
        0.336,
        0.328,
        0.328
      ]
    }
  }
}