{
  "0.0": {
    "0.0": {
      "mean": 0.6906666666666667,
      "std": 0.0,
      "values": [
        0.6906666666666667,
        0.6906666666666667,
        0.6906666666666667
      ]
    },
    "0.2": {
      "mean": 0.648,
      "std": 0.009977753031397186,
      "values": [
        0.6453333333333333,
        0.6373333333333333,
        0.6613333333333333
      ]
    },
    "0.4": {
      "mean": 0.6346666666666666,
      "std": 0.0037712361663282566,
      "values": [
        0.632,
        0.632,
        0.64
      ]
    },
    "0.6": {
      "mean": 0.6284444444444445,
      "std": 0.004532461789860269,
      "values": [
        0.6346666666666667,
        0.624,
        0.6266666666666667
      ]
    },
    "0.8": {
      "mean": 0.632,
      "std": 0.009490736224027817,
      "values": [
        0.6186666666666667,
        0.6373333333333333,
        0.64
      ]
    },
    "1.0": {
      "mean": 0.6275555555555555,
      "std": 0.003325917677132392,
      "values": [
        0.624,
        0.6266666666666667,
        0.632
      ]
    }
  },
  "0.2": {
    "0.0": {
      "mean": 0.35733333333333334,
      "std": 0.0,
      "values": [
        0.35733333333333334,
        0.35733333333333334,
        0.35733333333333334
      ]
    },
    "0.2": {
      "mean": 0.3466666666666667,
      "std": 0.017822166805123045,
      "values": [
        0.352,
        0.36533333333333334,
        0.32266666666666666
      ]
    },
    "0.4": {
      "mean": 0.33155555555555555,
      "std": 0.021370338275860105,
      "values": [
        0.3466666666666667,
        0.30133333333333334,
        0.3466666666666667
      ]
    },
    "0.6": {
      "mean": 0.336,
      "std": 0.009490736224027827,
      "values": [
        0.32266666666666666,
        0.3413333333333333,
        0.344
      ]
    },
    "0.8": {
      "mean": 0.32888888888888884,
      "std": 0.01963619736388846,
      "values": [
        0.33066666666666666,
        0.352,
        0.304
      ]
    },
    "1.0": {
      "mean": 0.33688888888888896,
      "std": 0.0066518353542647695,
      "values": [
        0.328,
        0.33866666666666667,
        0.344
      ]
    }
  },
  "0.4": {
    "0.0": {
      "mean": 0.30666666666666664,
      "std": 0.0,
      "values": [
        0.30666666666666664,
        0.30666666666666664,
        0.30666666666666664
      ]
    },
    "0.2": {
      "mean": 0.29688888888888887,
      "std": 0.003325917677132397,
      "values": [
        0.296,
        0.30133333333333334,
        0.29333333333333333
      ]
    },
    "0.4": {
      "mean": 0.30044444444444446,
      "std": 0.003325917677132397,
      "values": [
        0.30133333333333334,
        0.304,
        0.296
      ]
    },
    "0.6": {
      "mean": 0.304,
      "std": 0.0,
      "values": [
        0.304,
        0.304,
        0.304
      ]
    },
    "0.8": {
      "mean": 0.30044444444444446,
      "std": 0.0025141574442188205,
      "values": [
        0.2986666666666667,
        0.2986666666666667,
        0.304
      ]
    },
    "1.0": {
      "mean": 0.304,
      "std": 0.0,
      "values": [
        0.304,
        0.304,
        0.304
      ]
    }
  },
  "0.6": {
    "0.0": {
      "mean": 0.37600000000000006,
      "std": 5.551115123125783e-17,
      "values": [
        0.376,
        0.376,
        0.376
      ]
    },
    "0.2": {
      "mean": 0.3848888888888889,
      "std": 0.004532461789860252,
      "values": [
        0.37866666666666665,
        0.3893333333333333,
        0.38666666666666666
      ]
    },
    "0.4": {
      "mean": 0.37777777777777777,
      "std": 0.008243216440440617,
      "values": [
        0.37066666666666664,
        0.37333333333333335,
        0.3893333333333333
      ]
    },
    "0.6": {
      "mean": 0.3662222222222222,
      "std": 0.006651835354264789,
      "values": [
        0.368,
        0.37333333333333335,
        0.35733333333333334
      ]
    },
    "0.8": {
      "mean": 0.3546666666666667,
      "std": 0.0037712361663282566,
      "values": [
        0.36,
        0.352,
        0.352
      ]
    },
    "1.0": {
      "mean": 0.3484444444444444,
      "std": 0.005479479113750213,
      "values": [
        0.34933333333333333,
        0.3413333333333333,
        0.3546666666666667
      ]
    }
  },
  "0.8": {
    "0.0": {
      "mean": 0.3333333333333333,
      "std": 0.0,
      "values": [
        0.3333333333333333,
        0.3333333333333333,
        0.3333333333333333
      ]
    },
    "0.2": {
      "mean": 0.31822222222222224,
      "std": 0.00981809868194424,
      "values": [
        0.33066666666666666,
        0.30666666666666664,
        0.31733333333333336
      ]
    },
    "0.4": {
      "mean": 0.3253333333333333,
      "std": 0.004354648431614535,
      "values": [
        0.32,
        0.33066666666666666,
        0.3253333333333333
      ]
    },
    "0.6": {
      "mean": 0.32,
      "std": 0.009977753031397186,
      "values": [
        0.32266666666666666,
        0.30666666666666664,
        0.33066666666666666
      ]
    },
    "0.8": {
      "mean": 0.32,
      "std": 0.007850454103402528,
      "values": [
        0.31733333333333336,
        0.312,
        0.33066666666666666
      ]
    },
    "1.0": {
      "mean": 0.30488888888888893,
      "std": 0.005479479113750192,
      "values": [
        0.312,
        0.2986666666666667,
        0.304
      ]
    }
  },
  "1.0": {
    "0.0": {
      "mean": 0.33866666666666667,
      "std": 0.0,
      "values": [
        0.33866666666666667,
        0.33866666666666667,
        0.33866666666666667
      ]
    },
    "0.2": {
      "mean": 0.34400000000000003,
      "std": 0.009977753031397186,
      "values": [
        0.33066666666666666,
        0.3546666666666667,
        0.3466666666666667
      ]
    },
    "0.4": {
      "mean": 0.336,
      "std": 0.011313708498984745,
      "values": [
        0.352,
        0.328,
        0.328
      ]
    },
    "0.6": {
      "mean": 0.33155555555555555,
      "std": 0.011991766722872922,
      "values": [
        0.31733333333333336,
        0.3466666666666667,
        0.33066666666666666
      ]
    },
    "0.8": {
      "mean": 0.3351111111111111,
      "std": 0.00699911811023273,
      "values": [
        0.3253333333333333,
        0.3413333333333333,
        0.33866666666666667
      ]
    },
    "1.0": {
      "mean": 0.3271111111111111,
      "std": 0.004532461789860252,
      "values": [
        0.32266666666666666,
        0.3253333333333333,
        0.3333333333333333
      ]
    }
  }
}