{
  "epoch": [
    0.0,
    1.0,
    2.0,
    3.0,
    4.0,
    5.0,
    6.0
  ],
  "train_loss": [
    448.3683823805589,
    400.45289905254657,
    398.98751654991736,
    397.50472552959735,
    396.43607212946966,
    394.32712613619293,
    391.6226073044997
  ],
  "val_loss": [
    373.082517351423,
    369.770008632115,
    369.246082850865,
    368.0475071498326,
    366.2328622000558,
    364.49074009486606,
    362.06285095214844
  ],
  "val_acc": [
    0.047619047619047616,
    0.0463980463980464,
    0.045177045177045176,
    0.05128205128205128,
    0.05982905982905983,
    0.06227106227106227,
    0.08669108669108669
  ],
  "delay_mean": [
    0.310238778591156,
    0.29094475507736206,
    0.3036544620990753,
    0.3297246992588043,
    0.34202390909194946,
    0.3762511909008026,
    0.39596015214920044
  ]
}