{
  "epoch": [
    0.0,
    1.0,
    2.0,
    3.0,
    4.0,
    5.0,
    6.0
  ],
  "train_loss": [
    433.64240930435506,
    398.13932183448304,
    390.6965507344997,
    386.304691395861,
    382.18495665205285,
    375.1225124927277,
    371.5508072224069
  ],
  "val_loss": [
    392.89480845133465,
    386.1925048828125,
    381.1589711507161,
    379.12501017252606,
    374.8131332397461,
    366.18604787190753,
    362.06459045410156
  ],
  "val_acc": [
    0.0527369826435247,
    0.0774365821094793,
    0.1048064085447263,
    0.11214953271028037,
    0.17823765020026702,
    0.19225634178905207,
    0.22897196261682243
  ],
  "delay_mean": [
    0.25734180212020874,
    0.27907633781433105,
    0.29731446504592896,
    0.36460739374160767,
    0.4504258632659912,
    0.6885849833488464,
    0.8674476742744446
  ]
}