{
  "epoch": [
    0.0,
    1.0,
    2.0,
    3.0,
    4.0,
    5.0,
    6.0
  ],
  "train_loss": [
    599.7600261981671,
    599.7600285456731,
    599.7600285456731,
    599.7600261981671,
    564.5203117957482,
    400.54337721604566,
    395.4271251971905
  ],
  "val_loss": [
    556.9200265066964,
    556.9200265066964,
    556.9200265066964,
    556.9200265066964,
    390.3428758893694,
    371.27429635184154,
    367.55929129464283
  ],
  "val_acc": [
    0.0463980463980464,
    0.0463980463980464,
    0.0463980463980464,
    0.0463980463980464,
    0.05128205128205128,
    0.05860805860805861,
    0.05372405372405373
  ],
  "delay_mean": [
    0.4811471700668335,
    0.48152002692222595,
    0.48151516914367676,
    0.4768613576889038,
    0.44492197036743164,
    0.4626031517982483,
    0.5360982418060303
  ]
}