{
  "epoch": [
    0.0,
    1.0,
    2.0,
    3.0,
    4.0,
    5.0,
    6.0
  ],
  "train_loss": [
    453.56666337682844,
    402.5197507168384,
    397.53793594685004,
    392.1945307305519,
    389.6435215726812,
    385.4080933915808,
    378.8788893679355
  ],
  "val_loss": [
    398.24688212076825,
    392.12147267659503,
    386.33313751220703,
    384.7795817057292,
    380.3614756266276,
    373.61687723795575,
    368.6443837483724
  ],
  "val_acc": [
    0.056742323097463285,
    0.06608811748998665,
    0.11815754339118825,
    0.12349799732977303,
    0.10947930574098798,
    0.16421895861148197,
    0.19359145527369825
  ],
  "delay_mean": [
    0.23970085382461548,
    0.272090882062912,
    0.37056243419647217,
    0.4650819003582001,
    0.5287033915519714,
    0.6277484893798828,
    0.8185659050941467
  ]
}