{
  "0": {
    "mean": 0.6265865063460254,
    "std": 0.0,
    "values": [
      0.6265865063460254,
      0.6265865063460254,
      0.6265865063460254
    ]
  },
  "1": {
    "mean": 0.10354041416165664,
    "std": 0.002181687590989246,
    "values": [
      0.1062124248496994,
      0.10354041416165664,
      0.1008684034736139
    ]
  },
  "3": {
    "mean": 0.11177911378312179,
    "std": 0.003332582842818032,
    "values": [
      0.11088844355377421,
      0.11623246492985972,
      0.10821643286573146
    ]
  },
  "5": {
    "mean": 0.14117123135159207,
    "std": 0.007947703539334112,
    "values": [
      0.13026052104208416,
      0.14896459585838343,
      0.14428857715430862
    ]
  },
  "10": {
    "mean": 0.13360053440213762,
    "std": 0.0052029932957238555,
    "values": [
      0.1402805611222445,
      0.12758851035404142,
      0.13293253173012692
    ]
  },
  "15": {
    "mean": 0.13204186150077935,
    "std": 0.006552633698313143,
    "values": [
      0.13159652638610556,
      0.1402805611222445,
      0.12424849699398798
    ]
  },
  "20": {
    "mean": 0.1407258962369183,
    "std": 0.010150319590328643,
    "values": [
      0.12758851035404142,
      0.14228456913827656,
      0.1523046092184369
    ]
  },
  "25": {
    "mean": 0.12669784012469384,
    "std": 0.0027988877955859646,
    "values": [
      0.1229124916499666,
      0.12758851035404142,
      0.1295925183700735
    ]
  }
}