{
  "epoch": [
    0.0,
    1.0,
    2.0,
    3.0,
    4.0,
    5.0,
    6.0
  ],
  "train_loss": [
    599.7600261981671,
    599.7600285456731,
    599.7600285456731,
    512.7961695744441,
    392.97712766207184,
    390.28115727351263,
    388.58568162184497
  ],
  "val_loss": [
    556.9200265066964,
    556.9200265066964,
    556.9200265066964,
    369.0739310128348,
    362.66429138183594,
    361.25607517787387,
    361.6150163922991
  ],
  "val_acc": [
    0.0463980463980464,
    0.0463980463980464,
    0.0463980463980464,
    0.04884004884004884,
    0.06837606837606838,
    0.057387057387057384,
    0.06715506715506715
  ],
  "delay_mean": [
    0.4810962677001953,
    0.4811648726463318,
    0.47855716943740845,
    0.4365505278110504,
    0.8209617137908936,
    1.0291767120361328,
    1.153727650642395
  ]
}