{
  "epoch": [
    0.0,
    1.0,
    2.0,
    3.0,
    4.0,
    5.0,
    6.0
  ],
  "train_loss": [
    454.17674842247595,
    402.04203737699066,
    399.82530212402344,
    398.9465572650616,
    398.20982243464545,
    396.8970372126653,
    395.47991708608777
  ],
  "val_loss": [
    374.3968048095703,
    370.9153812953404,
    370.37144252232144,
    370.1400146484375,
    369.43572780064176,
    366.69214303152904,
    365.2385907854353
  ],
  "val_acc": [
    0.042735042735042736,
    0.045177045177045176,
    0.047619047619047616,
    0.03296703296703297,
    0.0463980463980464,
    0.052503052503052504,
    0.07081807081807082
  ],
  "delay_mean": [
    0.3024671673774719,
    0.29540586471557617,
    0.28846052289009094,
    0.3094315528869629,
    0.33639317750930786,
    0.3881874978542328,
    0.38128361105918884
  ]
}