{
  "epoch": [
    0.0,
    1.0,
    2.0,
    3.0,
    4.0,
    5.0,
    6.0
  ],
  "train_loss": [
    435.5474613270861,
    398.6042149320562,
    390.59006776200965,
    387.5027258041057,
    384.05229998649435,
    378.3140031530502,
    374.005438622008
  ],
  "val_loss": [
    392.68396759033203,
    387.26709747314453,
    380.43250274658203,
    377.62522379557294,
    373.2377243041992,
    367.34230041503906,
    365.0177179972331
  ],
  "val_acc": [
    0.049399198931909215,
    0.06475300400534045,
    0.11348464619492657,
    0.14152202937249667,
    0.16488651535380508,
    0.20226969292389854,
    0.2162883845126836
  ],
  "delay_mean": [
    0.0,
    0.0,
    0.0,
    0.0,
    0.0,
    0.0,
    0.0
  ]
}