{
  "epoch": [
    0.0,
    1.0,
    2.0,
    3.0,
    4.0,
    5.0,
    6.0,
    7.0,
    8.0,
    9.0,
    10.0,
    11.0,
    12.0,
    13.0,
    14.0,
    15.0,
    16.0,
    17.0,
    18.0,
    19.0
  ],
  "train_loss": [
    598.3412949582364,
    532.6234565897191,
    447.540009194232,
    413.79650034803024,
    410.39549287836604,
    406.9663469030502,
    405.2375663594997,
    401.87793812853226,
    399.74144858502325,
    398.4581532579787,
    397.39219633061833,
    396.3717657860289,
    394.6845878438747,
    394.3519787078208,
    394.22500999937665,
    392.7803351219664,
    392.91421249064996,
    392.38016915828626,
    390.80591274829624,
    390.1135734395778
  ],
  "val_loss": [
    546.1872812906901,
    455.02355702718097,
    413.7227147420247,
    402.86022186279297,
    403.13854726155597,
    397.89230092366535,
    397.14563751220703,
    392.02417755126953,
    390.9837646484375,
    389.8762664794922,
    388.9479344685872,
    388.9385503133138,
    386.5472997029622,
    385.8431396484375,
    385.39021555582684,
    385.46606190999347,
    383.9143829345703,
    383.2020950317383,
    382.75438181559247,
    383.3187510172526
  ],
  "val_acc": [
    0.050066755674232306,
    0.04539385847797063,
    0.050734312416555405,
    0.04739652870493992,
    0.056074766355140186,
    0.06074766355140187,
    0.07810413885180241,
    0.09012016021361816,
    0.0801068090787717,
    0.08811748998664887,
    0.09279038718291055,
    0.10614152202937249,
    0.11415220293724966,
    0.11348464619492657,
    0.09813084112149532,
    0.11214953271028037,
    0.12149532710280374,
    0.1268357810413885,
    0.12817089452603472,
    0.1081441922563418
  ],
  "delay_mean": [
    0.4770042896270752,
    0.47305718064308167,
    0.47051408886909485,
    0.4760230481624603,
    0.4770013689994812,
    0.48575031757354736,
    0.4819948375225067,
    0.49842801690101624,
    0.5278891921043396,
    0.5604838132858276,
    0.5637463927268982,
    0.585608184337616,
    0.5874708890914917,
    0.6039475202560425,
    0.6163045763969421,
    0.6260137557983398,
    0.6301717162132263,
    0.6298542618751526,
    0.6424044370651245,
    0.6474348902702332
  ]
}