{
  "0": {
    "mean": 0.43345543345543347,
    "std": 0.0,
    "values": [
      0.43345543345543347,
      0.43345543345543347,
      0.43345543345543347
    ]
  },
  "1": {
    "mean": 0.44770044770044765,
    "std": 0.007548733004066506,
    "values": [
      0.4371184371184371,
      0.4517704517704518,
      0.4542124542124542
    ]
  },
  "3": {
    "mean": 0.4346764346764347,
    "std": 0.003594530267125688,
    "values": [
      0.43956043956043955,
      0.43345543345543347,
      0.43101343101343104
    ]
  },
  "5": {
    "mean": 0.43101343101343104,
    "std": 0.009510233166909163,
    "values": [
      0.4432234432234432,
      0.42002442002442003,
      0.4297924297924298
    ]
  },
  "10": {
    "mean": 0.37525437525437527,
    "std": 0.007548733004066506,
    "values": [
      0.3711843711843712,
      0.38583638583638585,
      0.36874236874236876
    ]
  },
  "17": {
    "mean": 0.38827838827838823,
    "std": 0.00869115038830387,
    "values": [
      0.37606837606837606,
      0.39316239316239315,
      0.3956043956043956
    ]
  },
  "25": {
    "mean": 0.3475783475783476,
    "std": 0.015326146018528879,
    "values": [
      0.326007326007326,
      0.3601953601953602,
      0.35653235653235654
    ]
  }
}