{
  "epoch": [
    0.0,
    1.0,
    2.0,
    3.0,
    4.0,
    5.0,
    6.0
  ],
  "train_loss": [
    448.2287726769081,
    400.4876174926758,
    398.9527089045598,
    398.4182844895583,
    397.9039576603816,
    397.1010701106145,
    396.0057842548077
  ],
  "val_loss": [
    372.8553771972656,
    371.9368111746652,
    369.70358494349887,
    369.7289385114397,
    369.140372140067,
    367.85572378976,
    365.9678693498884
  ],
  "val_acc": [
    0.052503052503052504,
    0.047619047619047616,
    0.045177045177045176,
    0.042735042735042736,
    0.04395604395604396,
    0.05372405372405373,
    0.06593406593406594
  ],
  "delay_mean": [
    0.0,
    0.0,
    0.0,
    0.0,
    0.0,
    0.0,
    0.0
  ]
}