{
  "0": {
    "mean": 0.571810287241149,
    "std": 0.0,
    "values": [
      0.571810287241149,
      0.571810287241149,
      0.571810287241149
    ]
  },
  "1": {
    "mean": 0.5448675128033845,
    "std": 0.010664822992498803,
    "values": [
      0.5557782231128925,
      0.5303941215764864,
      0.5484301937207748
    ]
  },
  "3": {
    "mean": 0.4397684257403696,
    "std": 0.007796544822984461,
    "values": [
      0.45023380093520377,
      0.43754175016700064,
      0.4315297261189045
    ]
  },
  "5": {
    "mean": 0.3720774883099533,
    "std": 0.002377438933874722,
    "values": [
      0.37074148296593185,
      0.3700734802939212,
      0.3754175016700067
    ]
  },
  "10": {
    "mean": 0.27677577376976176,
    "std": 0.0063684478495101655,
    "values": [
      0.269873079492318,
      0.27521710086840345,
      0.2852371409485638
    ]
  },
  "17": {
    "mean": 0.20351814740592297,
    "std": 0.0061304386096353615,
    "values": [
      0.2017368069472278,
      0.19706078824315298,
      0.21175684702738812
    ]
  },
  "25": {
    "mean": 0.15742596303718548,
    "std": 0.011458187780243694,
    "values": [
      0.14362057448229792,
      0.17167668670674682,
      0.1569806279225117
    ]
  }
}