{
  "0": {
    "mean": 0.2972611890447562,
    "std": 0.0,
    "values": [
      0.2972611890447562,
      0.2972611890447562,
      0.2972611890447562
    ]
  },
  "1": {
    "mean": 0.26497439323090627,
    "std": 0.0017532860997577005,
    "values": [
      0.2625250501002004,
      0.26586506346025385,
      0.2665330661322645
    ]
  },
  "3": {
    "mean": 0.2629703852148742,
    "std": 0.005780786010130118,
    "values": [
      0.27054108216432865,
      0.2618570474281897,
      0.2565130260521042
    ]
  },
  "5": {
    "mean": 0.27365842796704515,
    "std": 0.005155126654549207,
    "values": [
      0.2758851035404142,
      0.2785571142284569,
      0.2665330661322645
    ]
  },
  "10": {
    "mean": 0.2627477176575373,
    "std": 0.00328764708533365,
    "values": [
      0.25851703406813625,
      0.2631930527722111,
      0.2665330661322645
    ]
  },
  "17": {
    "mean": 0.19394344244043646,
    "std": 0.006321562933234635,
    "values": [
      0.18570474281897129,
      0.19505678022712092,
      0.2010688042752171
    ]
  },
  "25": {
    "mean": 0.17145401914940991,
    "std": 0.005297429193217685,
    "values": [
      0.1730126920507682,
      0.16432865731462926,
      0.17702070808283232
    ]
  }
}