{
  "0": {
    "mean": 0.054945054945054944,
    "std": 0.0,
    "values": [
      0.054945054945054944,
      0.054945054945054944,
      0.054945054945054944
    ]
  },
  "1": {
    "mean": 0.06267806267806268,
    "std": 0.0025089190081273812,
    "values": [
      0.06593406593406594,
      0.05982905982905983,
      0.06227106227106227
    ]
  },
  "3": {
    "mean": 0.05982905982905983,
    "std": 0.000996943322256075,
    "values": [
      0.05982905982905983,
      0.06105006105006105,
      0.05860805860805861
    ]
  },
  "5": {
    "mean": 0.08913308913308914,
    "std": 0.0034535129728280652,
    "values": [
      0.09157509157509157,
      0.08424908424908426,
      0.09157509157509157
    ]
  },
  "10": {
    "mean": 0.07977207977207977,
    "std": 0.002302341981885379,
    "values": [
      0.07814407814407814,
      0.07814407814407814,
      0.08302808302808302
    ]
  },
  "17": {
    "mean": 0.08465608465608465,
    "std": 0.006486519108876364,
    "values": [
      0.08424908424908426,
      0.0927960927960928,
      0.07692307692307693
    ]
  },
  "25": {
    "mean": 0.08017908017908018,
    "std": 0.009986035121192753,
    "values": [
      0.07936507936507936,
      0.06837606837606838,
      0.0927960927960928
    ]
  }
}