{
  "0": {
    "mean": 0.7728937728937729,
    "std": 0.0,
    "values": [
      0.7728937728937729,
      0.7728937728937729,
      0.7728937728937729
    ]
  },
  "1": {
    "mean": 0.7305657305657306,
    "std": 0.0035011498848362688,
    "values": [
      0.7301587301587301,
      0.7264957264957265,
      0.7350427350427351
    ]
  },
  "3": {
    "mean": 0.6528286528286529,
    "std": 0.008360862264621108,
    "values": [
      0.6410256410256411,
      0.6581196581196581,
      0.6593406593406593
    ]
  },
  "5": {
    "mean": 0.6243386243386243,
    "std": 0.005490735678971101,
    "values": [
      0.6312576312576312,
      0.6178266178266179,
      0.6239316239316239
    ]
  },
  "10": {
    "mean": 0.49369149369149373,
    "std": 0.011810026966664134,
    "values": [
      0.48595848595848595,
      0.48473748473748474,
      0.5103785103785103
    ]
  },
  "17": {
    "mean": 0.4163614163614164,
    "std": 0.0192283464566833,
    "values": [
      0.3894993894993895,
      0.4261294261294261,
      0.43345543345543347
    ]
  },
  "25": {
    "mean": 0.38135938135938136,
    "std": 0.012623575432861862,
    "values": [
      0.3785103785103785,
      0.36752136752136755,
      0.398046398046398
    ]
  }
}