{
  "0": {
    "mean": 0.8637274549098196,
    "std": 0.0,
    "values": [
      0.8637274549098196,
      0.8637274549098196,
      0.8637274549098196
    ]
  },
  "1": {
    "mean": 0.41416165664662663,
    "std": 0.0009446984384589823,
    "values": [
      0.41282565130260523,
      0.4148296593186373,
      0.4148296593186373
    ]
  },
  "3": {
    "mean": 0.34335337341349365,
    "std": 0.009011848739633972,
    "values": [
      0.35070140280561124,
      0.3306613226452906,
      0.3486973947895792
    ]
  },
  "5": {
    "mean": 0.29948786461812515,
    "std": 0.010135655022704125,
    "values": [
      0.3132932531730127,
      0.2892451569806279,
      0.2959251837007348
    ]
  },
  "10": {
    "mean": 0.3081718993542641,
    "std": 0.0035065721995153915,
    "values": [
      0.30995323981295925,
      0.3032732130928524,
      0.31128924515698064
    ]
  },
  "17": {
    "mean": 0.295479848586061,
    "std": 0.0042365392096282515,
    "values": [
      0.29124916499666,
      0.3012692050768203,
      0.2939211756847027
    ]
  },
  "25": {
    "mean": 0.27633043865508794,
    "std": 0.004574179154792724,
    "values": [
      0.269873079492318,
      0.2792251169004676,
      0.2798931195724783
    ]
  }
}