{
  "0": {
    "mean": 0.052503052503052504,
    "std": 0.0,
    "values": [
      0.052503052503052504,
      0.052503052503052504,
      0.052503052503052504
    ]
  },
  "1": {
    "mean": 0.052096052096052094,
    "std": 0.002302341981885382,
    "values": [
      0.04884004884004884,
      0.05372405372405373,
      0.05372405372405373
    ]
  },
  "3": {
    "mean": 0.05657305657305658,
    "std": 0.0035011498848362328,
    "values": [
      0.06105006105006105,
      0.052503052503052504,
      0.05616605616605617
    ]
  },
  "5": {
    "mean": 0.05453805453805454,
    "std": 0.0015228560792730735,
    "values": [
      0.05616605616605617,
      0.054945054945054944,
      0.052503052503052504
    ]
  },
  "10": {
    "mean": 0.06471306471306472,
    "std": 0.003594530267125703,
    "values": [
      0.0695970695970696,
      0.06105006105006105,
      0.06349206349206349
    ]
  },
  "17": {
    "mean": 0.056980056980056974,
    "std": 0.011116402347372946,
    "values": [
      0.06227106227106227,
      0.06715506715506715,
      0.04151404151404151
    ]
  },
  "25": {
    "mean": 0.07122507122507123,
    "std": 0.0005755854954713431,
    "values": [
      0.07081807081807082,
      0.07081807081807082,
      0.07203907203907203
    ]
  }
}