{
  "epoch": [
    0.0,
    1.0,
    2.0,
    3.0,
    4.0,
    5.0,
    6.0
  ],
  "train_loss": [
    599.7600261981671,
    599.7600285456731,
    599.7600285456731,
    599.592043363131,
    407.75665048452527,
    391.25914353590747,
    389.86760770357574
  ],
  "val_loss": [
    556.9200265066964,
    556.9200265066964,
    556.9200265066964,
    506.52462114606584,
    365.78216770717074,
    362.11714826311385,
    362.26143973214283
  ],
  "val_acc": [
    0.0463980463980464,
    0.0463980463980464,
    0.0463980463980464,
    0.03663003663003663,
    0.045177045177045176,
    0.05860805860805861,
    0.06715506715506715
  ],
  "delay_mean": [
    0.481139600276947,
    0.48144638538360596,
    0.48063433170318604,
    0.4357125163078308,
    0.43385499715805054,
    0.732634961605072,
    0.8519505262374878
  ]
}