{
  "epoch": [
    0.0,
    1.0,
    2.0,
    3.0,
    4.0,
    5.0,
    6.0
  ],
  "train_loss": [
    442.4692739933095,
    399.1195808572972,
    392.291924659242,
    387.7343178607048,
    382.3937319491772,
    375.4490525265957,
    371.7531478557181
  ],
  "val_loss": [
    394.3816731770833,
    387.10646565755206,
    381.6600112915039,
    378.68188222249347,
    372.02917226155597,
    365.79834238688153,
    362.3718846638997
  ],
  "val_acc": [
    0.05740987983978638,
    0.09746328437917223,
    0.12149532710280374,
    0.14619492656875835,
    0.19025367156208278,
    0.20627503337783712,
    0.24899866488651534
  ],
  "delay_mean": [
    0.22424417734146118,
    0.2684592008590698,
    0.3436981439590454,
    0.41434329748153687,
    0.4598701596260071,
    0.6416820883750916,
    0.806456983089447
  ]
}