{
  "epoch": [
    0.0,
    1.0,
    2.0,
    3.0,
    4.0,
    5.0,
    6.0
  ],
  "train_loss": [
    465.83895521897534,
    404.1212686391977,
    400.52049724872296,
    398.8857820951022,
    397.297614464393,
    394.902699984037,
    392.7889562753531
  ],
  "val_loss": [
    376.89680916922435,
    371.0635877336775,
    370.5643005371094,
    369.0303715297154,
    366.87501525878906,
    364.5521545410156,
    363.3185817173549
  ],
  "val_acc": [
    0.04151404151404151,
    0.05372405372405373,
    0.04395604395604396,
    0.054945054945054944,
    0.057387057387057384,
    0.07448107448107448,
    0.08913308913308914
  ],
  "delay_mean": [
    0.3091948628425598,
    0.30837833881378174,
    0.3128015697002411,
    0.34290429949760437,
    0.34684693813323975,
    0.35796433687210083,
    0.37182655930519104
  ]
}