{
  "0": {
    "mean": 0.6996336996336995,
    "std": 1.1102230246251565e-16,
    "values": [
      0.6996336996336996,
      0.6996336996336996,
      0.6996336996336996
    ]
  },
  "1": {
    "mean": 0.3321123321123321,
    "std": 0.010966376544816839,
    "values": [
      0.3321123321123321,
      0.31868131868131866,
      0.34554334554334554
    ]
  },
  "3": {
    "mean": 0.2596662596662596,
    "std": 0.005115915787536244,
    "values": [
      0.25274725274725274,
      0.26495726495726496,
      0.2612942612942613
    ]
  },
  "5": {
    "mean": 0.2266992266992267,
    "std": 0.004917804629057622,
    "values": [
      0.23076923076923078,
      0.22954822954822954,
      0.21978021978021978
    ]
  },
  "10": {
    "mean": 0.2336182336182336,
    "std": 0.006486519108876364,
    "values": [
      0.23321123321123322,
      0.24175824175824176,
      0.2258852258852259
    ]
  },
  "17": {
    "mean": 0.23036223036223036,
    "std": 0.005490735678971112,
    "values": [
      0.23687423687423687,
      0.23076923076923078,
      0.22344322344322345
    ]
  },
  "25": {
    "mean": 0.20553520553520555,
    "std": 0.014424131173520024,
    "values": [
      0.19658119658119658,
      0.19413919413919414,
      0.2258852258852259
    ]
  }
}