{
  "0": {
    "mean": 0.8891115564462257,
    "std": 0.0,
    "values": [
      0.8891115564462257,
      0.8891115564462257,
      0.8891115564462257
    ]
  },
  "1": {
    "mean": 0.8819861946114451,
    "std": 0.004093693233322274,
    "values": [
      0.8877755511022044,
      0.8790915163660654,
      0.8790915163660654
    ]
  },
  "3": {
    "mean": 0.8530394121576487,
    "std": 0.0038179532842311918,
    "values": [
      0.8496993987975952,
      0.8583834335337341,
      0.8510354041416166
    ]
  },
  "5": {
    "mean": 0.8269873079492318,
    "std": 0.004660086737131221,
    "values": [
      0.8209752839011356,
      0.8276553106212425,
      0.8323313293253173
    ]
  },
  "10": {
    "mean": 0.8000445335114673,
    "std": 0.0045415448796194725,
    "values": [
      0.8062792251169004,
      0.7982631930527722,
      0.7955911823647295
    ]
  },
  "17": {
    "mean": 0.7532843464707192,
    "std": 0.008096040508883467,
    "values": [
      0.7448229792919172,
      0.7641950567802271,
      0.7508350033400134
    ]
  },
  "25": {
    "mean": 0.7112001781340459,
    "std": 0.00764239692795839,
    "values": [
      0.7207748830995324,
      0.7107548430193721,
      0.7020708082832331
    ]
  }
}