{
  "epoch": [
    0.0,
    1.0,
    2.0,
    3.0,
    4.0,
    5.0,
    6.0
  ],
  "train_loss": [
    442.1674229548528,
    400.93424929105316,
    399.499629680927,
    398.88309302696814,
    398.25924623929535,
    397.18799884502704,
    395.93665372408356
  ],
  "val_loss": [
    373.51680646623885,
    371.85107421875,
    371.0289524623326,
    371.33573041643416,
    369.66858564104353,
    369.06966073172435,
    367.8118002755301
  ],
  "val_acc": [
    0.045177045177045176,
    0.04395604395604396,
    0.04395604395604396,
    0.04884004884004884,
    0.052503052503052504,
    0.06349206349206349,
    0.06105006105006105
  ],
  "delay_mean": [
    0.0,
    0.0,
    0.0,
    0.0,
    0.0,
    0.0,
    0.0
  ]
}