{
  "epoch": [
    0.0,
    1.0,
    2.0,
    3.0,
    4.0,
    5.0,
    6.0
  ],
  "train_loss": [
    599.7600261981671,
    599.7600285456731,
    599.7600285456731,
    599.7600261981671,
    581.1458857609675,
    413.4208784836989,
    398.1381830068735
  ],
  "val_loss": [
    556.9200265066964,
    556.9200265066964,
    556.9200265066964,
    556.9200265066964,
    421.6475285121373,
    380.8760724748884,
    369.3914358956473
  ],
  "val_acc": [
    0.0463980463980464,
    0.0463980463980464,
    0.0463980463980464,
    0.0463980463980464,
    0.0463980463980464,
    0.06349206349206349,
    0.03663003663003663
  ],
  "delay_mean": [
    0.4811290502548218,
    0.4814753234386444,
    0.4812408983707428,
    0.47548502683639526,
    0.4567944407463074,
    0.4779056906700134,
    0.5138890147209167
  ]
}