{
  "0": {
    "mean": 0.3797313797313797,
    "std": 0.0,
    "values": [
      0.3797313797313797,
      0.3797313797313797,
      0.3797313797313797
    ]
  },
  "1": {
    "mean": 0.1794871794871795,
    "std": 0.006978603255792526,
    "values": [
      0.17338217338217338,
      0.18925518925518925,
      0.17582417582417584
    ]
  },
  "3": {
    "mean": 0.1326821326821327,
    "std": 0.003501149884836244,
    "values": [
      0.1282051282051282,
      0.13675213675213677,
      0.1330891330891331
    ]
  },
  "5": {
    "mean": 0.15384615384615385,
    "std": 0.011497311267257247,
    "values": [
      0.15873015873015872,
      0.13797313797313798,
      0.16483516483516483
    ]
  },
  "10": {
    "mean": 0.15954415954415954,
    "std": 0.007002299769672477,
    "values": [
      0.1514041514041514,
      0.1684981684981685,
      0.15873015873015872
    ]
  },
  "17": {
    "mean": 0.185999185999186,
    "std": 0.003774366502033253,
    "values": [
      0.1807081807081807,
      0.18803418803418803,
      0.18925518925518925
    ]
  },
  "25": {
    "mean": 0.1693121693121693,
    "std": 0.010659992554911516,
    "values": [
      0.16117216117216118,
      0.18437118437118438,
      0.1623931623931624
    ]
  }
}