{
  "epoch": [
    0.0,
    1.0,
    2.0,
    3.0,
    4.0,
    5.0,
    6.0
  ],
  "train_loss": [
    462.30113187749333,
    405.33602515687335,
    400.8823482432264,
    395.8861272284325,
    391.94692473715924,
    388.2241048609957,
    386.2338412670379
  ],
  "val_loss": [
    400.3312530517578,
    398.11270904541016,
    397.1408437093099,
    389.5393829345703,
    384.8883361816406,
    378.53167724609375,
    377.08458709716797
  ],
  "val_acc": [
    0.043391188251001335,
    0.06675567423230974,
    0.10013351134846461,
    0.1048064085447263,
    0.1341789052069426,
    0.14886515353805074,
    0.1795727636849132
  ],
  "delay_mean": [
    0.2507883310317993,
    0.30059799551963806,
    0.3996998369693756,
    0.5523006319999695,
    0.7233604192733765,
    0.7500581741333008,
    0.8670021295547485
  ]
}