{
  "epoch": [
    0.0,
    1.0,
    2.0,
    3.0,
    4.0,
    5.0,
    6.0
  ],
  "train_loss": [
    457.1704406738281,
    402.10937435068985,
    397.54936835106383,
    393.10352536465257,
    390.0639453644448,
    386.902347645861,
    384.3147433666473
  ],
  "val_loss": [
    397.0060551961263,
    391.55438741048175,
    385.3127136230469,
    382.2014694213867,
    379.35875701904297,
    375.805425008138,
    375.98605092366535
  ],
  "val_acc": [
    0.06408544726301736,
    0.06408544726301736,
    0.11281708945260348,
    0.12416555407209613,
    0.14619492656875835,
    0.15153538050734314,
    0.157543391188251
  ],
  "delay_mean": [
    0.0,
    0.0,
    0.0,
    0.0,
    0.0,
    0.0,
    0.0
  ]
}