{
  "epoch": [
    0.0,
    1.0,
    2.0,
    3.0,
    4.0,
    5.0,
    6.0
  ],
  "train_loss": [
    433.80799508602064,
    398.9259701992603,
    392.2334692123088,
    387.798948247382,
    385.28112338451626,
    380.3533071964345,
    374.7676170836104
  ],
  "val_loss": [
    392.5850067138672,
    388.24939219156903,
    381.30189005533856,
    378.53938547770184,
    375.85396575927734,
    368.4998016357422,
    365.33313751220703
  ],
  "val_acc": [
    0.050066755674232306,
    0.08411214953271028,
    0.1081441922563418,
    0.12349799732977303,
    0.14552736982643524,
    0.1835781041388518,
    0.2356475300400534
  ],
  "delay_mean": [
    0.0,
    0.0,
    0.0,
    0.0,
    0.0,
    0.0,
    0.0
  ]
}