{
  "epoch": [
    0.0,
    1.0,
    2.0,
    3.0,
    4.0,
    5.0,
    6.0,
    7.0,
    8.0,
    9.0,
    10.0,
    11.0,
    12.0,
    13.0,
    14.0,
    15.0,
    16.0,
    17.0,
    18.0,
    19.0
  ],
  "train_loss": [
    596.1845410935422,
    516.5481905024102,
    443.88549869618515,
    413.6264479616855,
    412.3892679417387,
    408.9162311959774,
    406.15863231902426,
    402.601874168883,
    400.3252803721326,
    398.2482579008062,
    396.77506402198304,
    394.8870375612949,
    394.10144627347904,
    393.58958857110207,
    393.44331587121843,
    392.527617758893,
    392.8997432627576,
    392.1299074862866,
    390.98001293425864,
    390.71288932637964
  ],
  "val_loss": [
    537.7041575113932,
    454.16710408528644,
    408.91959381103516,
    406.9300053914388,
    406.52918243408203,
    401.8821029663086,
    397.96709696451825,
    392.15896860758465,
    391.2581329345703,
    389.06396738688153,
    388.74021911621094,
    386.26646423339844,
    386.0741729736328,
    385.52147420247394,
    384.38521575927734,
    384.9137674967448,
    384.1568832397461,
    384.16543833414715,
    382.5481363932292,
    382.2056401570638
  ],
  "val_acc": [
    0.050066755674232306,
    0.050734312416555405,
    0.04138851802403204,
    0.04672897196261682,
    0.0527369826435247,
    0.0520694259012016,
    0.08210947930574099,
    0.08678237650200267,
    0.08411214953271028,
    0.1081441922563418,
    0.08611481975967958,
    0.1048064085447263,
    0.1054739652870494,
    0.11415220293724966,
    0.11815754339118825,
    0.11548731642189586,
    0.11815754339118825,
    0.12082777036048065,
    0.12082777036048065,
    0.1341789052069426
  ],
  "delay_mean": [
    0.47960567474365234,
    0.47807952761650085,
    0.4716322720050812,
    0.4713829457759857,
    0.5016069412231445,
    0.510223388671875,
    0.5216718912124634,
    0.536041259765625,
    0.5373340845108032,
    0.54520183801651,
    0.5787992477416992,
    0.6045011281967163,
    0.619014322757721,
    0.6108261942863464,
    0.6243702173233032,
    0.6390804648399353,
    0.6430964469909668,
    0.6461784243583679,
    0.6435533761978149,
    0.6479431986808777
  ]
}