{
  "epoch": [
    0.0,
    1.0,
    2.0,
    3.0,
    4.0,
    5.0,
    6.0
  ],
  "train_loss": [
    450.1375128563414,
    399.8694302173371,
    392.7365527863198,
    389.430596534242,
    385.95426583797376,
    381.3764953613281,
    375.95213674991686
  ],
  "val_loss": [
    394.17438252766925,
    388.32584381103516,
    382.30980173746747,
    379.04854583740234,
    375.41001383463544,
    369.4860560099284,
    366.7864685058594
  ],
  "val_acc": [
    0.06008010680907877,
    0.08678237650200267,
    0.12483311081441922,
    0.14085447263017356,
    0.16755674232309747,
    0.2082777036048064,
    0.205607476635514
  ],
  "delay_mean": [
    0.0,
    0.0,
    0.0,
    0.0,
    0.0,
    0.0,
    0.0
  ]
}