{
  "0": {
    "mean": 0.20634920634920637,
    "std": 2.7755575615628914e-17,
    "values": [
      0.20634920634920634,
      0.20634920634920634,
      0.20634920634920634
    ]
  },
  "1": {
    "mean": 0.22100122100122102,
    "std": 0.012087295404898252,
    "values": [
      0.22344322344322345,
      0.20512820512820512,
      0.23443223443223443
    ]
  },
  "3": {
    "mean": 0.2625152625152625,
    "std": 0.01011786967411971,
    "values": [
      0.2600732600732601,
      0.27594627594627597,
      0.2515262515262515
    ]
  },
  "5": {
    "mean": 0.2828652828652829,
    "std": 0.007348583673287662,
    "values": [
      0.27594627594627597,
      0.2796092796092796,
      0.29304029304029305
    ]
  },
  "10": {
    "mean": 0.18477818477818478,
    "std": 0.010752824431113472,
    "values": [
      0.19413919413919414,
      0.16971916971916973,
      0.19047619047619047
    ]
  },
  "17": {
    "mean": 0.1689051689051689,
    "std": 0.011893886199594993,
    "values": [
      0.15262515262515264,
      0.1807081807081807,
      0.17338217338217338
    ]
  },
  "25": {
    "mean": 0.15547415547415547,
    "std": 0.00774371086302012,
    "values": [
      0.15262515262515264,
      0.14774114774114774,
      0.16605616605616605
    ]
  }
}