{
  "epoch": [
    0.0,
    1.0,
    2.0,
    3.0,
    4.0,
    5.0,
    6.0
  ],
  "train_loss": [
    465.3065572885367,
    403.8663582435021,
    400.0386645977314,
    398.804441011869,
    397.2533733661358,
    394.75876676119293,
    393.2278031569261
  ],
  "val_loss": [
    376.803224836077,
    372.09607587541853,
    369.98930794852123,
    370.15358189174106,
    367.16607666015625,
    366.121091570173,
    363.6539415631975
  ],
  "val_acc": [
    0.05372405372405373,
    0.0463980463980464,
    0.040293040293040296,
    0.045177045177045176,
    0.06349206349206349,
    0.06349206349206349,
    0.07814407814407814
  ],
  "delay_mean": [
    0.0,
    0.0,
    0.0,
    0.0,
    0.0,
    0.0,
    0.0
  ]
}