{
  "epoch": [
    0.0,
    1.0,
    2.0,
    3.0,
    4.0,
    5.0,
    6.0
  ],
  "train_loss": [
    599.7600261981671,
    599.7600285456731,
    599.7600285456731,
    599.7600261981671,
    468.8250204233023,
    391.05577439528247,
    389.79654634915863
  ],
  "val_loss": [
    556.9200265066964,
    556.9200265066964,
    556.9200265066964,
    556.9200265066964,
    366.9550083705357,
    361.80965314592635,
    362.4489310128348
  ],
  "val_acc": [
    0.0463980463980464,
    0.0463980463980464,
    0.0463980463980464,
    0.0463980463980464,
    0.04395604395604396,
    0.057387057387057384,
    0.047619047619047616
  ],
  "delay_mean": [
    0.48114272952079773,
    0.48148250579833984,
    0.4812633991241455,
    0.47454386949539185,
    0.3725956976413727,
    0.548830509185791,
    0.6769824028015137
  ]
}