{
  "0": {
    "mean": 0.09523809523809523,
    "std": 0.0,
    "values": [
      0.09523809523809523,
      0.09523809523809523,
      0.09523809523809523
    ]
  },
  "1": {
    "mean": 0.07122507122507123,
    "std": 0.002075303017335278,
    "values": [
      0.07326007326007326,
      0.07203907203907203,
      0.06837606837606838
    ]
  },
  "3": {
    "mean": 0.061050061050061055,
    "std": 0.005550745501418748,
    "values": [
      0.06837606837606838,
      0.054945054945054944,
      0.05982905982905983
    ]
  },
  "5": {
    "mean": 0.06878306878306878,
    "std": 0.008710189075715385,
    "values": [
      0.08058608058608059,
      0.05982905982905983,
      0.06593406593406594
    ]
  },
  "10": {
    "mean": 0.06674806674806674,
    "std": 0.005755854954713451,
    "values": [
      0.07081807081807082,
      0.05860805860805861,
      0.07081807081807082
    ]
  },
  "17": {
    "mean": 0.05128205128205129,
    "std": 0.0017267564864140359,
    "values": [
      0.050061050061050064,
      0.05372405372405373,
      0.050061050061050064
    ]
  },
  "25": {
    "mean": 0.05698005698005698,
    "std": 0.007548733004066505,
    "values": [
      0.06105006105006105,
      0.0463980463980464,
      0.06349206349206349
    ]
  }
}