{
  "epoch": [
    0.0,
    1.0,
    2.0,
    3.0,
    4.0,
    5.0,
    6.0
  ],
  "train_loss": [
    442.34060409221246,
    397.18495924929357,
    389.95596897855717,
    387.4022976489777,
    383.1617678378491,
    377.10532849900267,
    373.1919756950216
  ],
  "val_loss": [
    392.4289805094401,
    384.6635513305664,
    379.8710454305013,
    377.08208719889325,
    371.1008478800456,
    365.8802210489909,
    364.7072982788086
  ],
  "val_acc": [
    0.05874499332443257,
    0.10947930574098798,
    0.12550066755674233,
    0.13951935914552738,
    0.17089452603471295,
    0.22696929238985314,
    0.21962616822429906
  ],
  "delay_mean": [
    0.0,
    0.0,
    0.0,
    0.0,
    0.0,
    0.0,
    0.0
  ]
}