{
  "epoch": [
    0.0,
    1.0,
    2.0,
    3.0,
    4.0,
    5.0,
    6.0,
    7.0,
    8.0,
    9.0,
    10.0,
    11.0,
    12.0,
    13.0,
    14.0,
    15.0,
    16.0,
    17.0,
    18.0,
    19.0
  ],
  "train_loss": [
    576.672081480635,
    495.4935685827377,
    438.3428377192071,
    411.3281581148188,
    408.59006906063,
    408.1293802464262,
    407.3595873244265,
    406.0067210095994,
    404.7990066852975,
    403.69213997049536,
    402.025754888007,
    401.18714223009476,
    400.38676744826296,
    398.9604901252909,
    398.13927248690993,
    397.7620349640542,
    396.1437884391622,
    395.5919806297789,
    395.19251332384476,
    393.9775143887134
  ],
  "val_loss": [
    509.4760386149089,
    454.87753041585285,
    406.50500233968097,
    401.89730072021484,
    401.2693862915039,
    399.7950134277344,
    399.4566828409831,
    398.4823048909505,
    397.95001220703125,
    395.1431350708008,
    394.5220998128255,
    392.47314198811847,
    391.9845937093099,
    390.09688568115234,
    390.24188741048175,
    389.02479553222656,
    388.34353892008465,
    387.7406412760417,
    386.86771392822266,
    385.87667592366535
  ],
  "val_acc": [
    0.050734312416555405,
    0.0527369826435247,
    0.05540720961281709,
    0.0540720961281709,
    0.050066755674232306,
    0.05807743658210948,
    0.04606141522029372,
    0.06608811748998665,
    0.056074766355140186,
    0.07142857142857142,
    0.06942590120160214,
    0.08210947930574099,
    0.0814419225634179,
    0.09546061415220294,
    0.0794392523364486,
    0.09813084112149532,
    0.09078771695594126,
    0.10747663551401869,
    0.09412550066755675,
    0.10146862483311081
  ],
  "delay_mean": [
    0.4738057553768158,
    0.47445476055145264,
    0.47446101903915405,
    0.47446107864379883,
    0.47446250915527344,
    0.47246137261390686,
    0.4687134027481079,
    0.48510873317718506,
    0.4876796007156372,
    0.5093143582344055,
    0.5356335639953613,
    0.5491377115249634,
    0.5629018545150757,
    0.5714801549911499,
    0.58720862865448,
    0.6232278943061829,
    0.6277525424957275,
    0.6566500663757324,
    0.7030816078186035,
    0.7117220163345337
  ]
}