{
  "epoch": [
    0.0,
    1.0,
    2.0,
    3.0,
    4.0,
    5.0,
    6.0
  ],
  "train_loss": [
    443.18876471886267,
    401.14347017728363,
    399.5268425574669,
    398.6607894897461,
    397.3761714054988,
    394.9314622145433,
    393.59837928185095
  ],
  "val_loss": [
    373.10286603655135,
    371.3471439906529,
    370.55751255580356,
    370.0996551513672,
    366.9682290213449,
    366.3889487130301,
    363.8764386858259
  ],
  "val_acc": [
    0.05372405372405373,
    0.045177045177045176,
    0.052503052503052504,
    0.06349206349206349,
    0.057387057387057384,
    0.06471306471306472,
    0.10989010989010989
  ],
  "delay_mean": [
    0.39242061972618103,
    0.40343981981277466,
    0.4189259707927704,
    0.4213331937789917,
    0.43325257301330566,
    0.43442028760910034,
    0.46197786927223206
  ]
}