{
  "epoch": [
    0.0,
    1.0,
    2.0,
    3.0,
    4.0,
    5.0,
    6.0
  ],
  "train_loss": [
    599.7600261981671,
    599.7600285456731,
    599.7600285456731,
    599.7600261981671,
    523.3545367901141,
    392.6967386099008,
    390.70760462834284
  ],
  "val_loss": [
    556.9200265066964,
    556.9200265066964,
    556.9200265066964,
    556.9200265066964,
    374.95858110700334,
    362.85357883998324,
    363.6893048967634
  ],
  "val_acc": [
    0.0463980463980464,
    0.0463980463980464,
    0.0463980463980464,
    0.0463980463980464,
    0.04151404151404151,
    0.054945054945054944,
    0.05372405372405373
  ],
  "delay_mean": [
    0.48115313053131104,
    0.4815426766872406,
    0.4815775156021118,
    0.4772179126739502,
    0.38279950618743896,
    0.5330981016159058,
    0.6721160411834717
  ]
}