{
  "epoch": [
    0.0,
    1.0,
    2.0,
    3.0,
    4.0,
    5.0,
    6.0
  ],
  "train_loss": [
    599.7600261981671,
    599.7600261981671,
    599.7600261981671,
    599.7600285456731,
    468.13184239314154,
    391.7213639479417,
    391.5051011305589
  ],
  "val_loss": [
    556.9200265066964,
    556.9200265066964,
    556.9200265066964,
    556.9200265066964,
    364.4689287458147,
    363.36107090541293,
    363.3585902622768
  ],
  "val_acc": [
    0.0463980463980464,
    0.0463980463980464,
    0.0463980463980464,
    0.0463980463980464,
    0.03540903540903541,
    0.042735042735042736,
    0.04151404151404151
  ],
  "delay_mean": [
    0.0,
    0.0,
    0.0,
    0.0,
    0.0,
    0.0,
    0.0
  ]
}