{
  "epoch": [
    0.0,
    1.0,
    2.0,
    3.0,
    4.0,
    5.0,
    6.0
  ],
  "train_loss": [
    477.89731656588043,
    406.4092454176683,
    401.61520503117487,
    399.1833760188176,
    398.1053983248197,
    396.8879952063927,
    394.33636357234076
  ],
  "val_loss": [
    379.00072806222096,
    372.75573294503346,
    371.5642983572824,
    370.08536638532365,
    368.99001857212613,
    366.6910923549107,
    363.70323181152344
  ],
  "val_acc": [
    0.05372405372405373,
    0.050061050061050064,
    0.03907203907203907,
    0.05982905982905983,
    0.06837606837606838,
    0.08302808302808302,
    0.10012210012210013
  ],
  "delay_mean": [
    0.28202155232429504,
    0.2984720468521118,
    0.31718337535858154,
    0.3463945984840393,
    0.4106278419494629,
    0.46815699338912964,
    0.5229098796844482
  ]
}