{
  "0": {
    "mean": 0.73992673992674,
    "std": 0.0,
    "values": [
      0.73992673992674,
      0.73992673992674,
      0.73992673992674
    ]
  },
  "1": {
    "mean": 0.7183557183557183,
    "std": 0.005490735678971101,
    "values": [
      0.717948717948718,
      0.7252747252747253,
      0.7118437118437119
    ]
  },
  "3": {
    "mean": 0.5832315832315832,
    "std": 0.007072912982084992,
    "values": [
      0.590964590964591,
      0.5738705738705738,
      0.5848595848595849
    ]
  },
  "5": {
    "mean": 0.43304843304843305,
    "std": 0.007482611441127484,
    "values": [
      0.43345543345543347,
      0.4236874236874237,
      0.442002442002442
    ]
  },
  "10": {
    "mean": 0.2584452584452584,
    "std": 0.009986035121192742,
    "values": [
      0.2576312576312576,
      0.24664224664224665,
      0.27106227106227104
    ]
  },
  "17": {
    "mean": 0.1872201872201872,
    "std": 0.009682846767090207,
    "values": [
      0.17704517704517705,
      0.18437118437118438,
      0.20024420024420025
    ]
  },
  "25": {
    "mean": 0.1558811558811559,
    "std": 0.014110651870866683,
    "values": [
      0.14652014652014653,
      0.17582417582417584,
      0.1452991452991453
    ]
  }
}