{
  "epoch": [
    0.0,
    1.0,
    2.0,
    3.0,
    4.0,
    5.0,
    6.0
  ],
  "train_loss": [
    485.1279026911809,
    409.5268425574669,
    402.8035730215219,
    399.32636084923377,
    397.89713111290564,
    396.0957817664513,
    394.4537641085111
  ],
  "val_loss": [
    381.4453822544643,
    376.06109401157926,
    371.692873273577,
    371.2589329310826,
    368.43395560128346,
    366.6125052315848,
    364.5885772705078
  ],
  "val_acc": [
    0.05372405372405373,
    0.045177045177045176,
    0.042735042735042736,
    0.06593406593406594,
    0.07448107448107448,
    0.08424908424908426,
    0.09768009768009768
  ],
  "delay_mean": [
    0.2995138466358185,
    0.3299761116504669,
    0.3969320058822632,
    0.4765802025794983,
    0.559958815574646,
    0.6550610661506653,
    0.7550805807113647
  ]
}