{
  "epoch": [
    0.0,
    1.0,
    2.0,
    3.0,
    4.0,
    5.0,
    6.0
  ],
  "train_loss": [
    452.55049661489636,
    400.8825120192308,
    399.3676053560697,
    397.8727047259991,
    396.23751361553485,
    393.83587939922626,
    391.4437684279222
  ],
  "val_loss": [
    374.0107225690569,
    372.4928719656808,
    369.9364449637277,
    368.61466108049666,
    366.21287754603793,
    364.16001892089844,
    361.8253740583147
  ],
  "val_acc": [
    0.04884004884004884,
    0.047619047619047616,
    0.047619047619047616,
    0.0463980463980464,
    0.052503052503052504,
    0.07814407814407814,
    0.08913308913308914
  ],
  "delay_mean": [
    0.0,
    0.0,
    0.0,
    0.0,
    0.0,
    0.0,
    0.0
  ]
}