{
  "0": {
    "mean": 0.42735042735042733,
    "std": 0.0,
    "values": [
      0.42735042735042733,
      0.42735042735042733,
      0.42735042735042733
    ]
  },
  "1": {
    "mean": 0.3744403744403744,
    "std": 0.003501149884836222,
    "values": [
      0.3785103785103785,
      0.37484737484737485,
      0.36996336996337
    ]
  },
  "3": {
    "mean": 0.2747252747252747,
    "std": 0.012250644642484673,
    "values": [
      0.2576312576312576,
      0.28083028083028083,
      0.2857142857142857
    ]
  },
  "5": {
    "mean": 0.23199023199023197,
    "std": 0.010408393856365017,
    "values": [
      0.22344322344322345,
      0.2258852258852259,
      0.24664224664224665
    ]
  },
  "10": {
    "mean": 0.16605616605616605,
    "std": 0.002990829966768228,
    "values": [
      0.16605616605616605,
      0.1623931623931624,
      0.16971916971916973
    ]
  },
  "17": {
    "mean": 0.12576312576312576,
    "std": 0.007189060534251398,
    "values": [
      0.1330891330891331,
      0.115995115995116,
      0.1282051282051282
    ]
  },
  "25": {
    "mean": 0.10297110297110297,
    "std": 0.008301212069341124,
    "values": [
      0.10622710622710622,
      0.09157509157509157,
      0.1111111111111111
    ]
  }
}