{
  "0": {
    "mean": 0.24175824175824176,
    "std": 0.0,
    "values": [
      0.24175824175824176,
      0.24175824175824176,
      0.24175824175824176
    ]
  },
  "1": {
    "mean": 0.21733821733821734,
    "std": 0.005275328203832205,
    "values": [
      0.21245421245421245,
      0.22466422466422467,
      0.2148962148962149
    ]
  },
  "3": {
    "mean": 0.1689051689051689,
    "std": 0.009209367927541515,
    "values": [
      0.18192918192918192,
      0.1623931623931624,
      0.1623931623931624
    ]
  },
  "5": {
    "mean": 0.1452991452991453,
    "std": 0.004984716611280373,
    "values": [
      0.1452991452991453,
      0.1391941391941392,
      0.1514041514041514
    ]
  },
  "10": {
    "mean": 0.10663410663410665,
    "std": 0.0015228560792730742,
    "values": [
      0.10866910866910867,
      0.10500610500610501,
      0.10622710622710622
    ]
  },
  "17": {
    "mean": 0.07936507936507936,
    "std": 0.0,
    "values": [
      0.07936507936507936,
      0.07936507936507936,
      0.07936507936507936
    ]
  },
  "25": {
    "mean": 0.0704110704110704,
    "std": 0.004711370330805952,
    "values": [
      0.06593406593406594,
      0.07692307692307693,
      0.06837606837606838
    ]
  }
}