{
  "epoch": [
    0.0,
    1.0,
    2.0,
    3.0,
    4.0,
    5.0,
    6.0,
    7.0,
    8.0,
    9.0,
    10.0,
    11.0,
    12.0,
    13.0,
    14.0,
    15.0,
    16.0,
    17.0,
    18.0,
    19.0
  ],
  "train_loss": [
    585.8954896318152,
    499.99389064058346,
    428.1568817787982,
    412.0192747724817,
    410.4304939432347,
    408.9704414530003,
    407.0211830950798,
    405.34618361452794,
    402.90687203914564,
    401.1132046313996,
    398.67282364216254,
    397.768363140999,
    396.745973627618,
    395.86464220412233,
    395.73070120304186,
    395.1925665672789,
    394.7150086747839,
    393.8540532538231,
    393.5844226593667,
    392.64974780792886
  ],
  "val_loss": [
    521.5993677775065,
    446.46417744954425,
    406.12729899088544,
    401.9975102742513,
    401.895014444987,
    399.8871129353841,
    398.7008336385091,
    395.7783482869466,
    394.97376505533856,
    391.30502065022785,
    391.0595932006836,
    389.1714680989583,
    388.54584248860675,
    387.74605560302734,
    387.3110529581706,
    386.72022501627606,
    386.9250132242839,
    385.6104227701823,
    385.2039616902669,
    385.17459869384766
  ],
  "val_acc": [
    0.050066755674232306,
    0.05473965287049399,
    0.05473965287049399,
    0.042723631508678236,
    0.0534045393858478,
    0.050734312416555405,
    0.0527369826435247,
    0.062082777036048066,
    0.07276368491321762,
    0.09078771695594126,
    0.07543391188251002,
    0.08878504672897196,
    0.09746328437917223,
    0.09546061415220294,
    0.09612817089452604,
    0.1068090787716956,
    0.09012016021361816,
    0.1081441922563418,
    0.1048064085447263,
    0.11548731642189586
  ],
  "delay_mean": [
    0.4731782376766205,
    0.4731782376766205,
    0.4731782376766205,
    0.4731782376766205,
    0.4733070433139801,
    0.47852060198783875,
    0.48943108320236206,
    0.4875556230545044,
    0.5057463645935059,
    0.5125865936279297,
    0.5267165899276733,
    0.5377286672592163,
    0.5478254556655884,
    0.5586509108543396,
    0.5857895016670227,
    0.5978225469589233,
    0.5964093208312988,
    0.6105418801307678,
    0.6450472474098206,
    0.678300142288208
  ]
}