{
  "epoch": [
    0.0,
    1.0,
    2.0,
    3.0,
    4.0,
    5.0,
    6.0
  ],
  "train_loss": [
    599.7600261981671,
    599.7600261981671,
    599.7600261981671,
    599.6330096905048,
    409.7824172973633,
    391.86942702073316,
    391.9634710458609
  ],
  "val_loss": [
    556.9200265066964,
    556.9200265066964,
    556.9200265066964,
    519.1124899727957,
    363.8342982700893,
    363.8017905099051,
    364.15714590890065
  ],
  "val_acc": [
    0.0463980463980464,
    0.0463980463980464,
    0.0463980463980464,
    0.04395604395604396,
    0.04884004884004884,
    0.05616605616605617,
    0.04395604395604396
  ],
  "delay_mean": [
    0.0,
    0.0,
    0.0,
    0.0,
    0.0,
    0.0,
    0.0
  ]
}