{
  "epoch": [
    0.0,
    1.0,
    2.0,
    3.0,
    4.0,
    5.0,
    6.0
  ],
  "train_loss": [
    487.6021294227013,
    408.69607426570013,
    401.8944326547476,
    398.6967427180364,
    397.16847522442157,
    395.0063576331505,
    394.86107224684497
  ],
  "val_loss": [
    380.63929530552457,
    376.04036603655135,
    371.11072431291853,
    369.6489497593471,
    367.4221431187221,
    365.30250331333707,
    365.9435795375279
  ],
  "val_acc": [
    0.05616605616605617,
    0.047619047619047616,
    0.057387057387057384,
    0.054945054945054944,
    0.07814407814407814,
    0.08669108669108669,
    0.06593406593406594
  ],
  "delay_mean": [
    0.0,
    0.0,
    0.0,
    0.0,
    0.0,
    0.0,
    0.0
  ]
}