{
  "epoch": [
    0.0,
    1.0,
    2.0,
    3.0,
    4.0,
    5.0,
    6.0
  ],
  "train_loss": [
    430.0799106029754,
    398.97011355136306,
    392.70703189931015,
    389.23485678814825,
    386.5635272086935,
    382.95953369140625,
    379.19118288730056
  ],
  "val_loss": [
    392.7720947265625,
    387.95418039957684,
    382.940434773763,
    380.2245915730794,
    375.43605041503906,
    372.3335494995117,
    370.20938364664715
  ],
  "val_acc": [
    0.043391188251001335,
    0.0814419225634179,
    0.10146862483311081,
    0.13351134846461948,
    0.14552736982643524,
    0.17423230974632845,
    0.16421895861148197
  ],
  "delay_mean": [
    0.0,
    0.0,
    0.0,
    0.0,
    0.0,
    0.0,
    0.0
  ]
}