{
  "epoch": [
    0.0,
    1.0,
    2.0,
    3.0,
    4.0,
    5.0,
    6.0
  ],
  "train_loss": [
    599.7600261981671,
    599.7600261981671,
    599.7600261981671,
    512.8247293325571,
    393.7123190072867,
    393.02453261155347,
    393.23423649714545
  ],
  "val_loss": [
    556.9200265066964,
    556.9200265066964,
    556.9200265066964,
    366.3039289202009,
    364.5517905099051,
    364.77251107352123,
    364.4850180489676
  ],
  "val_acc": [
    0.0463980463980464,
    0.0463980463980464,
    0.0463980463980464,
    0.042735042735042736,
    0.0463980463980464,
    0.047619047619047616,
    0.05128205128205128
  ],
  "delay_mean": [
    0.0,
    0.0,
    0.0,
    0.0,
    0.0,
    0.0,
    0.0
  ]
}