{
  "epoch": [
    0.0,
    1.0,
    2.0,
    3.0,
    4.0,
    5.0,
    6.0
  ],
  "train_loss": [
    430.2060287150931,
    398.8821950060256,
    393.4933108065991,
    387.7592150099734,
    379.73464186648107,
    371.8218214968418,
    366.36921075049867
  ],
  "val_loss": [
    394.8470967610677,
    388.57772064208984,
    385.0425033569336,
    376.9979298909505,
    373.23792266845703,
    361.97750091552734,
    355.21959177652997
  ],
  "val_acc": [
    0.06475300400534045,
    0.07676902536715621,
    0.08411214953271028,
    0.14485981308411214,
    0.19492656875834447,
    0.2129506008010681,
    0.31108144192256343
  ],
  "delay_mean": [
    0.43486571311950684,
    0.3906606137752533,
    0.48290038108825684,
    0.9471462965011597,
    1.2540655136108398,
    1.6042695045471191,
    1.9111390113830566
  ]
}