{
  "0": {
    "mean": 0.8897795591182365,
    "std": 0.0,
    "values": [
      0.8897795591182365,
      0.8897795591182365,
      0.8897795591182365
    ]
  },
  "1": {
    "mean": 0.8773101759073704,
    "std": 0.0008331457107045145,
    "values": [
      0.8784235136940548,
      0.8770875083500334,
      0.8764195056780227
    ]
  },
  "3": {
    "mean": 0.8532620797149856,
    "std": 0.0037126101092258205,
    "values": [
      0.8517034068136272,
      0.8496993987975952,
      0.8583834335337341
    ]
  },
  "5": {
    "mean": 0.802939211756847,
    "std": 0.001966546619088833,
    "values": [
      0.8002672010688042,
      0.8049432197728791,
      0.8036072144288577
    ]
  },
  "10": {
    "mean": 0.6310398574927633,
    "std": 0.007263195916410672,
    "values": [
      0.6212424849699398,
      0.6332665330661322,
      0.6386105544422178
    ]
  },
  "17": {
    "mean": 0.5012246715653529,
    "std": 0.0008331457107045145,
    "values": [
      0.5023380093520374,
      0.5003340013360054,
      0.501002004008016
    ]
  },
  "25": {
    "mean": 0.4355377421509686,
    "std": 0.006612889069212876,
    "values": [
      0.43687374749499,
      0.42685370741482964,
      0.44288577154308617
    ]
  }
}