{
  "0": {
    "mean": 0.24175824175824176,
    "std": 0.0,
    "values": [
      0.24175824175824176,
      0.24175824175824176,
      0.24175824175824176
    ]
  },
  "1": {
    "mean": 0.12454212454212454,
    "std": 0.0,
    "values": [
      0.12454212454212454,
      0.12454212454212454,
      0.12454212454212454
    ]
  },
  "3": {
    "mean": 0.07122507122507123,
    "std": 0.0025089190081273786,
    "values": [
      0.07081807081807082,
      0.06837606837606838,
      0.07448107448107448
    ]
  },
  "5": {
    "mean": 0.12576312576312576,
    "std": 0.0,
    "values": [
      0.12576312576312576,
      0.12576312576312576,
      0.12576312576312576
    ]
  },
  "10": {
    "mean": 0.1172161172161172,
    "std": 1.3877787807814457e-17,
    "values": [
      0.11721611721611722,
      0.11721611721611722,
      0.11721611721611722
    ]
  },
  "17": {
    "mean": 0.08506308506308508,
    "std": 0.0020753030173352844,
    "values": [
      0.08302808302808302,
      0.08424908424908426,
      0.08791208791208792
    ]
  },
  "25": {
    "mean": 0.12332112332112333,
    "std": 0.0,
    "values": [
      0.12332112332112333,
      0.12332112332112333,
      0.12332112332112333
    ]
  }
}