{
  "epoch": [
    0.0,
    1.0,
    2.0,
    3.0,
    4.0,
    5.0,
    6.0
  ],
  "train_loss": [
    599.7600261981671,
    599.7600261981671,
    599.7600261981671,
    443.9343472994291,
    395.15289717454175,
    394.95943744365985,
    394.81308805025543
  ],
  "val_loss": [
    556.9200265066964,
    556.9200265066964,
    556.9200265066964,
    366.2710854666574,
    366.51143755231584,
    365.88858904157365,
    366.4450116838728
  ],
  "val_acc": [
    0.0463980463980464,
    0.0463980463980464,
    0.0463980463980464,
    0.03663003663003663,
    0.042735042735042736,
    0.054945054945054944,
    0.0463980463980464
  ],
  "delay_mean": [
    0.0,
    0.0,
    0.0,
    0.0,
    0.0,
    0.0,
    0.0
  ]
}