{
  "epoch": [
    0.0,
    1.0,
    2.0,
    3.0,
    4.0,
    5.0,
    6.0,
    7.0,
    8.0,
    9.0,
    10.0,
    11.0,
    12.0,
    13.0,
    14.0,
    15.0,
    16.0,
    17.0,
    18.0,
    19.0
  ],
  "train_loss": [
    594.8169828374336,
    542.2166338981466,
    439.64246449571976,
    414.80613676030583,
    411.2712434809259,
    408.83070665724733,
    406.9369805518617,
    404.3695860517786,
    401.16246065180354,
    400.22751179147275,
    399.06235715176194,
    396.97229653216425,
    396.7116095360289,
    396.69761625249333,
    395.6578278237201,
    394.7483578945728,
    393.8968739611037,
    393.55549004737367,
    392.42432289935175,
    392.1728827293883
  ],
  "val_loss": [
    550.3360188802084,
    462.5737584431966,
    411.06604766845703,
    405.5306447347005,
    402.00856018066406,
    399.0685501098633,
    397.1012674967448,
    394.22376251220703,
    393.1556447347005,
    391.76751708984375,
    390.8946024576823,
    388.1950149536133,
    388.75730895996094,
    386.69250233968097,
    386.82189178466797,
    385.69105529785156,
    385.5248082478841,
    386.4904276529948,
    384.1760533650716,
    384.61563364664715
  ],
  "val_acc": [
    0.050066755674232306,
    0.048731642189586116,
    0.05941255006675567,
    0.05473965287049399,
    0.05740987983978638,
    0.062082777036048066,
    0.06475300400534045,
    0.07076101468624833,
    0.07076101468624833,
    0.1048064085447263,
    0.10080106809078772,
    0.11748998664886515,
    0.10013351134846461,
    0.10213618157543392,
    0.09879839786381843,
    0.10947930574098798,
    0.11348464619492657,
    0.11281708945260348,
    0.11882510013351134,
    0.12016021361815754
  ],
  "delay_mean": [
    0.48481374979019165,
    0.4824369549751282,
    0.4760453402996063,
    0.48122817277908325,
    0.5009165406227112,
    0.5276263356208801,
    0.5893346071243286,
    0.615876317024231,
    0.619715690612793,
    0.6160011291503906,
    0.6634270548820496,
    0.6519464254379272,
    0.6489695310592651,
    0.6544023156166077,
    0.6761559247970581,
    0.7195151448249817,
    0.7369180917739868,
    0.7516900300979614,
    0.7777428030967712,
    0.7502766251564026
  ]
}