{
  "epoch": [
    0.0,
    1.0,
    2.0,
    3.0,
    4.0,
    5.0,
    6.0
  ],
  "train_loss": [
    436.3553343427942,
    398.3967668249252,
    390.78177269468915,
    386.6675116356383,
    382.54596856299867,
    375.56681921126994,
    370.60617584877826
  ],
  "val_loss": [
    393.05647532145184,
    385.67897033691406,
    380.74022165934247,
    376.34584554036456,
    371.10251871744794,
    365.1027119954427,
    360.0414632161458
  ],
  "val_acc": [
    0.0534045393858478,
    0.08277703604806408,
    0.1068090787716956,
    0.1542056074766355,
    0.19692923898531375,
    0.20694259012016022,
    0.2630173564753004
  ],
  "delay_mean": [
    0.2923298180103302,
    0.3050217628479004,
    0.32966354489326477,
    0.45651882886886597,
    0.5505146980285645,
    0.6560062766075134,
    0.7956533432006836
  ]
}