{
  "epoch": [
    0.0,
    1.0,
    2.0,
    3.0,
    4.0,
    5.0,
    6.0,
    7.0,
    8.0,
    9.0,
    10.0,
    11.0,
    12.0,
    13.0,
    14.0,
    15.0,
    16.0,
    17.0,
    18.0,
    19.0
  ],
  "train_loss": [
    597.549909875748,
    521.814997896235,
    454.6715542407746,
    422.7315076462766,
    416.40576042012964,
    410.01724113302026,
    405.95836753033575,
    404.41942255547707,
    402.0109207477975,
    400.6420366003158,
    400.1304899175116,
    397.9391083412982,
    395.90032764191324,
    395.5780457841589,
    395.0538933936586,
    394.38586166057183,
    393.6339961924451,
    393.2628349141872,
    391.99176934424867,
    392.1356993330286
  ],
  "val_loss": [
    547.6983083089193,
    450.0514678955078,
    416.87376403808594,
    424.50646718343097,
    407.8245900472005,
    399.7468846638997,
    398.34959665934247,
    395.5033493041992,
    393.183349609375,
    392.1252161661784,
    390.3162612915039,
    387.98084767659503,
    387.96980539957684,
    387.05188751220703,
    386.20502217610675,
    386.0554377237956,
    385.4085515340169,
    385.03041585286456,
    384.64835357666016,
    383.1206232706706
  ],
  "val_acc": [
    0.04739652870493992,
    0.05540720961281709,
    0.0520694259012016,
    0.049399198931909215,
    0.056742323097463285,
    0.06675567423230974,
    0.06675567423230974,
    0.06742323097463285,
    0.07343124165554073,
    0.09145527369826435,
    0.10013351134846461,
    0.09746328437917223,
    0.10881174899866489,
    0.1048064085447263,
    0.1048064085447263,
    0.1081441922563418,
    0.11815754339118825,
    0.10881174899866489,
    0.1268357810413885,
    0.1268357810413885
  ],
  "delay_mean": [
    0.4780510663986206,
    0.4789721369743347,
    0.4789808392524719,
    0.47677797079086304,
    0.4759712219238281,
    0.5031312704086304,
    0.5362271666526794,
    0.5316094160079956,
    0.5477743148803711,
    0.5556097030639648,
    0.5637098550796509,
    0.5863215923309326,
    0.595295786857605,
    0.610456109046936,
    0.6543986797332764,
    0.7105925679206848,
    0.686548113822937,
    0.6955259442329407,
    0.7163895964622498,
    0.732456386089325
  ]
}