{
  "0": {
    "mean": 0.5364061456245826,
    "std": 0.0,
    "values": [
      0.5364061456245826,
      0.5364061456245826,
      0.5364061456245826
    ]
  },
  "1": {
    "mean": 0.23625027833444667,
    "std": 0.009761883864076141,
    "values": [
      0.22244488977955912,
      0.24315297261189045,
      0.24315297261189045
    ]
  },
  "3": {
    "mean": 0.23068358940102426,
    "std": 0.009943047678363895,
    "values": [
      0.22845691382765532,
      0.24382097528390115,
      0.21977287909151635
    ]
  },
  "5": {
    "mean": 0.23647294589178358,
    "std": 0.003933093238177622,
    "values": [
      0.23780895123580495,
      0.24048096192384769,
      0.23112892451569805
    ]
  },
  "10": {
    "mean": 0.2509463371186818,
    "std": 0.008455505475861732,
    "values": [
      0.25851703406813625,
      0.23914495657982632,
      0.25517702070808285
    ]
  },
  "17": {
    "mean": 0.24114896459585836,
    "std": 0.010189321922643099,
    "values": [
      0.23914495657982632,
      0.22979291917167669,
      0.2545090180360721
    ]
  },
  "25": {
    "mean": 0.21309285237140949,
    "std": 0.013765826333621665,
    "values": [
      0.22712090848363392,
      0.2177688710754843,
      0.19438877755511022
    ]
  }
}