{
  "0": {
    "mean": 0.5811623246492986,
    "std": 0.0,
    "values": [
      0.5811623246492986,
      0.5811623246492986,
      0.5811623246492986
    ]
  },
  "1": {
    "mean": 0.5557782231128924,
    "std": 0.009320173474262484,
    "values": [
      0.5450901803607214,
      0.554442217768871,
      0.5678022712090849
    ]
  },
  "3": {
    "mean": 0.5764863059452238,
    "std": 0.008034566267053518,
    "values": [
      0.5878423513694054,
      0.5704742818971276,
      0.5711422845691383
    ]
  },
  "5": {
    "mean": 0.5894010242707637,
    "std": 0.003945679168708398,
    "values": [
      0.5838343353373413,
      0.5925183700734803,
      0.5918503674014696
    ]
  },
  "10": {
    "mean": 0.5916276998441327,
    "std": 0.006597876815866863,
    "values": [
      0.5978623914495658,
      0.5945223780895124,
      0.58249832999332
    ]
  },
  "17": {
    "mean": 0.5568915608995769,
    "std": 0.003631597958205336,
    "values": [
      0.5617902471609887,
      0.5531062124248497,
      0.5557782231128925
    ]
  },
  "25": {
    "mean": 0.5128033845468716,
    "std": 0.00529742919321771,
    "values": [
      0.518370073480294,
      0.5056780227120908,
      0.5143620574482298
    ]
  }
}