{
  "0": {
    "mean": 0.19438877755511022,
    "std": 0.0,
    "values": [
      0.19438877755511022,
      0.19438877755511022,
      0.19438877755511022
    ]
  },
  "1": {
    "mean": 0.19327543976842573,
    "std": 0.005067827511352063,
    "values": [
      0.19505678022712092,
      0.19839679358717435,
      0.18637274549098196
    ]
  },
  "3": {
    "mean": 0.2516143397906925,
    "std": 0.0024594435576012516,
    "values": [
      0.24849699398797595,
      0.2545090180360721,
      0.2518370073480294
    ]
  },
  "5": {
    "mean": 0.23647294589178358,
    "std": 0.011336381261507761,
    "values": [
      0.22845691382765532,
      0.22845691382765532,
      0.25250501002004005
    ]
  },
  "10": {
    "mean": 0.21799153863282117,
    "std": 0.004020367420455976,
    "values": [
      0.2124248496993988,
      0.21977287909151635,
      0.22177688710754842
    ]
  },
  "17": {
    "mean": 0.2179915386328212,
    "std": 0.005571140504652326,
    "values": [
      0.22578490313961255,
      0.21309285237140949,
      0.21509686038744155
    ]
  },
  "25": {
    "mean": 0.1511912714317524,
    "std": 0.003631597958205314,
    "values": [
      0.156312625250501,
      0.14896459585838343,
      0.14829659318637275
    ]
  }
}