{
  "epoch": [
    0.0,
    1.0,
    2.0,
    3.0,
    4.0,
    5.0,
    6.0,
    7.0,
    8.0,
    9.0,
    10.0,
    11.0,
    12.0,
    13.0,
    14.0,
    15.0,
    16.0,
    17.0,
    18.0,
    19.0
  ],
  "train_loss": [
    560.9584525899684,
    483.6808056121177,
    428.15182105531085,
    411.71193224318483,
    410.11804978390956,
    409.28756843729224,
    408.15368522481714,
    407.6126254467254,
    407.80767302817486,
    407.63038927443483,
    407.029278045005,
    405.3997517037899,
    403.71022585605056,
    401.96400484125667,
    399.901607432264,
    399.01612626745344,
    397.65085877763465,
    396.9483077678275,
    397.20394702667886,
    395.25081228702624
  ],
  "val_loss": [
    495.80209096272785,
    439.9593861897786,
    407.16751352945965,
    402.24376169840497,
    401.47626241048175,
    400.39585367838544,
    400.8385645548503,
    400.6398061116536,
    399.2735646565755,
    398.9983418782552,
    398.3745981852214,
    396.9306386311849,
    395.3052241007487,
    393.1658452351888,
    392.4762674967448,
    390.31459045410156,
    389.6279296875,
    389.4221013387044,
    388.42647043863934,
    386.8566716512044
  ],
  "val_acc": [
    0.050734312416555405,
    0.04806408544726302,
    0.049399198931909215,
    0.056742323097463285,
    0.062082777036048066,
    0.05740987983978638,
    0.05540720961281709,
    0.050734312416555405,
    0.050066755674232306,
    0.06275033377837116,
    0.07343124165554073,
    0.06675567423230974,
    0.07543391188251002,
    0.0774365821094793,
    0.06542056074766354,
    0.08611481975967958,
    0.08210947930574099,
    0.09946595460614152,
    0.0787716955941255,
    0.1041388518024032
  ],
  "delay_mean": [
    0.47027677297592163,
    0.47081759572029114,
    0.47082290053367615,
    0.4711371660232544,
    0.4766818583011627,
    0.4845602214336395,
    0.4809039831161499,
    0.477112352848053,
    0.48462456464767456,
    0.4873669743537903,
    0.5037137866020203,
    0.523246169090271,
    0.5472144484519958,
    0.6044776439666748,
    0.6165249347686768,
    0.6228618025779724,
    0.6360086798667908,
    0.6693504452705383,
    0.6940089464187622,
    0.710745632648468
  ]
}