{
  "0": {
    "mean": 0.1111111111111111,
    "std": 0.0,
    "values": [
      0.1111111111111111,
      0.1111111111111111,
      0.1111111111111111
    ]
  },
  "1": {
    "mean": 0.09442409442409443,
    "std": 0.0020753030173352844,
    "values": [
      0.09645909645909646,
      0.09157509157509157,
      0.09523809523809523
    ]
  },
  "3": {
    "mean": 0.07366707366707366,
    "std": 0.0020753030173352796,
    "values": [
      0.07448107448107448,
      0.07081807081807082,
      0.0757020757020757
    ]
  },
  "5": {
    "mean": 0.07163207163207162,
    "std": 0.0035011498848362328,
    "values": [
      0.0757020757020757,
      0.06715506715506715,
      0.07203907203907203
    ]
  },
  "10": {
    "mean": 0.08872608872608873,
    "std": 0.004150606034670564,
    "values": [
      0.09035409035409035,
      0.08302808302808302,
      0.0927960927960928
    ]
  },
  "17": {
    "mean": 0.09808709808709809,
    "std": 0.0049178046290576215,
    "values": [
      0.10500610500610501,
      0.09401709401709402,
      0.09523809523809523
    ]
  },
  "25": {
    "mean": 0.09035409035409035,
    "std": 0.006978603255792529,
    "values": [
      0.09645909645909646,
      0.09401709401709402,
      0.08058608058608059
    ]
  }
}