{
  "epoch": [
    0.0,
    1.0,
    2.0,
    3.0,
    4.0,
    5.0,
    6.0
  ],
  "train_loss": [
    479.85828693096454,
    406.31212733342096,
    401.79674940842847,
    400.1180907029372,
    398.5201099102314,
    396.2930908203125,
    394.73674950232873
  ],
  "val_loss": [
    379.5103672572545,
    373.0593043736049,
    372.4875030517578,
    370.4400111607143,
    368.65716552734375,
    365.6321476527623,
    365.4232177734375
  ],
  "val_acc": [
    0.06105006105006105,
    0.04884004884004884,
    0.047619047619047616,
    0.05128205128205128,
    0.07203907203907203,
    0.08913308913308914,
    0.05616605616605617
  ],
  "delay_mean": [
    0.0,
    0.0,
    0.0,
    0.0,
    0.0,
    0.0,
    0.0
  ]
}