{
  "epoch": [
    0.0,
    1.0,
    2.0,
    3.0,
    4.0,
    5.0,
    6.0
  ],
  "train_loss": [
    430.61437858419214,
    400.66283530377325,
    395.2354437645445,
    390.4051176030585,
    384.7405453945728,
    376.89660709462265,
    369.199425230635
  ],
  "val_loss": [
    395.48313903808594,
    389.97210184733075,
    385.82355244954425,
    378.4222997029622,
    373.0556335449219,
    372.8460464477539,
    358.31834411621094
  ],
  "val_acc": [
    0.0534045393858478,
    0.07009345794392523,
    0.11481975967957277,
    0.14753004005340453,
    0.21695594125500667,
    0.16955941255006676,
    0.2570093457943925
  ],
  "delay_mean": [
    0.32653868198394775,
    0.33638542890548706,
    0.3645845651626587,
    0.6732662916183472,
    0.8588671684265137,
    1.09987473487854,
    1.3593358993530273
  ]
}