{
  "epoch": [
    0.0,
    1.0,
    2.0,
    3.0,
    4.0,
    5.0,
    6.0,
    7.0,
    8.0,
    9.0,
    10.0,
    11.0,
    12.0,
    13.0,
    14.0,
    15.0,
    16.0,
    17.0,
    18.0,
    19.0
  ],
  "train_loss": [
    430.2060287150931,
    398.8821950060256,
    393.4933108065991,
    387.7592150099734,
    379.73464186648107,
    371.8218214968418,
    366.36921075049867,
    360.3658044693318,
    353.8420306266622,
    347.40026920399765,
    340.2313875238946,
    332.707609785364,
    325.94037741803106,
    319.8684627451795,
    314.00452471793966,
    309.30462808811916,
    303.8319182700299,
    299.32585468698056,
    293.4912820369639,
    287.7567547737284
  ],
  "val_loss": [
    394.8470967610677,
    388.57772064208984,
    385.0425033569336,
    376.9979298909505,
    373.23792266845703,
    361.97750091552734,
    355.21959177652997,
    349.3443794250488,
    342.6910463968913,
    336.4145851135254,
    327.41291936238605,
    320.95042673746747,
    316.0320854187012,
    309.7343813578288,
    304.3502082824707,
    298.7279243469238,
    292.9385452270508,
    288.83833567301434,
    282.7985483805339,
    281.1906331380208
  ],
  "val_acc": [
    0.06475300400534045,
    0.07676902536715621,
    0.08411214953271028,
    0.14485981308411214,
    0.19492656875834447,
    0.2129506008010681,
    0.31108144192256343,
    0.34913217623498,
    0.37850467289719625,
    0.438584779706275,
    0.5080106809078772,
    0.5113484646194927,
    0.5387182910547397,
    0.513351134846462,
    0.5634178905206942,
    0.5801068090787717,
    0.5734312416555407,
    0.5607476635514018,
    0.6221628838451269,
    0.6568758344459279
  ],
  "delay_mean": [
    0.43486571311950684,
    0.3906606137752533,
    0.48290038108825684,
    0.9471462965011597,
    1.2540655136108398,
    1.6042695045471191,
    1.9111390113830566,
    2.1141440868377686,
    2.4771981239318848,
    2.8288631439208984,
    3.26847505569458,
    3.858954906463623,
    4.466692924499512,
    5.275177001953125,
    6.071929931640625,
    6.965938568115234,
    7.9598565101623535,
    9.01420783996582,
    10.001419067382812,
    11.043129920959473
  ]
}