{
  "0.0": {
    "mean": 0.9944444444444445,
    "std": 0.0,
    "values": [
      0.9944444444444445,
      0.9944444444444445,
      0.9944444444444445
    ]
  },
  "0.1": {
    "mean": 0.9944444444444445,
    "std": 0.0040004572212394,
    "values": [
      0.9981481481481481,
      0.9888888888888889,
      0.9962962962962963
    ]
  },
  "0.2": {
    "mean": 0.9771604938271605,
    "std": 0.0034918853391928324,
    "values": [
      0.9796296296296296,
      0.9796296296296296,
      0.9722222222222222
    ]
  },
  "0.3": {
    "mean": 0.954320987654321,
    "std": 0.008327615779772897,
    "values": [
      0.9425925925925925,
      0.9592592592592593,
      0.9611111111111111
    ]
  },
  "0.4": {
    "mean": 0.9135802469135802,
    "std": 0.004364856673991001,
    "values": [
      0.9166666666666666,
      0.9166666666666666,
      0.9074074074074074
    ]
  },
  "0.5": {
    "mean": 0.8820987654320988,
    "std": 0.0071455783350556756,
    "values": [
      0.8851851851851852,
      0.8722222222222222,
      0.8888888888888888
    ]
  },
  "0.6": {
    "mean": 0.832716049382716,
    "std": 0.0034918853391928324,
    "values": [
      0.8277777777777777,
      0.8351851851851851,
      0.8351851851851851
    ]
  },
  "0.7": {
    "mean": 0.7962962962962963,
    "std": 0.0040004572212394,
    "values": [
      0.7925925925925926,
      0.8018518518518518,
      0.7944444444444444
    ]
  },
  "0.8": {
    "mean": 0.7666666666666667,
    "std": 0.013094570021973107,
    "values": [
      0.7851851851851852,
      0.7574074074074074,
      0.7574074074074074
    ]
  },
  "0.9": {
    "mean": 0.7444444444444445,
    "std": 0.00692899516069246,
    "values": [
      0.7537037037037037,
      0.7425925925925926,
      0.737037037037037
    ]
  },
  "1.0": {
    "mean": 0.7450617283950617,
    "std": 0.007759138944429949,
    "values": [
      0.7425925925925926,
      0.7555555555555555,
      0.737037037037037
    ]
  }
}