{
  "0.0": {
    "mean": 0.8888888888888888,
    "std": 0.0,
    "values": [
      0.8888888888888888,
      0.8888888888888888,
      0.8888888888888888
    ]
  },
  "0.2": {
    "mean": 0.8648148148148147,
    "std": 0.0026189140043946114,
    "values": [
      0.8629629629629629,
      0.8685185185185185,
      0.8629629629629629
    ]
  },
  "0.4": {
    "mean": 0.8271604938271605,
    "std": 0.00230966505356415,
    "values": [
      0.8296296296296296,
      0.8277777777777777,
      0.8240740740740741
    ]
  },
  "0.6": {
    "mean": 0.7814814814814816,
    "std": 0.0015120307054216943,
    "values": [
      0.7796296296296297,
      0.7814814814814814,
      0.7833333333333333
    ]
  },
  "0.8": {
    "mean": 0.7598765432098765,
    "std": 0.00174594266959639,
    "values": [
      0.7574074074074074,
      0.7611111111111111,
      0.7611111111111111
    ]
  },
  "1.0": {
    "mean": 0.7530864197530863,
    "std": 0.00230966505356415,
    "values": [
      0.75,
      0.7537037037037037,
      0.7555555555555555
    ]
  }
}