{
  "0.0": {
    "mean": 1.0,
    "std": 0.0,
    "values": [
      1.0,
      1.0,
      1.0
    ]
  },
  "0.2": {
    "mean": 0.9777777777777779,
    "std": 0.0040004572212394346,
    "values": [
      0.9722222222222222,
      0.9814814814814815,
      0.9796296296296296
    ]
  },
  "0.4": {
    "mean": 0.7654320987654323,
    "std": 0.0008729713347982211,
    "values": [
      0.7666666666666667,
      0.7648148148148148,
      0.7648148148148148
    ]
  },
  "0.6": {
    "mean": 0.5851851851851851,
    "std": 0.0026189140043946114,
    "values": [
      0.587037037037037,
      0.587037037037037,
      0.5814814814814815
    ]
  },
  "0.8": {
    "mean": 0.5018518518518519,
    "std": 0.002618914004394611,
    "values": [
      0.5,
      0.5055555555555555,
      0.5
    ]
  },
  "1.0": {
    "mean": 0.478395061728395,
    "std": 0.00230966505356415,
    "values": [
      0.48148148148148145,
      0.4759259259259259,
      0.4777777777777778
    ]
  }
}