{
  "0.0": {
    "mean": 0.9944444444444445,
    "std": 0.0,
    "values": [
      0.9944444444444445,
      0.9944444444444445,
      0.9944444444444445
    ]
  },
  "0.2": {
    "mean": 0.9765432098765432,
    "std": 0.0034918853391928324,
    "values": [
      0.9814814814814815,
      0.9740740740740741,
      0.9740740740740741
    ]
  },
  "0.4": {
    "mean": 0.967283950617284,
    "std": 0.0038051938289932097,
    "values": [
      0.9629629629629629,
      0.9722222222222222,
      0.9666666666666667
    ]
  },
  "0.6": {
    "mean": 0.9839506172839506,
    "std": 0.0008729713347982212,
    "values": [
      0.9851851851851852,
      0.9833333333333333,
      0.9833333333333333
    ]
  },
  "0.8": {
    "mean": 0.9777777777777779,
    "std": 0.0015120307054216943,
    "values": [
      0.975925925925926,
      0.9796296296296296,
      0.9777777777777777
    ]
  },
  "1.0": {
    "mean": 0.9827160493827161,
    "std": 0.0008729713347981688,
    "values": [
      0.9814814814814815,
      0.9833333333333333,
      0.9833333333333333
    ]
  }
}