{
  "0.0": {
    "mean": 0.9962962962962963,
    "std": 0.0,
    "values": [
      0.9962962962962963,
      0.9962962962962963,
      0.9962962962962963
    ]
  },
  "0.2": {
    "mean": 0.9932098765432098,
    "std": 0.0023096650535641993,
    "values": [
      0.9962962962962963,
      0.9907407407407407,
      0.9925925925925926
    ]
  },
  "0.4": {
    "mean": 0.987037037037037,
    "std": 0.002618914004394611,
    "values": [
      0.9907407407407407,
      0.9851851851851852,
      0.9851851851851852
    ]
  },
  "0.6": {
    "mean": 0.9833333333333334,
    "std": 0.0015120307054216943,
    "values": [
      0.9833333333333333,
      0.9814814814814815,
      0.9851851851851852
    ]
  },
  "0.8": {
    "mean": 0.967283950617284,
    "std": 0.00230966505356415,
    "values": [
      0.9703703703703703,
      0.9666666666666667,
      0.9648148148148148
    ]
  },
  "1.0": {
    "mean": 0.9555555555555556,
    "std": 0.003024061410843434,
    "values": [
      0.9518518518518518,
      0.9555555555555556,
      0.9592592592592593
    ]
  }
}