{
  "0.0": {
    "mean": 0.9388888888888888,
    "std": 1.1102230246251565e-16,
    "values": [
      0.9388888888888889,
      0.9388888888888889,
      0.9388888888888889
    ]
  },
  "0.2": {
    "mean": 0.8561728395061728,
    "std": 0.0008729713347982212,
    "values": [
      0.8555555555555555,
      0.8574074074074074,
      0.8555555555555555
    ]
  },
  "0.4": {
    "mean": 0.7580246913580247,
    "std": 0.0031475429096251913,
    "values": [
      0.7611111111111111,
      0.7592592592592593,
      0.7537037037037037
    ]
  },
  "0.6": {
    "mean": 0.7185185185185187,
    "std": 0.0015120307054216943,
    "values": [
      0.7166666666666667,
      0.7203703703703703,
      0.7185185185185186
    ]
  },
  "0.8": {
    "mean": 0.7006172839506172,
    "std": 0.00174594266959639,
    "values": [
      0.6981481481481482,
      0.7018518518518518,
      0.7018518518518518
    ]
  },
  "1.0": {
    "mean": 0.6938271604938272,
    "std": 0.0017459426695964424,
    "values": [
      0.6925925925925925,
      0.6962962962962963,
      0.6925925925925925
    ]
  }
}