{
  "0.0": {
    "mean": 0.9962962962962963,
    "std": 0.0,
    "values": [
      0.9962962962962963,
      0.9962962962962963,
      0.9962962962962963
    ]
  },
  "0.1": {
    "mean": 0.9919753086419753,
    "std": 0.00230966505356415,
    "values": [
      0.9925925925925926,
      0.9944444444444445,
      0.9888888888888889
    ]
  },
  "0.2": {
    "mean": 0.9895061728395061,
    "std": 0.00230966505356415,
    "values": [
      0.9925925925925926,
      0.9888888888888889,
      0.987037037037037
    ]
  },
  "0.3": {
    "mean": 0.9858024691358024,
    "std": 0.0031475429096251765,
    "values": [
      0.9888888888888889,
      0.9814814814814815,
      0.987037037037037
    ]
  },
  "0.4": {
    "mean": 0.9753086419753086,
    "std": 0.00230966505356416,
    "values": [
      0.975925925925926,
      0.9722222222222222,
      0.9777777777777777
    ]
  },
  "0.5": {
    "mean": 0.9623456790123456,
    "std": 0.006295085819250353,
    "values": [
      0.9648148148148148,
      0.9685185185185186,
      0.9537037037037037
    ]
  },
  "0.6": {
    "mean": 0.9518518518518517,
    "std": 0.006928995160692508,
    "values": [
      0.9444444444444444,
      0.9611111111111111,
      0.95
    ]
  },
  "0.7": {
    "mean": 0.9203703703703704,
    "std": 0.0075601535271085625,
    "values": [
      0.9111111111111111,
      0.9203703703703704,
      0.9296296296296296
    ]
  },
  "0.8": {
    "mean": 0.908641975308642,
    "std": 0.0031475429096251765,
    "values": [
      0.912962962962963,
      0.9055555555555556,
      0.9074074074074074
    ]
  },
  "0.9": {
    "mean": 0.887037037037037,
    "std": 0.008000914442478869,
    "values": [
      0.8759259259259259,
      0.8944444444444445,
      0.8907407407407407
    ]
  },
  "1.0": {
    "mean": 0.898148148148148,
    "std": 0.0040004572212394,
    "values": [
      0.8962962962962963,
      0.9037037037037037,
      0.8944444444444445
    ]
  }
}