{
  "0.0": {
    "mean": 1.0,
    "std": 0.0,
    "values": [
      1.0,
      1.0,
      1.0
    ]
  },
  "0.2": {
    "mean": 0.9864197530864197,
    "std": 0.0023096650535641993,
    "values": [
      0.987037037037037,
      0.9888888888888889,
      0.9833333333333333
    ]
  },
  "0.4": {
    "mean": 0.8302469135802468,
    "std": 0.007458670354070742,
    "values": [
      0.8240740740740741,
      0.825925925925926,
      0.8407407407407408
    ]
  },
  "0.6": {
    "mean": 0.6716049382716051,
    "std": 0.0008729713347982211,
    "values": [
      0.6722222222222223,
      0.6722222222222223,
      0.6703703703703704
    ]
  },
  "0.8": {
    "mean": 0.5722222222222223,
    "std": 0.008000914442478834,
    "values": [
      0.5611111111111111,
      0.575925925925926,
      0.5796296296296296
    ]
  },
  "1.0": {
    "mean": 0.5388888888888889,
    "std": 0.0,
    "values": [
      0.5388888888888889,
      0.5388888888888889,
      0.5388888888888889
    ]
  }
}