{
  "0.0": {
    "mean": 0.8897795591182365,
    "std": 0.0,
    "values": [
      0.8897795591182365,
      0.8897795591182365,
      0.8897795591182365
    ]
  },
  "0.2": {
    "mean": 0.8750835003340013,
    "std": 0.0034061586597146226,
    "values": [
      0.8764195056780227,
      0.8704074816299265,
      0.8784235136940548
    ]
  },
  "0.4": {
    "mean": 0.8294366510799377,
    "std": 0.006731781989682034,
    "values": [
      0.8316633266533067,
      0.8203072812291249,
      0.8363393453573814
    ]
  },
  "0.6": {
    "mean": 0.6775773769761746,
    "std": 0.005490460033817829,
    "values": [
      0.6713426853707415,
      0.676686706746827,
      0.6847027388109552
    ]
  },
  "0.8": {
    "mean": 0.3460253841015364,
    "std": 0.0,
    "values": [
      0.3460253841015364,
      0.3460253841015364,
      0.3460253841015364
    ]
  }
}