{
  "0.0": {
    "mean": 0.5042735042735043,
    "std": 0.0,
    "values": [
      0.5042735042735043,
      0.5042735042735043,
      0.5042735042735043
    ]
  },
  "0.2": {
    "mean": 0.4603174603174603,
    "std": 0.002637664101916117,
    "values": [
      0.46153846153846156,
      0.45665445665445664,
      0.4627594627594628
    ]
  },
  "0.4": {
    "mean": 0.3581603581603581,
    "std": 0.0020753030173352735,
    "values": [
      0.3553113553113553,
      0.3601953601953602,
      0.358974358974359
    ]
  },
  "0.6": {
    "mean": 0.24216524216524216,
    "std": 0.010231831575072473,
    "values": [
      0.25274725274725274,
      0.2454212454212454,
      0.22832722832722832
    ]
  },
  "0.8": {
    "mean": 0.11843711843711845,
    "std": 0.004984716611280378,
    "values": [
      0.11233211233211234,
      0.11843711843711843,
      0.12454212454212454
    ]
  }
}