{
  "0.0": {
    "mean": 0.7655677655677655,
    "std": 0.0,
    "values": [
      0.7655677655677655,
      0.7655677655677655,
      0.7655677655677655
    ]
  },
  "0.2": {
    "mean": 0.7191697191697192,
    "std": 0.009969433222560721,
    "values": [
      0.7313797313797313,
      0.7191697191697192,
      0.706959706959707
    ]
  },
  "0.4": {
    "mean": 0.6214896214896215,
    "std": 0.006225909052005821,
    "values": [
      0.6190476190476191,
      0.63003663003663,
      0.6153846153846154
    ]
  },
  "0.6": {
    "mean": 0.4607244607244607,
    "std": 0.004150606034670572,
    "values": [
      0.46642246642246643,
      0.45665445665445664,
      0.4590964590964591
    ]
  },
  "0.8": {
    "mean": 0.13715913715913716,
    "std": 0.005841554779978566,
    "values": [
      0.1452991452991453,
      0.13186813186813187,
      0.1343101343101343
    ]
  }
}