{
  "0.0": {
    "mean": 0.5838343353373413,
    "std": 0.0,
    "values": [
      0.5838343353373413,
      0.5838343353373413,
      0.5838343353373413
    ]
  },
  "0.2": {
    "mean": 0.5261634379870853,
    "std": 0.0042365392096282446,
    "values": [
      0.520374081496326,
      0.5303941215764864,
      0.5277221108884436
    ]
  },
  "0.4": {
    "mean": 0.43108439100423074,
    "std": 0.007425220218451616,
    "values": [
      0.43820975283901137,
      0.42084168336673344,
      0.43420173680694724
    ]
  },
  "0.6": {
    "mean": 0.3117345802716544,
    "std": 0.0041657285535225425,
    "values": [
      0.31730126920507684,
      0.3106212424849699,
      0.3072812291249165
    ]
  },
  "0.8": {
    "mean": 0.21888220886216878,
    "std": 0.007719855632758722,
    "values": [
      0.21309285237140949,
      0.22979291917167669,
      0.21376085504342018
    ]
  }
}