{
  "0.0": {
    "mean": 0.23931623931623933,
    "std": 0.0,
    "values": [
      0.23931623931623933,
      0.23931623931623933,
      0.23931623931623933
    ]
  },
  "0.2": {
    "mean": 0.20390720390720393,
    "std": 0.011101491002837496,
    "values": [
      0.21611721611721613,
      0.20634920634920634,
      0.18925518925518925
    ]
  },
  "0.4": {
    "mean": 0.15099715099715103,
    "std": 0.003774366502033253,
    "values": [
      0.14774114774114774,
      0.1562881562881563,
      0.14896214896214896
    ]
  },
  "0.6": {
    "mean": 0.1168091168091168,
    "std": 0.006091424317092294,
    "values": [
      0.12332112332112333,
      0.10866910866910867,
      0.11843711843711843
    ]
  },
  "0.8": {
    "mean": 0.07814407814407814,
    "std": 0.005981659933536456,
    "values": [
      0.07081807081807082,
      0.07814407814407814,
      0.08547008547008547
    ]
  }
}