{
  "0.0": {
    "mean": 0.45054945054945056,
    "std": 0.0,
    "values": [
      0.45054945054945056,
      0.45054945054945056,
      0.45054945054945056
    ]
  },
  "0.2": {
    "mean": 0.35205535205535204,
    "std": 0.0028779274773567416,
    "values": [
      0.3540903540903541,
      0.34798534798534797,
      0.3540903540903541
    ]
  },
  "0.4": {
    "mean": 0.2380952380952381,
    "std": 0.007786376259547817,
    "values": [
      0.2271062271062271,
      0.2442002442002442,
      0.24297924297924298
    ]
  },
  "0.6": {
    "mean": 0.15384615384615385,
    "std": 0.004568568237819214,
    "values": [
      0.14896214896214896,
      0.15262515262515264,
      0.15995115995115994
    ]
  },
  "0.8": {
    "mean": 0.08994708994708996,
    "std": 0.0020753030173352796,
    "values": [
      0.0927960927960928,
      0.08913308913308914,
      0.08791208791208792
    ]
  }
}