{
  "0.0": {
    "mean": 0.43345543345543347,
    "std": 0.0,
    "values": [
      0.43345543345543347,
      0.43345543345543347,
      0.43345543345543347
    ]
  },
  "0.2": {
    "mean": 0.37525437525437527,
    "std": 0.013826038055728957,
    "values": [
      0.3797313797313797,
      0.35653235653235654,
      0.3894993894993895
    ]
  },
  "0.4": {
    "mean": 0.33577533577533575,
    "std": 0.0077863762595478175,
    "values": [
      0.34065934065934067,
      0.3247863247863248,
      0.3418803418803419
    ]
  },
  "0.6": {
    "mean": 0.3374033374033374,
    "std": 0.008595324412675156,
    "values": [
      0.34676434676434675,
      0.326007326007326,
      0.33943833943833945
    ]
  },
  "0.8": {
    "mean": 0.28815628815628813,
    "std": 0.0060641694854502845,
    "values": [
      0.2967032967032967,
      0.28327228327228327,
      0.2844932844932845
    ]
  }
}