{
  "0": {
    "mean": 0.24175824175824176,
    "std": 0.0,
    "values": [
      0.24175824175824176,
      0.24175824175824176,
      0.24175824175824176
    ]
  },
  "1": {
    "mean": 0.26373626373626374,
    "std": 0.011323099506099773,
    "values": [
      0.2576312576312576,
      0.2796092796092796,
      0.25396825396825395
    ]
  },
  "3": {
    "mean": 0.2897842897842898,
    "std": 0.005755854954713457,
    "values": [
      0.2857142857142857,
      0.2857142857142857,
      0.2979242979242979
    ]
  },
  "5": {
    "mean": 0.2975172975172975,
    "std": 0.004604683963770745,
    "values": [
      0.29426129426129427,
      0.29426129426129427,
      0.304029304029304
    ]
  },
  "10": {
    "mean": 0.288970288970289,
    "std": 0.0049178046290576285,
    "values": [
      0.29304029304029305,
      0.29181929181929184,
      0.28205128205128205
    ]
  },
  "17": {
    "mean": 0.23524623524623522,
    "std": 0.010659992554911516,
    "values": [
      0.2271062271062271,
      0.2503052503052503,
      0.22832722832722832
    ]
  },
  "25": {
    "mean": 0.19413919413919412,
    "std": 0.005275328203832196,
    "values": [
      0.18681318681318682,
      0.199023199023199,
      0.19658119658119658
    ]
  }
}