{
  "0": {
    "mean": 0.5364061456245826,
    "std": 0.0,
    "values": [
      0.5364061456245826,
      0.5364061456245826,
      0.5364061456245826
    ]
  },
  "1": {
    "mean": 0.23246492985971945,
    "std": 0.0035765705642861263,
    "values": [
      0.22778891115564462,
      0.23313293253173012,
      0.23647294589178355
    ]
  },
  "3": {
    "mean": 0.2342462703184146,
    "std": 0.006775829015677115,
    "values": [
      0.22979291917167669,
      0.24382097528390115,
      0.229124916499666
    ]
  },
  "5": {
    "mean": 0.222667557336896,
    "std": 0.0022707724398097454,
    "values": [
      0.22578490313961255,
      0.22177688710754842,
      0.22044088176352705
    ]
  },
  "10": {
    "mean": 0.2453796481852594,
    "std": 0.006507076017012881,
    "values": [
      0.23981295925183702,
      0.2545090180360721,
      0.24181696726786908
    ]
  },
  "17": {
    "mean": 0.2451569806279225,
    "std": 0.009556563675740346,
    "values": [
      0.2571810287241149,
      0.24448897795591182,
      0.23380093520374082
    ]
  },
  "25": {
    "mean": 0.23892228902248944,
    "std": 0.008040734840911952,
    "values": [
      0.24649298597194388,
      0.24248496993987975,
      0.22778891115564462
    ]
  }
}