{
  "0": {
    "mean": 0.24175824175824176,
    "std": 0.0,
    "values": [
      0.24175824175824176,
      0.24175824175824176,
      0.24175824175824176
    ]
  },
  "1": {
    "mean": 0.2132682132682133,
    "std": 0.002075303017335286,
    "values": [
      0.21245421245421245,
      0.21611721611721613,
      0.21123321123321123
    ]
  },
  "3": {
    "mean": 0.17867317867317867,
    "std": 0.009835609258115243,
    "values": [
      0.18681318681318682,
      0.16483516483516483,
      0.18437118437118438
    ]
  },
  "5": {
    "mean": 0.14855514855514856,
    "std": 0.009986035121192756,
    "values": [
      0.14407814407814407,
      0.1623931623931624,
      0.1391941391941392
    ]
  },
  "10": {
    "mean": 0.0936100936100936,
    "std": 0.0035011498848362328,
    "values": [
      0.09768009768009768,
      0.09401709401709402,
      0.08913308913308914
    ]
  },
  "17": {
    "mean": 0.07366707366707366,
    "std": 0.004029098468299415,
    "values": [
      0.07081807081807082,
      0.07081807081807082,
      0.07936507936507936
    ]
  },
  "25": {
    "mean": 0.06674806674806676,
    "std": 0.0020753030173352796,
    "values": [
      0.06593406593406594,
      0.06471306471306472,
      0.0695970695970696
    ]
  }
}