{
  "0": {
    "mean": 0.3797313797313797,
    "std": 0.0,
    "values": [
      0.3797313797313797,
      0.3797313797313797,
      0.3797313797313797
    ]
  },
  "1": {
    "mean": 0.1558811558811559,
    "std": 0.008595324412675154,
    "values": [
      0.14652014652014653,
      0.15384615384615385,
      0.16727716727716727
    ]
  },
  "3": {
    "mean": 0.1448921448921449,
    "std": 0.00904603612978953,
    "values": [
      0.14652014652014653,
      0.1330891330891331,
      0.15506715506715507
    ]
  },
  "5": {
    "mean": 0.1457061457061457,
    "std": 0.006486519108876364,
    "values": [
      0.15384615384615385,
      0.13797313797313798,
      0.1452991452991453
    ]
  },
  "10": {
    "mean": 0.1575091575091575,
    "std": 0.004345575194151944,
    "values": [
      0.15995115995115994,
      0.16117216117216118,
      0.1514041514041514
    ]
  },
  "17": {
    "mean": 0.18233618233618232,
    "std": 0.009986035121192751,
    "values": [
      0.16971916971916973,
      0.18315018315018314,
      0.19413919413919414
    ]
  },
  "25": {
    "mean": 0.1737891737891738,
    "std": 0.008478903807895673,
    "values": [
      0.1855921855921856,
      0.16971916971916973,
      0.16605616605616605
    ]
  }
}