{
  "epoch": [
    0.0,
    1.0,
    2.0,
    3.0,
    4.0
  ],
  "train_loss": [
    448.13665184607873,
    400.6539611816406,
    398.8491510244516,
    398.07703399658203,
    397.32635732797473
  ],
  "val_loss": [
    372.7960750034877,
    369.83716474260603,
    369.8135768345424,
    368.76930454799106,
    366.9842965262277
  ],
  "val_acc": [
    0.05372405372405373,
    0.04151404151404151,
    0.04395604395604396,
    0.04395604395604396,
    0.05982905982905983
  ],
  "delay_mean": [
    0.3083501160144806,
    0.3046905994415283,
    0.30651581287384033,
    0.34272563457489014,
    0.3645339608192444
  ]
}