{
  "0": {
    "mean": 0.21509686038744155,
    "std": 0.0,
    "values": [
      0.21509686038744155,
      0.21509686038744155,
      0.21509686038744155
    ]
  },
  "1": {
    "mean": 0.2467156535292808,
    "std": 0.013715309369347131,
    "values": [
      0.25250501002004005,
      0.25985303941215765,
      0.22778891115564462
    ]
  },
  "3": {
    "mean": 0.2349142729904253,
    "std": 0.003101400195320444,
    "values": [
      0.23380093520374082,
      0.23179692718770875,
      0.23914495657982632
    ]
  },
  "5": {
    "mean": 0.20774883099532396,
    "std": 0.003817953284231184,
    "values": [
      0.2124248496993988,
      0.20774883099532399,
      0.20307281229124916
    ]
  },
  "10": {
    "mean": 0.21910487641950568,
    "std": 0.011453859852693551,
    "values": [
      0.20908483633934535,
      0.21309285237140949,
      0.23513694054776219
    ]
  },
  "17": {
    "mean": 0.23535960810509912,
    "std": 0.006130438609635371,
    "values": [
      0.24181696726786908,
      0.23714094856379425,
      0.22712090848363392
    ]
  },
  "25": {
    "mean": 0.23112892451569808,
    "std": 0.008777734733657108,
    "values": [
      0.24114896459585838,
      0.23246492985971945,
      0.21977287909151635
    ]
  }
}