{
  "0": {
    "mean": 0.7728937728937729,
    "std": 0.0,
    "values": [
      0.7728937728937729,
      0.7728937728937729,
      0.7728937728937729
    ]
  },
  "1": {
    "mean": 0.7671957671957671,
    "std": 0.004711370330805987,
    "values": [
      0.7692307692307693,
      0.7716727716727717,
      0.7606837606837606
    ]
  },
  "3": {
    "mean": 0.7912087912087912,
    "std": 0.005550745501418774,
    "values": [
      0.7985347985347986,
      0.7851037851037851,
      0.78998778998779
    ]
  },
  "5": {
    "mean": 0.7590557590557591,
    "std": 0.0025089190081273726,
    "values": [
      0.7557997557997558,
      0.7619047619047619,
      0.7594627594627594
    ]
  },
  "10": {
    "mean": 0.7501017501017501,
    "std": 0.01003567603250949,
    "values": [
      0.7484737484737485,
      0.7631257631257631,
      0.7387057387057387
    ]
  },
  "17": {
    "mean": 0.7305657305657305,
    "std": 0.002075303017335273,
    "values": [
      0.7326007326007326,
      0.7313797313797313,
      0.7277167277167277
    ]
  },
  "25": {
    "mean": 0.7020757020757019,
    "std": 0.00951023316690919,
    "values": [
      0.7142857142857143,
      0.6910866910866911,
      0.7008547008547008
    ]
  }
}