{
  "0": {
    "mean": 0.87374749498998,
    "std": 0.0,
    "values": [
      0.87374749498998,
      0.87374749498998,
      0.87374749498998
    ]
  },
  "1": {
    "mean": 0.856602093075039,
    "std": 0.003945679168708368,
    "values": [
      0.8510354041416166,
      0.8597194388777555,
      0.8590514362057449
    ]
  },
  "3": {
    "mean": 0.7624137163215319,
    "std": 0.00744522533836585,
    "values": [
      0.7541750167000668,
      0.7722110888443554,
      0.7608550434201736
    ]
  },
  "5": {
    "mean": 0.6588733021598753,
    "std": 0.002459443557601265,
    "values": [
      0.6586506346025384,
      0.6559786239144957,
      0.6619906479625919
    ]
  },
  "10": {
    "mean": 0.4854152749944333,
    "std": 0.011978604013638632,
    "values": [
      0.47628590514362057,
      0.5023380093520374,
      0.47762191048764197
    ]
  },
  "17": {
    "mean": 0.3620574482297929,
    "std": 0.0059996408752204305,
    "values": [
      0.35470941883767537,
      0.3620574482297929,
      0.3694054776219105
    ]
  },
  "25": {
    "mean": 0.31841460699176133,
    "std": 0.006575294170667299,
    "values": [
      0.30995323981295925,
      0.3259853039412158,
      0.3193052772211089
    ]
  }
}