{
  "0": {
    "mean": 0.6996336996336995,
    "std": 1.1102230246251565e-16,
    "values": [
      0.6996336996336996,
      0.6996336996336996,
      0.6996336996336996
    ]
  },
  "1": {
    "mean": 0.32967032967032966,
    "std": 0.01055065640766441,
    "values": [
      0.3199023199023199,
      0.3443223443223443,
      0.3247863247863248
    ]
  },
  "3": {
    "mean": 0.28815628815628813,
    "std": 0.00869115038830387,
    "values": [
      0.30036630036630035,
      0.28327228327228327,
      0.28083028083028083
    ]
  },
  "5": {
    "mean": 0.23443223443223446,
    "std": 0.008517887479225206,
    "values": [
      0.22344322344322345,
      0.23565323565323565,
      0.2442002442002442
    ]
  },
  "10": {
    "mean": 0.24542124542124544,
    "std": 0.008160332786228495,
    "values": [
      0.23443223443223443,
      0.25396825396825395,
      0.24786324786324787
    ]
  },
  "17": {
    "mean": 0.22954822954822954,
    "std": 0.008160332786228505,
    "values": [
      0.24053724053724054,
      0.2271062271062271,
      0.221001221001221
    ]
  },
  "25": {
    "mean": 0.20268620268620272,
    "std": 0.004345575194151943,
    "values": [
      0.199023199023199,
      0.2087912087912088,
      0.20024420024420025
    ]
  }
}