{
  "0": {
    "mean": 0.8891115564462257,
    "std": 0.0,
    "values": [
      0.8891115564462257,
      0.8891115564462257,
      0.8891115564462257
    ]
  },
  "1": {
    "mean": 0.8815408594967713,
    "std": 0.0015744973974316195,
    "values": [
      0.8804275217100869,
      0.8837675350701403,
      0.8804275217100869
    ]
  },
  "3": {
    "mean": 0.8797595190380761,
    "std": 0.0042598812001133374,
    "values": [
      0.8857715430861723,
      0.8770875083500334,
      0.8764195056780227
    ]
  },
  "5": {
    "mean": 0.8712981518592741,
    "std": 0.007524713982950699,
    "values": [
      0.8677354709418837,
      0.8643954575818303,
      0.8817635270541082
    ]
  },
  "10": {
    "mean": 0.8494767312402582,
    "std": 0.0027988877955859768,
    "values": [
      0.845691382765531,
      0.8523714094856379,
      0.8503674014696059
    ]
  },
  "17": {
    "mean": 0.8178579380984191,
    "std": 0.0055977755911719536,
    "values": [
      0.8196392785571143,
      0.8236472945891784,
      0.8102872411489646
    ]
  },
  "25": {
    "mean": 0.8044978846582053,
    "std": 0.007872486987158202,
    "values": [
      0.8156312625250501,
      0.7989311957247829,
      0.7989311957247829
    ]
  }
}