{
  "epoch": [
    0.0,
    1.0,
    2.0,
    3.0,
    4.0
  ],
  "train_loss": [
    599.7600261981671,
    599.7600285456731,
    599.7600285456731,
    519.7181924673228,
    394.0901119525616
  ],
  "val_loss": [
    556.9200265066964,
    556.9200265066964,
    556.9200265066964,
    367.1332114083426,
    364.3210885184152
  ],
  "val_acc": [
    0.0463980463980464,
    0.0463980463980464,
    0.0463980463980464,
    0.03540903540903541,
    0.054945054945054944
  ],
  "delay_mean": [
    0.4811118543148041,
    0.4811534285545349,
    0.47881028056144714,
    0.4309179484844208,
    0.7581429481506348
  ]
}