{
  "epoch": [
    0.0,
    1.0,
    2.0,
    3.0,
    4.0
  ],
  "train_loss": [
    430.36975357380317,
    397.562834394739,
    392.6547461976396,
    390.15463776284076,
    385.8960227154671
  ],
  "val_loss": [
    393.0054295857747,
    386.7229283650716,
    383.43833414713544,
    380.0152231852214,
    374.0929311116536
  ],
  "val_acc": [
    0.05473965287049399,
    0.08544726301735647,
    0.10947930574098798,
    0.1268357810413885,
    0.16088117489986647
  ],
  "delay_mean": [
    0.0,
    0.0,
    0.0,
    0.0,
    0.0
  ]
}