{
  "0": {
    "mean": 0.4981684981684982,
    "std": 0.0,
    "values": [
      0.4981684981684982,
      0.4981684981684982,
      0.4981684981684982
    ]
  },
  "1": {
    "mean": 0.1282051282051282,
    "std": 0.0,
    "values": [
      0.1282051282051282,
      0.1282051282051282,
      0.1282051282051282
    ]
  },
  "3": {
    "mean": 0.12739112739112737,
    "std": 0.0005755854954713431,
    "values": [
      0.12698412698412698,
      0.12698412698412698,
      0.1282051282051282
    ]
  },
  "5": {
    "mean": 0.12576312576312576,
    "std": 0.0009969433222560722,
    "values": [
      0.12698412698412698,
      0.12454212454212454,
      0.12576312576312576
    ]
  },
  "10": {
    "mean": 0.12739112739112737,
    "std": 0.0015228560792730805,
    "values": [
      0.12698412698412698,
      0.12942612942612944,
      0.12576312576312576
    ]
  },
  "17": {
    "mean": 0.12576312576312576,
    "std": 0.0009969433222560722,
    "values": [
      0.12698412698412698,
      0.12576312576312576,
      0.12454212454212454
    ]
  },
  "25": {
    "mean": 0.12576312576312576,
    "std": 0.0,
    "values": [
      0.12576312576312576,
      0.12576312576312576,
      0.12576312576312576
    ]
  }
}