{
  "epoch": [
    0.0,
    1.0,
    2.0,
    3.0,
    4.0
  ],
  "train_loss": [
    450.86703315147986,
    400.4591510479267,
    398.76125863882214,
    396.52492464505707,
    393.8652044442984
  ],
  "val_loss": [
    372.9842987060547,
    371.9835750034877,
    369.50609043666293,
    366.80859375,
    363.2160906110491
  ],
  "val_acc": [
    0.047619047619047616,
    0.042735042735042736,
    0.054945054945054944,
    0.05860805860805861,
    0.0757020757020757
  ],
  "delay_mean": [
    0.0,
    0.0,
    0.0,
    0.0,
    0.0
  ]
}