{
  "0": {
    "mean": 0.47741147741147744,
    "std": 0.0,
    "values": [
      0.47741147741147744,
      0.47741147741147744,
      0.47741147741147744
    ]
  },
  "1": {
    "mean": 0.4452584452584453,
    "std": 0.006486519108876364,
    "values": [
      0.4456654456654457,
      0.452991452991453,
      0.4371184371184371
    ]
  },
  "3": {
    "mean": 0.32844932844932845,
    "std": 0.012087295404898257,
    "values": [
      0.3199023199023199,
      0.34554334554334554,
      0.3199023199023199
    ]
  },
  "5": {
    "mean": 0.358974358974359,
    "std": 0.005981659933536433,
    "values": [
      0.3663003663003663,
      0.3516483516483517,
      0.358974358974359
    ]
  },
  "10": {
    "mean": 0.3146113146113146,
    "std": 0.010981471357942252,
    "values": [
      0.3235653235653236,
      0.29914529914529914,
      0.32112332112332115
    ]
  },
  "17": {
    "mean": 0.2266992266992267,
    "std": 0.0030457121585461483,
    "values": [
      0.23076923076923078,
      0.2258852258852259,
      0.22344322344322345
    ]
  },
  "25": {
    "mean": 0.1851851851851852,
    "std": 0.006786052910269866,
    "values": [
      0.18803418803418803,
      0.1916971916971917,
      0.17582417582417584
    ]
  }
}