{
  "epoch": [
    0.0,
    1.0,
    2.0,
    3.0,
    4.0
  ],
  "train_loss": [
    448.03126467191254,
    400.438475388747,
    398.54366361177887,
    397.5934712336614,
    396.16549623929535
  ],
  "val_loss": [
    372.7014421735491,
    370.19107709612166,
    369.831795828683,
    369.37179783412387,
    366.2628653390067
  ],
  "val_acc": [
    0.040293040293040296,
    0.040293040293040296,
    0.047619047619047616,
    0.047619047619047616,
    0.06349206349206349
  ],
  "delay_mean": [
    0.0,
    0.0,
    0.0,
    0.0,
    0.0
  ]
}