{
  "epoch": [
    0.0,
    1.0,
    2.0,
    3.0,
    4.0
  ],
  "train_loss": [
    599.7600261981671,
    599.7600285456731,
    599.7600285456731,
    457.22953326885516,
    393.8946216289814
  ],
  "val_loss": [
    556.9200265066964,
    556.9200265066964,
    556.9200265066964,
    365.6850106375558,
    364.1807207380022
  ],
  "val_acc": [
    0.0463980463980464,
    0.0463980463980464,
    0.0463980463980464,
    0.04884004884004884,
    0.0463980463980464
  ],
  "delay_mean": [
    0.4810860753059387,
    0.480937123298645,
    0.4729505181312561,
    0.5250738859176636,
    0.7251803874969482
  ]
}