{
  "0": {
    "mean": 0.13293253173012692,
    "std": 0.0,
    "values": [
      0.13293253173012692,
      0.13293253173012692,
      0.13293253173012692
    ]
  },
  "1": {
    "mean": 0.17056334892006234,
    "std": 0.011853780141800194,
    "values": [
      0.15497661990647962,
      0.18370073480293922,
      0.1730126920507682
    ]
  },
  "3": {
    "mean": 0.19349810732576264,
    "std": 0.0031489947948632655,
    "values": [
      0.1957247828991316,
      0.1957247828991316,
      0.18904475617902472
    ]
  },
  "5": {
    "mean": 0.17768871075484302,
    "std": 0.004259881200113339,
    "values": [
      0.18036072144288579,
      0.17167668670674682,
      0.18102872411489646
    ]
  },
  "10": {
    "mean": 0.18770875083500335,
    "std": 0.003317671882821499,
    "values": [
      0.1903807615230461,
      0.18303273213092852,
      0.18971275885103542
    ]
  },
  "17": {
    "mean": 0.20240480961923848,
    "std": 0.011492752527779062,
    "values": [
      0.2010688042752171,
      0.18904475617902472,
      0.21710086840347362
    ]
  },
  "25": {
    "mean": 0.194834112669784,
    "std": 0.007796544822984458,
    "values": [
      0.1843687374749499,
      0.19706078824315298,
      0.20307281229124916
    ]
  }
}