{
  "0": {
    "mean": 0.5811623246492986,
    "std": 0.0,
    "values": [
      0.5811623246492986,
      0.5811623246492986,
      0.5811623246492986
    ]
  },
  "1": {
    "mean": 0.5885103540414162,
    "std": 0.003933093238177603,
    "values": [
      0.5925183700734803,
      0.5898463593854375,
      0.5831663326653307
    ]
  },
  "3": {
    "mean": 0.6170118013805389,
    "std": 0.006274327679182965,
    "values": [
      0.6172344689378757,
      0.6092184368737475,
      0.6245824983299934
    ]
  },
  "5": {
    "mean": 0.6408372300155868,
    "std": 0.00031489947948629257,
    "values": [
      0.6406145624582499,
      0.6406145624582499,
      0.6412825651302605
    ]
  },
  "10": {
    "mean": 0.6457359162769983,
    "std": 0.006297989589726531,
    "values": [
      0.6546426185704742,
      0.6412825651302605,
      0.6412825651302605
    ]
  },
  "17": {
    "mean": 0.6602093075038967,
    "std": 0.0020649339780663017,
    "values": [
      0.6619906479625919,
      0.6613226452905812,
      0.657314629258517
    ]
  },
  "25": {
    "mean": 0.6562012914718326,
    "std": 0.004574179154792724,
    "values": [
      0.6533066132264529,
      0.6626586506346025,
      0.6526386105544422
    ]
  }
}