{
  "0": {
    "mean": 0.05372405372405373,
    "std": 0.0,
    "values": [
      0.05372405372405373,
      0.05372405372405373,
      0.05372405372405373
    ]
  },
  "1": {
    "mean": 0.053317053317053324,
    "std": 0.0025089190081273812,
    "values": [
      0.05616605616605617,
      0.050061050061050064,
      0.05372405372405373
    ]
  },
  "3": {
    "mean": 0.05982905982905983,
    "std": 0.004984716611280378,
    "values": [
      0.05372405372405373,
      0.06593406593406594,
      0.05982905982905983
    ]
  },
  "5": {
    "mean": 0.04721204721204721,
    "std": 0.004711370330805954,
    "values": [
      0.05372405372405373,
      0.045177045177045176,
      0.042735042735042736
    ]
  },
  "10": {
    "mean": 0.05168905168905169,
    "std": 0.004711370330805954,
    "values": [
      0.05372405372405373,
      0.05616605616605617,
      0.045177045177045176
    ]
  },
  "17": {
    "mean": 0.055759055759055765,
    "std": 0.004711370330805952,
    "values": [
      0.06227106227106227,
      0.05128205128205128,
      0.05372405372405373
    ]
  },
  "25": {
    "mean": 0.05942205942205942,
    "std": 0.0030457121585461444,
    "values": [
      0.05616605616605617,
      0.05860805860805861,
      0.06349206349206349
    ]
  }
}