{
  "0": {
    "mean": 0.6265865063460254,
    "std": 0.0,
    "values": [
      0.6265865063460254,
      0.6265865063460254,
      0.6265865063460254
    ]
  },
  "5": {
    "mean": 0.11823647294589178,
    "std": 0.0005454218977473145,
    "values": [
      0.11756847027388109,
      0.11823647294589178,
      0.11890447561790247
    ]
  },
  "10": {
    "mean": 0.1458472500556669,
    "std": 0.009898067588907981,
    "values": [
      0.13694054776219106,
      0.15965263861055445,
      0.1409485637942552
    ]
  },
  "15": {
    "mean": 0.14473391226898238,
    "std": 0.004638758997105242,
    "values": [
      0.13827655310621242,
      0.14896459585838343,
      0.14696058784235136
    ]
  },
  "20": {
    "mean": 0.12224448897795591,
    "std": 0.00851976240022667,
    "values": [
      0.1342685370741483,
      0.11556446225784903,
      0.11690046760187041
    ]
  },
  "25": {
    "mean": 0.13159652638610553,
    "std": 0.005668190630753881,
    "values": [
      0.1396125584502338,
      0.12758851035404142,
      0.12758851035404142
    ]
  }
}