{
  "epoch": [
    0.0,
    1.0,
    2.0,
    3.0,
    4.0
  ],
  "train_loss": [
    451.6485765897311,
    400.8064610407903,
    399.4305953979492,
    397.04395763690655,
    394.5272263746995
  ],
  "val_loss": [
    372.3957301548549,
    370.45965358189176,
    369.60464913504467,
    366.97787039620533,
    364.7903725760324
  ],
  "val_acc": [
    0.04884004884004884,
    0.05128205128205128,
    0.0463980463980464,
    0.050061050061050064,
    0.06593406593406594
  ],
  "delay_mean": [
    0.29568591713905334,
    0.2824161648750305,
    0.27804845571517944,
    0.3077450692653656,
    0.3413845896720886
  ]
}