{
  "epoch": [
    0.0,
    1.0,
    2.0,
    3.0,
    4.0
  ],
  "train_loss": [
    599.7600261981671,
    599.7600285456731,
    599.7600285456731,
    599.7600261981671,
    419.28587341308594
  ],
  "val_loss": [
    556.9200265066964,
    556.9200265066964,
    556.9200265066964,
    553.0121677943638,
    367.38324192592074
  ],
  "val_acc": [
    0.0463980463980464,
    0.0463980463980464,
    0.0463980463980464,
    0.06471306471306472,
    0.040293040293040296
  ],
  "delay_mean": [
    0.4811474084854126,
    0.4814629554748535,
    0.4808380603790283,
    0.454598069190979,
    0.4073885679244995
  ]
}