{
  "epoch": [
    0.0,
    1.0,
    2.0,
    3.0,
    4.0,
    5.0,
    6.0,
    7.0,
    8.0,
    9.0,
    10.0,
    11.0,
    12.0,
    13.0,
    14.0,
    15.0,
    16.0,
    17.0,
    18.0,
    19.0
  ],
  "train_loss": [
    592.9150663335273,
    507.6030909761469,
    429.079593739611,
    410.7454924887799,
    407.42825706968915,
    405.0100130121759,
    403.266289893617,
    401.60778159283575,
    398.7859717835771,
    396.56128903652757,
    395.19703447057844,
    394.8603353297457,
    394.0234128262134,
    393.3501716776097,
    392.35639661423704,
    392.1584667449302,
    390.92065364756485,
    390.8269809154754,
    390.8353764960106,
    389.87001070063167
  ],
  "val_loss": [
    531.1408233642578,
    436.56793212890625,
    409.51646423339844,
    398.85897064208984,
    398.5472997029622,
    396.04313405354816,
    398.0906295776367,
    391.6679204305013,
    389.2943878173828,
    387.7850163777669,
    387.67875417073566,
    386.4902089436849,
    385.8858388264974,
    384.88938903808594,
    384.3185551961263,
    383.97104899088544,
    383.5833485921224,
    382.2896016438802,
    381.6150156656901,
    382.67188771565753
  ],
  "val_acc": [
    0.049399198931909215,
    0.05540720961281709,
    0.06008010680907877,
    0.056742323097463285,
    0.05473965287049399,
    0.06275033377837116,
    0.06875834445927904,
    0.08077436582109479,
    0.09546061415220294,
    0.10146862483311081,
    0.09879839786381843,
    0.1054739652870494,
    0.10614152202937249,
    0.11281708945260348,
    0.10146862483311081,
    0.11214953271028037,
    0.11415220293724966,
    0.12483311081441922,
    0.12416555407209613,
    0.12349799732977303
  ],
  "delay_mean": [
    0.472724586725235,
    0.4730651080608368,
    0.4730477035045624,
    0.4897528886795044,
    0.5147031545639038,
    0.5347288250923157,
    0.5425696969032288,
    0.5449838638305664,
    0.5627988576889038,
    0.5608946084976196,
    0.5673279762268066,
    0.5820141434669495,
    0.6076656579971313,
    0.6157850027084351,
    0.6278043985366821,
    0.636341392993927,
    0.6784085035324097,
    0.6925283074378967,
    0.6932958960533142,
    0.7164198160171509
  ]
}