{
  "epoch": [
    0.0,
    1.0,
    2.0,
    3.0,
    4.0
  ],
  "train_loss": [
    461.3864587637094,
    398.31741919884314,
    395.1073232797476,
    393.66375732421875,
    391.601069523738
  ],
  "val_loss": [
    372.0371573311942,
    367.591794695173,
    366.1614336286272,
    364.4100080217634,
    361.91607666015625
  ],
  "val_acc": [
    0.0463980463980464,
    0.050061050061050064,
    0.05128205128205128,
    0.050061050061050064,
    0.08180708180708181
  ],
  "delay_mean": [
    0.3755210041999817,
    0.3785999119281769,
    0.4294287860393524,
    0.5059481859207153,
    0.5795807838439941
  ]
}