{
  "0": {
    "mean": 0.8637274549098196,
    "std": 0.0,
    "values": [
      0.8637274549098196,
      0.8637274549098196,
      0.8637274549098196
    ]
  },
  "3": {
    "mean": 0.35626809173903357,
    "std": 0.007910184666369002,
    "values": [
      0.3466933867735471,
      0.36606546426185704,
      0.3560454241816967
    ]
  },
  "5": {
    "mean": 0.2910264974393231,
    "std": 0.0025775633272746073,
    "values": [
      0.2899131596526386,
      0.28857715430861725,
      0.29458917835671344
    ]
  },
  "10": {
    "mean": 0.31707860164773993,
    "std": 0.0062743276791829665,
    "values": [
      0.31730126920507684,
      0.3092852371409486,
      0.3246492985971944
    ]
  },
  "17": {
    "mean": 0.30973057225562234,
    "std": 0.011445199087861412,
    "values": [
      0.31462925851703405,
      0.2939211756847027,
      0.32064128256513025
    ]
  },
  "25": {
    "mean": 0.29213983522600756,
    "std": 0.007242688028185513,
    "values": [
      0.2818971275885104,
      0.2972611890447562,
      0.2972611890447562
    ]
  }
}