{
  "epoch": [
    0.0,
    1.0,
    2.0,
    3.0,
    4.0
  ],
  "train_loss": [
    445.57506869701626,
    395.90059970287564,
    387.43543779089094,
    381.22804292719417,
    375.6227722167969
  ],
  "val_loss": [
    395.68792724609375,
    385.1639684041341,
    376.81375376383465,
    371.10584513346356,
    365.1062545776367
  ],
  "val_acc": [
    0.05540720961281709,
    0.1048064085447263,
    0.15353805073431243,
    0.17156208277703605,
    0.23965287049399198
  ],
  "delay_mean": [
    0.3349163234233856,
    0.4370393753051758,
    0.5868914127349854,
    0.7662551999092102,
    0.972052276134491
  ]
}