{
  "epoch": [
    0.0,
    1.0,
    2.0,
    3.0,
    4.0
  ],
  "train_loss": [
    442.2516083412982,
    396.74176934424867,
    389.52538283327794,
    384.02767359956783,
    377.6792115556433
  ],
  "val_loss": [
    390.9704233805339,
    384.22731018066406,
    378.1656316121419,
    372.90084584554035,
    366.5310516357422
  ],
  "val_acc": [
    0.06542056074766354,
    0.10347129506008011,
    0.16088117489986647,
    0.16688918558077437,
    0.21228304405874499
  ],
  "delay_mean": [
    0.0,
    0.0,
    0.0,
    0.0,
    0.0
  ]
}