{
  "epoch": [
    0.0,
    1.0,
    2.0,
    3.0,
    4.0
  ],
  "train_loss": [
    442.7440575132979,
    396.2338458122091,
    389.68948234395776,
    384.7844816167304,
    379.9588408774518
  ],
  "val_loss": [
    391.37772369384766,
    385.1956481933594,
    379.8583348592122,
    376.05667368570965,
    367.49188741048175
  ],
  "val_acc": [
    0.056074766355140186,
    0.102803738317757,
    0.14352469959946595,
    0.15287049399198932,
    0.2389853137516689
  ],
  "delay_mean": [
    0.35513022541999817,
    0.42330628633499146,
    0.5759563446044922,
    0.7010496258735657,
    0.9165234565734863
  ]
}