{
  "epoch": [
    0.0,
    1.0,
    2.0,
    3.0,
    4.0
  ],
  "train_loss": [
    430.1418262238198,
    400.310704657372,
    396.257354087018,
    392.70655595495344,
    388.93485081449467
  ],
  "val_loss": [
    394.78564198811847,
    390.6445948282878,
    385.98585001627606,
    382.3806330362956,
    377.7752151489258
  ],
  "val_acc": [
    0.0514018691588785,
    0.06608811748998665,
    0.08477970627503338,
    0.1348464619492657,
    0.15287049399198932
  ],
  "delay_mean": [
    0.0,
    0.0,
    0.0,
    0.0,
    0.0
  ]
}