{
  "epoch": [
    0.0,
    1.0,
    2.0,
    3.0,
    4.0
  ],
  "train_loss": [
    599.7600261981671,
    599.7600285456731,
    599.7600285456731,
    599.7600261981671,
    477.18934279221753
  ],
  "val_loss": [
    556.9200265066964,
    556.9200265066964,
    556.9200265066964,
    556.9200265066964,
    364.58643886021207
  ],
  "val_acc": [
    0.0463980463980464,
    0.0463980463980464,
    0.0463980463980464,
    0.0463980463980464,
    0.047619047619047616
  ],
  "delay_mean": [
    0.4811464548110962,
    0.48150789737701416,
    0.48125073313713074,
    0.4754842519760132,
    0.38646751642227173
  ]
}