{
  "epoch": [
    0.0,
    1.0,
    2.0,
    3.0,
    4.0
  ],
  "train_loss": [
    599.7600261981671,
    599.7600261981671,
    599.7600261981671,
    599.7600285456731,
    416.78721970778247
  ],
  "val_loss": [
    556.9200265066964,
    556.9200265066964,
    556.9200265066964,
    552.2503836495536,
    363.2810799734933
  ],
  "val_acc": [
    0.0463980463980464,
    0.0463980463980464,
    0.0463980463980464,
    0.05128205128205128,
    0.047619047619047616
  ],
  "delay_mean": [
    0.0,
    0.0,
    0.0,
    0.0,
    0.0
  ]
}