{
  "epoch": [
    0.0,
    1.0,
    2.0,
    3.0,
    4.0,
    5.0,
    6.0,
    7.0,
    8.0,
    9.0,
    10.0,
    11.0,
    12.0,
    13.0,
    14.0,
    15.0,
    16.0,
    17.0,
    18.0,
    19.0
  ],
  "train_loss": [
    592.0176183822307,
    509.77271286984706,
    422.9579915797457,
    412.55123706574136,
    408.8258641019781,
    406.99096809549536,
    405.400386729139,
    402.90086527073635,
    399.329954106757,
    396.4438444096991,
    395.1187848030253,
    394.53628929625165,
    393.67963880173704,
    393.1414463773687,
    392.772829096368,
    392.0260749979222,
    390.95150172456783,
    390.7970873244265,
    389.7886326566656,
    389.3071944865775
  ],
  "val_loss": [
    530.7879028320312,
    424.50793711344403,
    407.62210337320965,
    401.4306411743164,
    398.8610560099284,
    398.3216730753581,
    395.41084543863934,
    394.0402196248372,
    395.90437571207684,
    388.3568878173828,
    387.3818868001302,
    388.10021718343097,
    384.83521525065106,
    385.59938557942706,
    384.1008478800456,
    384.60230255126953,
    382.4868876139323,
    382.0595982869466,
    381.8756383260091,
    382.1920979817708
  ],
  "val_acc": [
    0.050066755674232306,
    0.0540720961281709,
    0.04606141522029372,
    0.06074766355140187,
    0.06408544726301736,
    0.07610146862483311,
    0.07076101468624833,
    0.08077436582109479,
    0.08811748998664887,
    0.102803738317757,
    0.08945260347129506,
    0.10080106809078772,
    0.10013351134846461,
    0.10947930574098798,
    0.11949265687583445,
    0.11748998664886515,
    0.12349799732977303,
    0.12817089452603472,
    0.1308411214953271,
    0.1288384512683578
  ],
  "delay_mean": [
    0.4811481535434723,
    0.48889726400375366,
    0.49727654457092285,
    0.5328182578086853,
    0.5299169421195984,
    0.5463231801986694,
    0.574986457824707,
    0.5915988087654114,
    0.5910073518753052,
    0.5845972299575806,
    0.5970412492752075,
    0.5979757308959961,
    0.6368743777275085,
    0.6182568073272705,
    0.6429782509803772,
    0.642284095287323,
    0.6647816896438599,
    0.6678565740585327,
    0.6815212965011597,
    0.7023528814315796
  ]
}