{
  "epoch": [
    0.0,
    1.0,
    2.0,
    3.0,
    4.0
  ],
  "train_loss": [
    599.7600261981671,
    599.7600285456731,
    599.7600285456731,
    599.7600261981671,
    557.1261819692759
  ],
  "val_loss": [
    556.9200265066964,
    556.9200265066964,
    556.9200265066964,
    556.9200265066964,
    374.53822108677457
  ],
  "val_acc": [
    0.0463980463980464,
    0.0463980463980464,
    0.0463980463980464,
    0.0463980463980464,
    0.050061050061050064
  ],
  "delay_mean": [
    0.4811564087867737,
    0.4815114140510559,
    0.4814164936542511,
    0.47620487213134766,
    0.4413949251174927
  ]
}