{
  "epoch": [
    0.0,
    1.0,
    2.0,
    3.0,
    4.0
  ],
  "train_loss": [
    599.7600261981671,
    599.7600285456731,
    599.7600285456731,
    599.7600261981671,
    599.0062760573167
  ],
  "val_loss": [
    556.9200265066964,
    556.9200265066964,
    556.9200265066964,
    556.9200265066964,
    433.3078831263951
  ],
  "val_acc": [
    0.0463980463980464,
    0.0463980463980464,
    0.0463980463980464,
    0.0463980463980464,
    0.03296703296703297
  ],
  "delay_mean": [
    0.48113155364990234,
    0.481442928314209,
    0.48119574785232544,
    0.4747500717639923,
    0.4642915427684784
  ]
}