{
  "0": {
    "mean": 0.8790915163660654,
    "std": 0.0,
    "values": [
      0.8790915163660654,
      0.8790915163660654,
      0.8790915163660654
    ]
  },
  "1": {
    "mean": 0.411266978401247,
    "std": 0.004236539209628251,
    "values": [
      0.40547762191048764,
      0.41549766199064797,
      0.41282565130260523
    ]
  },
  "2": {
    "mean": 0.3774215096860387,
    "std": 0.013326611451743476,
    "values": [
      0.3587174348697395,
      0.38877755511022044,
      0.3847695390781563
    ]
  },
  "3": {
    "mean": 0.3611667780004453,
    "std": 0.0015744973974316458,
    "values": [
      0.3633934535738143,
      0.36005344021376084,
      0.36005344021376084
    ]
  },
  "4": {
    "mean": 0.3186372745490982,
    "std": 0.00803456626705353,
    "values": [
      0.3246492985971944,
      0.3072812291249165,
      0.3239812959251837
    ]
  },
  "5": {
    "mean": 0.2965931863727455,
    "std": 0.006146592626070931,
    "values": [
      0.2925851703406814,
      0.30527722110888444,
      0.29191716766867065
    ]
  }
}