{
  "epoch": [
    0.0,
    1.0,
    2.0,
    3.0,
    4.0,
    5.0,
    6.0,
    7.0,
    8.0,
    9.0,
    10.0,
    11.0,
    12.0,
    13.0,
    14.0,
    15.0,
    16.0,
    17.0,
    18.0,
    19.0
  ],
  "train_loss": [
    584.978309144365,
    497.3639974391207,
    422.05990925241025,
    411.466131981383,
    409.5941090685256,
    408.8835273905003,
    407.15304695291724,
    405.3985212610123,
    404.0654881254156,
    401.5088384100731,
    400.6014508186503,
    398.7542120750914,
    397.60171703582114,
    397.39054253760804,
    396.49113366958943,
    396.0516617145944,
    395.7356541410406,
    395.1999031229222,
    394.5801209794714,
    393.9297459379156
  ],
  "val_loss": [
    522.9014689127604,
    428.44356536865234,
    404.60022989908856,
    402.5960439046224,
    401.7731348673503,
    399.2943878173828,
    399.20897165934247,
    397.30564371744794,
    395.3887761433919,
    393.7602233886719,
    391.62168375651044,
    389.72501373291016,
    389.3954264322917,
    388.4322967529297,
    388.4083506266276,
    388.01064046223956,
    386.9568862915039,
    387.1237614949544,
    386.59229532877606,
    385.2162602742513
  ],
  "val_acc": [
    0.050734312416555405,
    0.050734312416555405,
    0.04806408544726302,
    0.05807743658210948,
    0.056742323097463285,
    0.05874499332443257,
    0.05740987983978638,
    0.0534045393858478,
    0.06008010680907877,
    0.0787716955941255,
    0.0814419225634179,
    0.08744993324432576,
    0.08878504672897196,
    0.09612817089452604,
    0.09345794392523364,
    0.09546061415220294,
    0.09412550066755675,
    0.10146862483311081,
    0.10080106809078772,
    0.11882510013351134
  ],
  "delay_mean": [
    0.4744604229927063,
    0.4699067175388336,
    0.4699067175388336,
    0.4705796539783478,
    0.4716349244117737,
    0.4825538098812103,
    0.4859575629234314,
    0.5031867027282715,
    0.5198189616203308,
    0.5477803945541382,
    0.553378701210022,
    0.5692631006240845,
    0.5827689170837402,
    0.5847499370574951,
    0.5963473916053772,
    0.6209841966629028,
    0.6636686325073242,
    0.6732501983642578,
    0.7035160064697266,
    0.7250388860702515
  ]
}