{
  "epoch": [
    0.0,
    1.0,
    2.0,
    3.0,
    4.0
  ],
  "train_loss": [
    439.34671410093915,
    397.42953621072974,
    390.41203210708943,
    385.42953101624835,
    379.35958472718585
  ],
  "val_loss": [
    396.1879170735677,
    385.4502232869466,
    381.49896748860675,
    374.3177210489909,
    368.4764709472656
  ],
  "val_acc": [
    0.042723631508678236,
    0.09078771695594126,
    0.10881174899866489,
    0.14886515353805074,
    0.20293724966622162
  ],
  "delay_mean": [
    0.3044244050979614,
    0.32504376769065857,
    0.47663170099258423,
    0.587394118309021,
    0.7388389706611633
  ]
}