{
  "epoch": [
    0.0,
    1.0,
    2.0,
    3.0,
    4.0
  ],
  "train_loss": [
    457.66885845477765,
    399.63405080942005,
    397.15385378324066,
    395.2771301269531,
    392.630972642165
  ],
  "val_loss": [
    371.9564448765346,
    368.69751412527904,
    367.8632245744978,
    365.29143197195873,
    362.89501517159596
  ],
  "val_acc": [
    0.05128205128205128,
    0.04395604395604396,
    0.04884004884004884,
    0.05128205128205128,
    0.0757020757020757
  ],
  "delay_mean": [
    0.3336792588233948,
    0.33255326747894287,
    0.3465030789375305,
    0.3791888356208801,
    0.4197674095630646
  ]
}