{
  "epoch": [
    0.0,
    1.0,
    2.0,
    3.0,
    4.0
  ],
  "train_loss": [
    459.62847489577075,
    398.95953779954175,
    395.6179944551908,
    395.16876220703125,
    393.0302071204552
  ],
  "val_loss": [
    371.41358729771207,
    368.2496534075056,
    366.68787928989957,
    367.0668051583426,
    363.3671569824219
  ],
  "val_acc": [
    0.057387057387057384,
    0.0463980463980464,
    0.05372405372405373,
    0.05616605616605617,
    0.07203907203907203
  ],
  "delay_mean": [
    0.0,
    0.0,
    0.0,
    0.0,
    0.0
  ]
}