{
  "0": {
    "mean": 0.06227106227106227,
    "std": 0.0,
    "values": [
      0.06227106227106227,
      0.06227106227106227,
      0.06227106227106227
    ]
  },
  "1": {
    "mean": 0.06919006919006919,
    "std": 0.003774366502033253,
    "values": [
      0.06593406593406594,
      0.06715506715506715,
      0.07448107448107448
    ]
  },
  "3": {
    "mean": 0.05453805453805454,
    "std": 0.0005755854954713431,
    "values": [
      0.05372405372405373,
      0.054945054945054944,
      0.054945054945054944
    ]
  },
  "5": {
    "mean": 0.0638990638990639,
    "std": 0.0070729129820849695,
    "values": [
      0.07326007326007326,
      0.06227106227106227,
      0.05616605616605617
    ]
  },
  "10": {
    "mean": 0.07733007733007734,
    "std": 0.003204724409447218,
    "values": [
      0.0757020757020757,
      0.07448107448107448,
      0.08180708180708181
    ]
  },
  "17": {
    "mean": 0.06756206756206758,
    "std": 0.0020753030173352796,
    "values": [
      0.0695970695970696,
      0.06471306471306472,
      0.06837606837606838
    ]
  },
  "25": {
    "mean": 0.060236060236060235,
    "std": 0.003045712158546145,
    "values": [
      0.06105006105006105,
      0.05616605616605617,
      0.06349206349206349
    ]
  }
}