{
  "epoch": [
    0.0,
    1.0,
    2.0,
    3.0,
    4.0
  ],
  "train_loss": [
    434.8151764565326,
    397.43910769198806,
    390.3248531260389,
    386.4722419901097,
    380.8979920732214
  ],
  "val_loss": [
    393.1260477701823,
    385.68084208170575,
    382.47751871744794,
    376.32772064208984,
    369.7033386230469
  ],
  "val_acc": [
    0.05941255006675567,
    0.09279038718291055,
    0.11148197596795728,
    0.15020026702269693,
    0.2102803738317757
  ],
  "delay_mean": [
    0.28895115852355957,
    0.34290772676467896,
    0.36357247829437256,
    0.4632513225078583,
    0.5681078433990479
  ]
}