{
  "0": {
    "mean": 0.04884004884004884,
    "std": 0.0,
    "values": [
      0.04884004884004884,
      0.04884004884004884,
      0.04884004884004884
    ]
  },
  "1": {
    "mean": 0.03663003663003663,
    "std": 0.00199388664451215,
    "values": [
      0.03663003663003663,
      0.03907203907203907,
      0.03418803418803419
    ]
  },
  "3": {
    "mean": 0.05087505087505088,
    "std": 0.0035011498848362328,
    "values": [
      0.05128205128205128,
      0.0463980463980464,
      0.054945054945054944
    ]
  },
  "5": {
    "mean": 0.07366707366707366,
    "std": 0.007212065586760012,
    "values": [
      0.06349206349206349,
      0.07936507936507936,
      0.07814407814407814
    ]
  },
  "10": {
    "mean": 0.0927960927960928,
    "std": 0.004568568237819216,
    "values": [
      0.09157509157509157,
      0.0989010989010989,
      0.08791208791208792
    ]
  },
  "17": {
    "mean": 0.06634106634106635,
    "std": 0.0077437108630201285,
    "values": [
      0.05860805860805861,
      0.06349206349206349,
      0.07692307692307693
    ]
  },
  "25": {
    "mean": 0.07936507936507936,
    "std": 0.0065373945479076205,
    "values": [
      0.07203907203907203,
      0.07814407814407814,
      0.08791208791208792
    ]
  }
}