{
  "epoch": [
    0.0,
    1.0,
    2.0,
    3.0,
    4.0
  ],
  "train_loss": [
    438.5342238405918,
    396.1137377150515,
    389.7692143866356,
    385.305912098986,
    379.2614986338514
  ],
  "val_loss": [
    391.0079294840495,
    384.95314025878906,
    378.51209767659503,
    374.32542419433594,
    367.78626759847003
  ],
  "val_acc": [
    0.05941255006675567,
    0.0814419225634179,
    0.11615487316421896,
    0.1602136181575434,
    0.19692923898531375
  ],
  "delay_mean": [
    0.0,
    0.0,
    0.0,
    0.0,
    0.0
  ]
}