{
  "epoch": [
    0.0,
    1.0,
    2.0,
    3.0,
    4.0
  ],
  "train_loss": [
    442.91771111121545,
    400.89934305044324,
    399.9000220665565,
    398.47521033653845,
    396.26222933255707
  ],
  "val_loss": [
    374.05787440708707,
    371.32501002720426,
    371.44929068429127,
    369.6539393833705,
    366.0360870361328
  ],
  "val_acc": [
    0.042735042735042736,
    0.050061050061050064,
    0.03540903540903541,
    0.04395604395604396,
    0.06105006105006105
  ],
  "delay_mean": [
    0.36691659688949585,
    0.3677287697792053,
    0.3794037401676178,
    0.41414767503738403,
    0.4539666771888733
  ]
}