{
  "0": {
    "mean": 0.43345543345543347,
    "std": 0.0,
    "values": [
      0.43345543345543347,
      0.43345543345543347,
      0.43345543345543347
    ]
  },
  "1": {
    "mean": 0.44078144078144077,
    "std": 0.011323099506099747,
    "values": [
      0.4346764346764347,
      0.43101343101343104,
      0.45665445665445664
    ]
  },
  "3": {
    "mean": 0.46520146520146516,
    "std": 0.013705704713457657,
    "values": [
      0.46886446886446886,
      0.47985347985347987,
      0.4468864468864469
    ]
  },
  "5": {
    "mean": 0.4607244607244607,
    "std": 0.003204724409447231,
    "values": [
      0.45787545787545786,
      0.4590964590964591,
      0.4652014652014652
    ]
  },
  "10": {
    "mean": 0.4635734635734636,
    "std": 0.007743710863020123,
    "values": [
      0.46642246642246643,
      0.452991452991453,
      0.4713064713064713
    ]
  },
  "17": {
    "mean": 0.4542124542124542,
    "std": 0.009510233166909188,
    "values": [
      0.4432234432234432,
      0.46642246642246643,
      0.452991452991453
    ]
  },
  "25": {
    "mean": 0.44159544159544156,
    "std": 0.005490735678971127,
    "values": [
      0.44932844932844934,
      0.43833943833943834,
      0.4371184371184371
    ]
  }
}