{
  "0": {
    "mean": 0.5811623246492986,
    "std": 0.0,
    "values": [
      0.5811623246492986,
      0.5811623246492986,
      0.5811623246492986
    ]
  },
  "1": {
    "mean": 0.6172344689378756,
    "std": 0.00713231680162413,
    "values": [
      0.6132264529058116,
      0.6112224448897795,
      0.627254509018036
    ]
  },
  "3": {
    "mean": 0.672456023157426,
    "std": 0.005155126654549199,
    "values": [
      0.6653306613226453,
      0.6746826987307949,
      0.6773547094188377
    ]
  },
  "5": {
    "mean": 0.6929414384324204,
    "std": 0.005780786010130114,
    "values": [
      0.6940547762191048,
      0.685370741482966,
      0.6993987975951904
    ]
  },
  "10": {
    "mean": 0.6822533956802493,
    "std": 0.008560402042636835,
    "values": [
      0.6940547762191048,
      0.6740146960587843,
      0.678690714762859
    ]
  },
  "17": {
    "mean": 0.6833667334669338,
    "std": 0.008181328466209687,
    "values": [
      0.6933867735470942,
      0.6833667334669339,
      0.6733466933867736
    ]
  },
  "25": {
    "mean": 0.6568692941438433,
    "std": 0.008698296586339147,
    "values": [
      0.6539746158984636,
      0.6686706746826987,
      0.6479625918503674
    ]
  }
}