{
  "epoch": [
    0.0,
    1.0,
    2.0,
    3.0,
    4.0
  ],
  "train_loss": [
    461.06078162560095,
    400.034910935622,
    397.24212881234973,
    394.33433884840747,
    392.66731790395886
  ],
  "val_loss": [
    375.7975071498326,
    368.668936593192,
    365.82108197893416,
    365.13465663364957,
    363.62500435965404
  ],
  "val_acc": [
    0.047619047619047616,
    0.0463980463980464,
    0.06227106227106227,
    0.06715506715506715,
    0.0695970695970696
  ],
  "delay_mean": [
    0.40634554624557495,
    0.4266132116317749,
    0.454189658164978,
    0.4910932183265686,
    0.5111856460571289
  ]
}