{
  "epoch": [
    0.0,
    1.0,
    2.0,
    3.0,
    4.0
  ],
  "train_loss": [
    599.7600261981671,
    599.7600285456731,
    599.7600285456731,
    599.7600261981671,
    528.840208200308
  ],
  "val_loss": [
    556.9200265066964,
    556.9200265066964,
    556.9200265066964,
    556.9200265066964,
    366.24214826311385
  ],
  "val_acc": [
    0.0463980463980464,
    0.0463980463980464,
    0.0463980463980464,
    0.0463980463980464,
    0.05128205128205128
  ],
  "delay_mean": [
    0.4811582565307617,
    0.48153939843177795,
    0.4815654158592224,
    0.4770192503929138,
    0.43330657482147217
  ]
}