{
  "epoch": [
    0.0,
    1.0,
    2.0,
    3.0,
    4.0
  ],
  "train_loss": [
    434.8424598206865,
    399.53230512903093,
    392.6369258799451,
    388.3334714199634,
    384.5836798485289
  ],
  "val_loss": [
    393.22980244954425,
    388.51314036051434,
    382.02459208170575,
    378.81542714436847,
    372.9181315104167
  ],
  "val_acc": [
    0.04806408544726302,
    0.05941255006675567,
    0.09279038718291055,
    0.10747663551401869,
    0.17356475300400534
  ],
  "delay_mean": [
    0.0,
    0.0,
    0.0,
    0.0,
    0.0
  ]
}