{
  "epoch": [
    0.0,
    1.0,
    2.0,
    3.0,
    4.0
  ],
  "train_loss": [
    442.0351757293052,
    396.65405338368515,
    390.191338721742,
    385.86900037400267,
    381.82325517370344
  ],
  "val_loss": [
    391.0002212524414,
    385.60355885823566,
    378.4056396484375,
    375.6377131144206,
    370.3735605875651
  ],
  "val_acc": [
    0.06074766355140187,
    0.0794392523364486,
    0.12750333778371162,
    0.14218958611481977,
    0.2082777036048064
  ],
  "delay_mean": [
    0.0,
    0.0,
    0.0,
    0.0,
    0.0
  ]
}