{
  "epoch": [
    0.0,
    1.0,
    2.0,
    3.0,
    4.0,
    5.0,
    6.0,
    7.0,
    8.0,
    9.0,
    10.0,
    11.0,
    12.0,
    13.0,
    14.0,
    15.0,
    16.0,
    17.0,
    18.0,
    19.0
  ],
  "train_loss": [
    589.3718144842919,
    476.8417137632979,
    420.9712875041556,
    411.8404911122424,
    408.4687909065409,
    406.9054409595246,
    405.1095353796127,
    402.6667720713514,
    401.2557606798537,
    399.67719414893617,
    397.42596630339926,
    396.2605941447806,
    395.1522450548537,
    394.1746930061503,
    393.2518784543301,
    392.84389479616857,
    392.0303851188497,
    391.51735281437,
    391.2067130880153,
    390.79134028008644
  ],
  "val_loss": [
    529.5556157430013,
    418.0383478800456,
    405.79772694905597,
    401.8827260335286,
    399.43189493815106,
    396.9883550008138,
    396.0287628173828,
    392.57250213623047,
    392.7162602742513,
    390.47355397542316,
    390.1683527628581,
    389.49522399902344,
    386.3102162679036,
    386.1864700317383,
    384.9343948364258,
    384.16271718343097,
    383.8450190226237,
    383.6752217610677,
    382.19876352945965,
    382.83292897542316
  ],
  "val_acc": [
    0.04539385847797063,
    0.050734312416555405,
    0.050066755674232306,
    0.05740987983978638,
    0.06942590120160214,
    0.0527369826435247,
    0.07009345794392523,
    0.07676902536715621,
    0.06875834445927904,
    0.08210947930574099,
    0.09879839786381843,
    0.10213618157543392,
    0.1041388518024032,
    0.102803738317757,
    0.10213618157543392,
    0.10881174899866489,
    0.1068090787716956,
    0.12349799732977303,
    0.12483311081441922,
    0.12216288384512683
  ],
  "delay_mean": [
    0.4750092923641205,
    0.47387582063674927,
    0.473941445350647,
    0.4959295392036438,
    0.5294880867004395,
    0.5443135499954224,
    0.5582046508789062,
    0.5603747963905334,
    0.509395956993103,
    0.5295775532722473,
    0.5433507561683655,
    0.5188595056533813,
    0.5581738352775574,
    0.5852205753326416,
    0.6038856506347656,
    0.5808295011520386,
    0.5959416627883911,
    0.6086968183517456,
    0.6154333353042603,
    0.639957070350647
  ]
}