{
  "epoch": [
    0.0,
    1.0,
    2.0,
    3.0,
    4.0
  ],
  "train_loss": [
    433.5940577730219,
    397.64932445769614,
    390.2303343427942,
    385.4317172436004,
    379.41309697577293
  ],
  "val_loss": [
    392.4458491007487,
    386.3298110961914,
    379.41063690185547,
    374.7318878173828,
    367.40000915527344
  ],
  "val_acc": [
    0.0540720961281709,
    0.09012016021361816,
    0.11081441922563418,
    0.13618157543391188,
    0.1795727636849132
  ],
  "delay_mean": [
    0.0,
    0.0,
    0.0,
    0.0,
    0.0
  ]
}