{
  "epoch": [
    0.0,
    1.0,
    2.0,
    3.0,
    4.0
  ],
  "train_loss": [
    461.00760885385364,
    398.9832822359525,
    396.2562643197867,
    394.78058565579926,
    393.6930911724384
  ],
  "val_loss": [
    372.2535923549107,
    369.3082253592355,
    367.3182264055525,
    365.8314470563616,
    363.6514434814453
  ],
  "val_acc": [
    0.04884004884004884,
    0.050061050061050064,
    0.04884004884004884,
    0.052503052503052504,
    0.06593406593406594
  ],
  "delay_mean": [
    0.0,
    0.0,
    0.0,
    0.0,
    0.0
  ]
}