{
  "epoch": [
    0.0,
    1.0,
    2.0,
    3.0,
    4.0
  ],
  "train_loss": [
    458.6630947406475,
    399.5330006526067,
    396.6564524723933,
    395.6944380540114,
    392.8137664794922
  ],
  "val_loss": [
    372.1207275390625,
    368.87787083217074,
    368.11358642578125,
    365.78928920200894,
    362.7035871233259
  ],
  "val_acc": [
    0.04884004884004884,
    0.04884004884004884,
    0.05982905982905983,
    0.054945054945054944,
    0.10012210012210013
  ],
  "delay_mean": [
    0.0,
    0.0,
    0.0,
    0.0,
    0.0
  ]
}