{
  "0": {
    "mean": 0.5838343353373413,
    "std": 0.0,
    "values": [
      0.5838343353373413,
      0.5838343353373413,
      0.5838343353373413
    ]
  },
  "1": {
    "mean": 0.5684702738810956,
    "std": 0.003036780604984637,
    "values": [
      0.571810287241149,
      0.5644622578490314,
      0.5691382765531062
    ]
  },
  "3": {
    "mean": 0.5544422177688711,
    "std": 0.0023774389338747067,
    "values": [
      0.5557782231128925,
      0.5511022044088176,
      0.5564462257849031
    ]
  },
  "5": {
    "mean": 0.539523491427299,
    "std": 0.00834929114195175,
    "values": [
      0.5511022044088176,
      0.5357381429525718,
      0.5317301269205077
    ]
  },
  "10": {
    "mean": 0.5083500334001335,
    "std": 0.01064621072178304,
    "values": [
      0.49498997995991983,
      0.5210420841683366,
      0.5090180360721442
    ]
  },
  "17": {
    "mean": 0.48675128033845466,
    "std": 0.003631597958205311,
    "values": [
      0.48563794255177023,
      0.4916499665998664,
      0.48296593186372744
    ]
  },
  "25": {
    "mean": 0.479625918503674,
    "std": 0.0034061586597146226,
    "values": [
      0.47628590514362057,
      0.48430193720774883,
      0.47828991315965264
    ]
  }
}