{
  "0": {
    "mean": 0.45054945054945056,
    "std": 0.0,
    "values": [
      0.45054945054945056,
      0.45054945054945056,
      0.45054945054945056
    ]
  },
  "1": {
    "mean": 0.4277574277574278,
    "std": 0.01375396438641905,
    "values": [
      0.42124542124542125,
      0.41514041514041516,
      0.4468864468864469
    ]
  },
  "3": {
    "mean": 0.40781440781440786,
    "std": 0.0051802694592421135,
    "values": [
      0.41514041514041516,
      0.40415140415140416,
      0.40415140415140416
    ]
  },
  "5": {
    "mean": 0.3968253968253968,
    "std": 0.015347747362608726,
    "values": [
      0.38095238095238093,
      0.39194139194139194,
      0.4175824175824176
    ]
  },
  "10": {
    "mean": 0.3797313797313797,
    "std": 0.011497311267257263,
    "values": [
      0.38461538461538464,
      0.36385836385836384,
      0.3907203907203907
    ]
  },
  "17": {
    "mean": 0.3776963776963777,
    "std": 0.0025089190081273726,
    "values": [
      0.38095238095238093,
      0.3772893772893773,
      0.37484737484737485
    ]
  },
  "25": {
    "mean": 0.3544973544973545,
    "std": 0.006409448818894436,
    "values": [
      0.34554334554334554,
      0.3601953601953602,
      0.35775335775335776
    ]
  }
}