{
  "0": {
    "mean": 0.04884004884004884,
    "std": 0.0,
    "values": [
      0.04884004884004884,
      0.04884004884004884,
      0.04884004884004884
    ]
  },
  "1": {
    "mean": 0.05982905982905983,
    "std": 0.006225909052005845,
    "values": [
      0.06837606837606838,
      0.057387057387057384,
      0.05372405372405373
    ]
  },
  "3": {
    "mean": 0.06145706145706146,
    "std": 0.005668859697673632,
    "values": [
      0.06349206349206349,
      0.05372405372405373,
      0.06715506715506715
    ]
  },
  "5": {
    "mean": 0.07570207570207571,
    "std": 0.0069070259456561435,
    "values": [
      0.08058608058608059,
      0.08058608058608059,
      0.06593406593406594
    ]
  },
  "10": {
    "mean": 0.08669108669108667,
    "std": 0.006225909052005838,
    "values": [
      0.09523809523809523,
      0.08058608058608059,
      0.08424908424908426
    ]
  },
  "17": {
    "mean": 0.08506308506308508,
    "std": 0.0049178046290576215,
    "values": [
      0.08791208791208792,
      0.07814407814407814,
      0.08913308913308914
    ]
  },
  "25": {
    "mean": 0.0757020757020757,
    "std": 0.002990829966768228,
    "values": [
      0.07203907203907203,
      0.07936507936507936,
      0.0757020757020757
    ]
  }
}