{
  "epoch": [
    0.0,
    1.0,
    2.0,
    3.0,
    4.0
  ],
  "train_loss": [
    442.3980900691106,
    400.6967444786659,
    400.3710767305814,
    399.24867248535156,
    398.57886094313403
  ],
  "val_loss": [
    372.67215401785717,
    372.54144287109375,
    371.5875244140625,
    371.79394095284596,
    369.5664324079241
  ],
  "val_acc": [
    0.0463980463980464,
    0.03663003663003663,
    0.052503052503052504,
    0.047619047619047616,
    0.03540903540903541
  ],
  "delay_mean": [
    0.0,
    0.0,
    0.0,
    0.0,
    0.0
  ]
}