{
  "epoch": [
    0.0,
    1.0,
    2.0,
    3.0,
    4.0
  ],
  "train_loss": [
    441.4402072613056,
    402.71741837721606,
    400.14472433236926,
    399.27914663461536,
    398.2108852679913
  ],
  "val_loss": [
    375.0942905970982,
    372.7296665736607,
    370.71859087262834,
    371.5689479282924,
    369.09359087262834
  ],
  "val_acc": [
    0.042735042735042736,
    0.045177045177045176,
    0.05860805860805861,
    0.045177045177045176,
    0.04884004884004884
  ],
  "delay_mean": [
    0.0,
    0.0,
    0.0,
    0.0,
    0.0
  ]
}