{
  "epoch": [
    0.0,
    1.0,
    2.0,
    3.0,
    4.0
  ],
  "train_loss": [
    433.29469591505983,
    398.18948039602725,
    390.4065558250914,
    385.31650104928525,
    378.59442593189
  ],
  "val_loss": [
    393.24500783284503,
    386.8404286702474,
    380.25001017252606,
    374.360834757487,
    366.67542266845703
  ],
  "val_acc": [
    0.0534045393858478,
    0.0801068090787717,
    0.11148197596795728,
    0.14753004005340453,
    0.21495327102803738
  ],
  "delay_mean": [
    0.28188806772232056,
    0.3157179355621338,
    0.33638954162597656,
    0.3598429560661316,
    0.4418911337852478
  ]
}