{
  "epoch": [
    0.0,
    1.0,
    2.0,
    3.0,
    4.0
  ],
  "train_loss": [
    431.0287917116855,
    397.1601685868933,
    391.15198013630317,
    386.5889464033411,
    380.29538743039393
  ],
  "val_loss": [
    393.62688700358075,
    385.75293223063153,
    382.1006317138672,
    375.8489761352539,
    370.579584757487
  ],
  "val_acc": [
    0.050066755674232306,
    0.1068090787716956,
    0.12349799732977303,
    0.14352469959946595,
    0.22162883845126835
  ],
  "delay_mean": [
    0.29771435260772705,
    0.33821824193000793,
    0.5755584239959717,
    0.8449475765228271,
    0.9636185169219971
  ]
}