{
  "epoch": [
    0.0,
    1.0,
    2.0,
    3.0,
    4.0,
    5.0,
    6.0,
    7.0,
    8.0,
    9.0,
    10.0,
    11.0,
    12.0,
    13.0,
    14.0,
    15.0,
    16.0,
    17.0,
    18.0,
    19.0
  ],
  "train_loss": [
    584.9892045690658,
    475.92314959586935,
    411.0215077501662,
    407.18937325984876,
    407.1563415527344,
    407.0838928222656,
    405.96649689370014,
    404.3529364403258,
    403.7202219861619,
    402.2686858481549,
    401.59246306723736,
    399.6199035644531,
    398.72889287421043,
    398.1216086529671,
    396.6679330379405,
    395.47974606777757,
    394.5774562105219,
    394.0654920212766,
    393.56389147170046,
    393.21362953997675
  ],
  "val_loss": [
    527.8395640055338,
    412.5108464558919,
    399.1127217610677,
    399.15042368570965,
    398.8512649536133,
    398.3512598673503,
    396.7016779581706,
    395.82771555582684,
    394.33314259847003,
    395.0704294840495,
    393.48897552490234,
    390.60418192545575,
    389.05689239501953,
    391.89292907714844,
    387.5031433105469,
    388.3131357828776,
    386.627924601237,
    385.8539733886719,
    384.9141794840495,
    384.3645884195964
  ],
  "val_acc": [
    0.050734312416555405,
    0.04539385847797063,
    0.04739652870493992,
    0.056074766355140186,
    0.05941255006675567,
    0.05874499332443257,
    0.07142857142857142,
    0.07810413885180241,
    0.07810413885180241,
    0.07676902536715621,
    0.07276368491321762,
    0.08210947930574099,
    0.08878504672897196,
    0.09345794392523364,
    0.09879839786381843,
    0.10614152202937249,
    0.1068090787716956,
    0.10747663551401869,
    0.11882510013351134,
    0.12483311081441922
  ],
  "delay_mean": [
    0.4801124632358551,
    0.4764655828475952,
    0.47614163160324097,
    0.49920594692230225,
    0.5180574655532837,
    0.5491482019424438,
    0.5683477520942688,
    0.5485984683036804,
    0.5626354217529297,
    0.5718368291854858,
    0.5697047710418701,
    0.5343650579452515,
    0.5750761032104492,
    0.5375935435295105,
    0.5715482831001282,
    0.5786011219024658,
    0.593503475189209,
    0.5852625966072083,
    0.6137415170669556,
    0.6070281267166138
  ]
}