{
  "0": {
    "mean": 0.47741147741147744,
    "std": 0.0,
    "values": [
      0.47741147741147744,
      0.47741147741147744,
      0.47741147741147744
    ]
  },
  "1": {
    "mean": 0.4993894993894994,
    "std": 0.0019938866445121444,
    "values": [
      0.49694749694749696,
      0.5018315018315018,
      0.4993894993894994
    ]
  },
  "3": {
    "mean": 0.44037444037444035,
    "std": 0.004029098468299426,
    "values": [
      0.43956043956043955,
      0.4456654456654457,
      0.4358974358974359
    ]
  },
  "5": {
    "mean": 0.41514041514041516,
    "std": 0.0079755465780486,
    "values": [
      0.4053724053724054,
      0.41514041514041516,
      0.4249084249084249
    ]
  },
  "10": {
    "mean": 0.3650793650793651,
    "std": 0.0060641694854502845,
    "values": [
      0.35653235653235654,
      0.36996336996337,
      0.36874236874236876
    ]
  },
  "17": {
    "mean": 0.3866503866503866,
    "std": 0.007548733004066506,
    "values": [
      0.3907203907203907,
      0.39316239316239315,
      0.37606837606837606
    ]
  },
  "25": {
    "mean": 0.29426129426129427,
    "std": 0.0019938866445121444,
    "values": [
      0.29426129426129427,
      0.2967032967032967,
      0.29181929181929184
    ]
  }
}