{
  "epoch": [
    0.0,
    1.0,
    2.0,
    3.0,
    4.0
  ],
  "train_loss": [
    599.7600261981671,
    599.7600261981671,
    599.7600261981671,
    599.7600285456731,
    515.1020402174729
  ],
  "val_loss": [
    556.9200265066964,
    556.9200265066964,
    556.9200265066964,
    556.9200265066964,
    365.6839338030134
  ],
  "val_acc": [
    0.0463980463980464,
    0.0463980463980464,
    0.0463980463980464,
    0.0463980463980464,
    0.029304029304029304
  ],
  "delay_mean": [
    0.0,
    0.0,
    0.0,
    0.0,
    0.0
  ]
}