{
  "0.0": {
    "epoch": [
      0.0,
      1.0,
      2.0,
      3.0,
      4.0,
      5.0,
      6.0,
      7.0,
      8.0,
      9.0
    ],
    "train_loss": [
      599.7600261981671,
      599.7600285456731,
      599.7600285456731,
      457.22953326885516,
      393.8946216289814,
      390.574341407189,
      388.65596888615534,
      387.52145092303937,
      387.1111661470853,
      384.2085712139423
    ],
    "val_loss": [
      556.9200265066964,
      556.9200265066964,
      556.9200265066964,
      365.6850106375558,
      364.1807207380022,
      361.79144287109375,
      360.68929181780135,
      359.3843035016741,
      358.35143607003346,
      356.3100128173828
    ],
    "val_acc": [
      0.0463980463980464,
      0.0463980463980464,
      0.0463980463980464,
      0.04884004884004884,
      0.0463980463980464,
      0.07326007326007326,
      0.07814407814407814,
      0.06837606837606838,
      0.07814407814407814,
      0.11721611721611722
    ],
    "delay_mean": [
      0.4810860753059387,
      0.480937123298645,
      0.4729505181312561,
      0.5250738859176636,
      0.7251803874969482,
      1.0031042098999023,
      1.1825358867645264,
      1.302505612373352,
      1.4437377452850342,
      1.5339171886444092
    ],
    "f": 0.0
  },
  "0.2": {
    "epoch": [
      0.0,
      1.0,
      2.0,
      3.0,
      4.0,
      5.0,
      6.0,
      7.0,
      8.0,
      9.0
    ],
    "train_loss": [
      599.7600261981671,
      599.7600285456731,
      599.7600285456731,
      458.3624197152945,
      396.1182814378005,
      391.41750863882214,
      389.28155224139874,
      387.357421875,
      386.2261663583609,
      384.1212615966797
    ],
    "val_loss": [
      556.9200265066964,
      556.9200265066964,
      556.9200265066964,
      369.4085780552455,
      365.17822265625,
      361.10035923549106,
      360.49822780064176,
      359.91251482282365,
      357.63358197893416,
      356.34322684151783
    ],
    "val_acc": [
      0.0463980463980464,
      0.0463980463980464,
      0.0463980463980464,
      0.05372405372405373,
      0.05372405372405373,
      0.04395604395604396,
      0.07081807081807082,
      0.06471306471306472,
      0.0927960927960928,
      0.07936507936507936
    ],
    "delay_mean": [
      0.4810860753059387,
      0.480937123298645,
      0.4729505181312561,
      0.47298264503479004,
      0.7966113090515137,
      1.126963496208191,
      1.3269286155700684,
      1.4537646770477295,
      1.587149977684021,
      1.7197816371917725
    ],
    "f": 0.2
  },
  "0.4": {
    "epoch": [
      0.0,
      1.0,
      2.0,
      3.0,
      4.0,
      5.0,
      6.0,
      7.0,
      8.0,
      9.0
    ],
    "train_loss": [
      599.7600261981671,
      599.7600285456731,
      599.7600285456731,
      462.46270575890173,
      394.83750798152045,
      390.5548154390775,
      388.7222166794997,
      387.47933197021484,
      387.0696246807392,
      387.7230881911058
    ],
    "val_loss": [
      556.9200265066964,
      556.9200265066964,
      556.9200265066964,
      369.37035696847096,
      363.96214730399,
      361.40322657993863,
      360.3435843331473,
      359.76465279715404,
      359.9596383231027,
      359.72822134835377
    ],
    "val_acc": [
      0.0463980463980464,
      0.0463980463980464,
      0.0463980463980464,
      0.03663003663003663,
      0.07081807081807082,
      0.057387057387057384,
      0.07081807081807082,
      0.07326007326007326,
      0.09645909645909646,
      0.08669108669108669
    ],
    "delay_mean": [
      0.4810860753059387,
      0.480937123298645,
      0.4729505181312561,
      0.3966129422187805,
      0.7059677839279175,
      1.0136072635650635,
      1.2115427255630493,
      1.3493374586105347,
      1.4454448223114014,
      1.4572064876556396
    ],
    "f": 0.4
  },
  "0.6": {
    "epoch": [
      0.0,
      1.0,
      2.0,
      3.0,
      4.0,
      5.0,
      6.0,
      7.0,
      8.0,
      9.0
    ],
    "train_loss": [
      599.7600261981671,
      599.7600285456731,
      599.7600285456731,
      477.71424513596753,
      399.1426086425781,
      396.628664456881,
      393.36808600792517,
      392.91135465181793,
      392.9456857534555,
      392.3507772592398
    ],
    "val_loss": [
      556.9200265066964,
      556.9200265066964,
      556.9200265066964,
      376.8575199672154,
      369.3603755405971,
      365.58465358189176,
      366.3400094168527,
      365.9914245605469,
      364.16929626464844,
      363.36428615025113
    ],
    "val_acc": [
      0.0463980463980464,
      0.0463980463980464,
      0.0463980463980464,
      0.040293040293040296,
      0.042735042735042736,
      0.05372405372405373,
      0.05128205128205128,
      0.04884004884004884,
      0.05372405372405373,
      0.07814407814407814
    ],
    "delay_mean": [
      0.4810860753059387,
      0.480937123298645,
      0.4729505181312561,
      0.37899941205978394,
      0.5948793888092041,
      0.9125540256500244,
      1.11738121509552,
      1.295017957687378,
      1.502748966217041,
      1.6714205741882324
    ],
    "f": 0.6
  },
  "0.8": {
    "epoch": [
      0.0,
      1.0,
      2.0,
      3.0,
      4.0,
      5.0,
      6.0,
      7.0,
      8.0,
      9.0
    ],
    "train_loss": [
      599.7600261981671,
      599.7600285456731,
      599.7600285456731,
      503.9122244027945,
      411.11559295654297,
      408.70482459435095,
      403.8035759559044,
      398.96183718167816,
      397.4741451556866,
      396.0975130521334
    ],
    "val_loss": [
      556.9200265066964,
      556.9200265066964,
      556.9200265066964,
      391.62965393066406,
      380.4925101143973,
      376.7235848563058,
      372.1617954799107,
      370.20142909458707,
      367.71677943638394,
      366.8035888671875
    ],
    "val_acc": [
      0.0463980463980464,
      0.0463980463980464,
      0.0463980463980464,
      0.06471306471306472,
      0.045177045177045176,
      0.06715506715506715,
      0.054945054945054944,
      0.057387057387057384,
      0.0695970695970696,
      0.07081807081807082
    ],
    "delay_mean": [
      0.4810860753059387,
      0.480937123298645,
      0.4729505181312561,
      0.3817625045776367,
      0.5016443729400635,
      0.6330554485321045,
      0.7617539167404175,
      0.8671238422393799,
      1.0020369291305542,
      1.0868104696273804
    ],
    "f": 0.8
  },
  "1.0": {
    "epoch": [
      0.0,
      1.0,
      2.0,
      3.0,
      4.0,
      5.0,
      6.0,
      7.0,
      8.0,
      9.0
    ],
    "train_loss": [
      599.7600261981671,
      599.7600285456731,
      599.7600285456731,
      553.0728865403396,
      394.8460669884315,
      393.58202303372894,
      393.6849112877479,
      393.9317427415114,
      393.9210674579327,
      393.21607032189
    ],
    "val_loss": [
      556.9200265066964,
      556.9200265066964,
      556.9200265066964,
      365.9514421735491,
      366.02501787458147,
      366.2725045340402,
      365.0078669956752,
      365.44107491629467,
      365.9210771833147,
      364.94822474888394
    ],
    "val_acc": [
      0.0463980463980464,
      0.0463980463980464,
      0.0463980463980464,
      0.050061050061050064,
      0.05128205128205128,
      0.040293040293040296,
      0.052503052503052504,
      0.05128205128205128,
      0.052503052503052504,
      0.06471306471306472
    ],
    "delay_mean": [
      0.4810860753059387,
      0.480937123298645,
      0.4729505181312561,
      0.42812129855155945,
      0.4481145739555359,
      0.48683345317840576,
      0.5261071920394897,
      0.5215961337089539,
      0.5363875031471252,
      0.5160101652145386
    ],
    "f": 1.0
  }
}