{
  "0.0": {
    "mean": 0.14407814407814407,
    "std": 0.0,
    "values": [
      0.14407814407814407,
      0.14407814407814407,
      0.14407814407814407
    ]
  },
  "0.2": {
    "mean": 0.11558811558811559,
    "std": 0.009986035121192746,
    "values": [
      0.11477411477411477,
      0.1282051282051282,
      0.10378510378510379
    ]
  },
  "0.4": {
    "mean": 0.12128612128612128,
    "std": 0.0050178380162547625,
    "values": [
      0.1221001221001221,
      0.12698412698412698,
      0.11477411477411477
    ]
  },
  "0.6": {
    "mean": 0.06756206756206756,
    "std": 0.005490735678971117,
    "values": [
      0.05982905982905983,
      0.07203907203907203,
      0.07081807081807082
    ]
  },
  "0.8": {
    "mean": 0.09238909238909239,
    "std": 0.0015228560792730742,
    "values": [
      0.09035409035409035,
      0.09401709401709402,
      0.0927960927960928
    ]
  },
  "1.0": {
    "mean": 0.059422059422059435,
    "std": 0.012059855425339076,
    "values": [
      0.07081807081807082,
      0.06471306471306472,
      0.042735042735042736
    ]
  }
}