{
  "0.0": {
    "mean": 0.3540903540903541,
    "std": 0.0,
    "values": [
      0.3540903540903541,
      0.3540903540903541,
      0.3540903540903541
    ]
  },
  "0.2": {
    "mean": 0.1448921448921449,
    "std": 0.007002299769672467,
    "values": [
      0.15384615384615385,
      0.13675213675213677,
      0.14407814407814407
    ]
  },
  "0.4": {
    "mean": 0.13105413105413108,
    "std": 0.0011511709909426862,
    "values": [
      0.13186813186813187,
      0.12942612942612944,
      0.13186813186813187
    ]
  },
  "0.6": {
    "mean": 0.1326821326821327,
    "std": 0.0020753030173352735,
    "values": [
      0.13064713064713065,
      0.13553113553113552,
      0.13186813186813187
    ]
  },
  "0.8": {
    "mean": 0.12332112332112333,
    "std": 0.0052753282038322065,
    "values": [
      0.12087912087912088,
      0.11843711843711843,
      0.13064713064713065
    ]
  },
  "1.0": {
    "mean": 0.11599511599511599,
    "std": 0.00951023316690917,
    "values": [
      0.10378510378510379,
      0.12698412698412698,
      0.11721611721611722
    ]
  }
}