{
  "0.0": {
    "mean": 0.0989010989010989,
    "std": 0.0,
    "values": [
      0.0989010989010989,
      0.0989010989010989,
      0.0989010989010989
    ]
  },
  "0.2": {
    "mean": 0.07203907203907205,
    "std": 0.0029908299667682223,
    "values": [
      0.06837606837606838,
      0.07203907203907203,
      0.0757020757020757
    ]
  },
  "0.4": {
    "mean": 0.0704110704110704,
    "std": 0.0050178380162547625,
    "values": [
      0.06471306471306472,
      0.07692307692307693,
      0.0695970695970696
    ]
  },
  "0.6": {
    "mean": 0.060236060236060235,
    "std": 0.005668859697673635,
    "values": [
      0.06227106227106227,
      0.06593406593406594,
      0.052503052503052504
    ]
  },
  "0.8": {
    "mean": 0.07203907203907205,
    "std": 0.0029908299667682223,
    "values": [
      0.07203907203907203,
      0.06837606837606838,
      0.0757020757020757
    ]
  },
  "1.0": {
    "mean": 0.08506308506308506,
    "std": 0.007996289256975375,
    "values": [
      0.08424908424908426,
      0.0757020757020757,
      0.09523809523809523
    ]
  }
}