{
  "0.0": {
    "mean": 0.07203907203907203,
    "std": 0.0,
    "values": [
      0.07203907203907203,
      0.07203907203907203,
      0.07203907203907203
    ]
  },
  "0.2": {
    "mean": 0.04802604802604802,
    "std": 0.0030457121585461444,
    "values": [
      0.04884004884004884,
      0.04395604395604396,
      0.05128205128205128
    ]
  },
  "0.4": {
    "mean": 0.04924704924704925,
    "std": 0.0011511709909426927,
    "values": [
      0.050061050061050064,
      0.047619047619047616,
      0.050061050061050064
    ]
  },
  "0.6": {
    "mean": 0.04354904354904355,
    "std": 0.00549073567897112,
    "values": [
      0.050061050061050064,
      0.03663003663003663,
      0.04395604395604396
    ]
  },
  "0.8": {
    "mean": 0.04110704110704111,
    "std": 0.003204724409447217,
    "values": [
      0.03663003663003663,
      0.04395604395604396,
      0.042735042735042736
    ]
  },
  "1.0": {
    "mean": 0.03418803418803419,
    "std": 0.0,
    "values": [
      0.03418803418803419,
      0.03418803418803419,
      0.03418803418803419
    ]
  }
}