{
  "0.0": {
    "mean": 0.08058608058608059,
    "std": 0.0,
    "values": [
      0.08058608058608059,
      0.08058608058608059,
      0.08058608058608059
    ]
  },
  "0.2": {
    "mean": 0.06512006512006512,
    "std": 0.0011511709909426927,
    "values": [
      0.06349206349206349,
      0.06593406593406594,
      0.06593406593406594
    ]
  },
  "0.4": {
    "mean": 0.08180708180708181,
    "std": 0.0026376641019161024,
    "values": [
      0.08302808302808302,
      0.07814407814407814,
      0.08424908424908426
    ]
  },
  "0.6": {
    "mean": 0.05291005291005291,
    "std": 0.002302341981885382,
    "values": [
      0.05128205128205128,
      0.05616605616605617,
      0.05128205128205128
    ]
  },
  "0.8": {
    "mean": 0.09686609686609686,
    "std": 0.0011511709909426927,
    "values": [
      0.09523809523809523,
      0.09768009768009768,
      0.09768009768009768
    ]
  },
  "1.0": {
    "mean": 0.11762311762311761,
    "std": 0.0020753030173352844,
    "values": [
      0.11843711843711843,
      0.11965811965811966,
      0.11477411477411477
    ]
  }
}