{
  "0.0": {
    "epoch": [
      0.0,
      1.0,
      2.0,
      3.0,
      4.0,
      5.0,
      6.0,
      7.0,
      8.0,
      9.0
    ],
    "train_loss": [
      599.7600285456731,
      599.7600285456731,
      599.7600261981671,
      463.5760732797476,
      395.0469313401442,
      393.9663602388822,
      392.40443713848407,
      390.73135728102466,
      389.19838186410755,
      387.8409752478966
    ],
    "val_loss": [
      556.9200265066964,
      556.9200265066964,
      556.9200265066964,
      367.59251403808594,
      366.2767987932478,
      364.8468017578125,
      363.9610857282366,
      360.5907222202846,
      360.7510768345424,
      360.4050053187779
    ],
    "val_acc": [
      0.05616605616605617,
      0.05616605616605617,
      0.05616605616605617,
      0.054945054945054944,
      0.05616605616605617,
      0.05128205128205128,
      0.054945054945054944,
      0.07936507936507936,
      0.07692307692307693,
      0.07692307692307693
    ],
    "delay_mean": [
      0.4810311198234558,
      0.4808272123336792,
      0.473296195268631,
      0.45666831731796265,
      0.5751165747642517,
      0.6409551501274109,
      0.7753754258155823,
      1.0547056198120117,
      1.1857833862304688,
      1.3418431282043457
    ],
    "f": 0.0
  },
  "0.2": {
    "epoch": [
      0.0,
      1.0,
      2.0,
      3.0,
      4.0,
      5.0,
      6.0,
      7.0,
      8.0,
      9.0
    ],
    "train_loss": [
      599.7600285456731,
      599.7600285456731,
      599.7600261981671,
      464.0335716834435,
      393.77587127685547,
      392.4509694026067,
      391.0181826077975,
      390.21924180250903,
      389.4645268366887,
      388.04068462665265
    ],
    "val_loss": [
      556.9200265066964,
      556.9200265066964,
      556.9200265066964,
      367.7082257952009,
      364.5749991280692,
      363.8907143729074,
      361.7621547154018,
      361.12321908133373,
      360.4300101143973,
      361.8828669956752
    ],
    "val_acc": [
      0.05616605616605617,
      0.05616605616605617,
      0.05616605616605617,
      0.042735042735042736,
      0.05372405372405373,
      0.05616605616605617,
      0.06715506715506715,
      0.05982905982905983,
      0.07081807081807082,
      0.07203907203907203
    ],
    "delay_mean": [
      0.4810311198234558,
      0.4808272123336792,
      0.473296195268631,
      0.4726482331752777,
      0.6504063606262207,
      0.8224214911460876,
      1.037205457687378,
      1.2565803527832031,
      1.3921210765838623,
      1.4387816190719604
    ],
    "f": 0.2
  },
  "0.4": {
    "epoch": [
      0.0,
      1.0,
      2.0,
      3.0,
      4.0,
      5.0,
      6.0,
      7.0,
      8.0,
      9.0
    ],
    "train_loss": [
      599.7600285456731,
      599.7600285456731,
      599.7600261981671,
      472.00521146334137,
      393.8550057044396,
      392.5861605130709,
      392.5706763634315,
      391.99654799241284,
      390.29962862454926,
      389.47808661827673
    ],
    "val_loss": [
      556.9200265066964,
      556.9200265066964,
      556.9200265066964,
      367.25214712960377,
      364.3839438302176,
      363.79429844447543,
      363.3746555873326,
      363.5017874581473,
      362.182861328125,
      361.2225014822824
    ],
    "val_acc": [
      0.05616605616605617,
      0.05616605616605617,
      0.05616605616605617,
      0.042735042735042736,
      0.05372405372405373,
      0.04151404151404151,
      0.06105006105006105,
      0.05372405372405373,
      0.07081807081807082,
      0.0757020757020757
    ],
    "delay_mean": [
      0.4810311198234558,
      0.4808272123336792,
      0.473296195268631,
      0.4085794985294342,
      0.5357716083526611,
      0.6929211020469666,
      0.9160059690475464,
      1.1156693696975708,
      1.2995595932006836,
      1.3723359107971191
    ],
    "f": 0.4
  },
  "0.6": {
    "epoch": [
      0.0,
      1.0,
      2.0,
      3.0,
      4.0,
      5.0,
      6.0,
      7.0,
      8.0,
      9.0
    ],
    "train_loss": [
      599.7600285456731,
      599.7600285456731,
      599.7600261981671,
      491.7375171367939,
      396.0070331280048,
      395.0238553560697,
      393.875971867488,
      394.3867457463191,
      394.2067395723783,
      394.7455855149489
    ],
    "val_loss": [
      556.9200265066964,
      556.9200265066964,
      556.9200265066964,
      369.2821502685547,
      367.606436593192,
      365.466796875,
      364.47000994001115,
      364.8257293701172,
      365.96287318638394,
      365.88322012765065
    ],
    "val_acc": [
      0.05616605616605617,
      0.05616605616605617,
      0.05616605616605617,
      0.02564102564102564,
      0.04395604395604396,
      0.054945054945054944,
      0.05616605616605617,
      0.07326007326007326,
      0.054945054945054944,
      0.04151404151404151
    ],
    "delay_mean": [
      0.4810311198234558,
      0.4808272123336792,
      0.4733748137950897,
      0.43298110365867615,
      0.4672527313232422,
      0.5550706386566162,
      0.6710002422332764,
      0.8099910020828247,
      0.9787867069244385,
      1.179334044456482
    ],
    "f": 0.6
  },
  "0.8": {
    "epoch": [
      0.0,
      1.0,
      2.0,
      3.0,
      4.0,
      5.0,
      6.0,
      7.0,
      8.0,
      9.0
    ],
    "train_loss": [
      599.7600285456731,
      599.7600285456731,
      599.7600261981671,
      544.9698204627404,
      406.67634934645434,
      401.7508803147536,
      401.8127054067758,
      403.8468375572792,
      403.33280123197113,
      401.9644276545598
    ],
    "val_loss": [
      556.9200265066964,
      556.9200265066964,
      556.9200265066964,
      401.91109793526783,
      373.3264399937221,
      372.9657309395926,
      372.4939400809152,
      374.30107552664623,
      372.79037039620533,
      372.88929530552457
    ],
    "val_acc": [
      0.05616605616605617,
      0.05616605616605617,
      0.05616605616605617,
      0.050061050061050064,
      0.047619047619047616,
      0.0463980463980464,
      0.03907203907203907,
      0.05128205128205128,
      0.06471306471306472,
      0.052503052503052504
    ],
    "delay_mean": [
      0.4810311198234558,
      0.4808272123336792,
      0.4733748137950897,
      0.4769591987133026,
      0.4898053705692291,
      0.5444775819778442,
      0.5927994251251221,
      0.6242415904998779,
      0.6505919694900513,
      0.6855645775794983
    ],
    "f": 0.8
  },
  "1.0": {
    "epoch": [
      0.0,
      1.0,
      2.0,
      3.0,
      4.0,
      5.0,
      6.0,
      7.0,
      8.0,
      9.0
    ],
    "train_loss": [
      599.7600285456731,
      599.7600285456731,
      599.7600261981671,
      599.7600261981671,
      599.7600285456731,
      467.51116356482873,
      393.219240628756,
      393.1764532235953,
      393.2987524179312,
      393.6660614013672
    ],
    "val_loss": [
      556.9200265066964,
      556.9200265066964,
      556.9200265066964,
      556.9200265066964,
      556.9200265066964,
      364.779288155692,
      366.31859043666293,
      364.7285831996373,
      365.7275063650949,
      364.68821934291293
    ],
    "val_acc": [
      0.05616605616605617,
      0.05616605616605617,
      0.05616605616605617,
      0.05616605616605617,
      0.05616605616605617,
      0.05616605616605617,
      0.05616605616605617,
      0.05616605616605617,
      0.05616605616605617,
      0.05616605616605617
    ],
    "delay_mean": [
      0.4811398386955261,
      0.48155874013900757,
      0.481863409280777,
      0.4797966182231903,
      0.46905988454818726,
      0.46994078159332275,
      0.4795870780944824,
      0.49582335352897644,
      0.5073816180229187,
      0.5115715265274048
    ],
    "f": 1.0
  }
}