{
  "0.0": {
    "epoch": [
      0.0,
      1.0,
      2.0,
      3.0,
      4.0,
      5.0,
      6.0,
      7.0,
      8.0,
      9.0
    ],
    "train_loss": [
      599.7600261981671,
      599.7600261981671,
      599.7600261981671,
      443.9343472994291,
      395.15289717454175,
      394.95943744365985,
      394.81308805025543,
      395.0299130953275,
      394.833378131573,
      394.5583730844351
    ],
    "val_loss": [
      556.9200265066964,
      556.9200265066964,
      556.9200265066964,
      366.2710854666574,
      366.51143755231584,
      365.88858904157365,
      366.4450116838728,
      365.6546543666295,
      367.5335780552455,
      365.40609305245533
    ],
    "val_acc": [
      0.0463980463980464,
      0.0463980463980464,
      0.0463980463980464,
      0.03663003663003663,
      0.042735042735042736,
      0.054945054945054944,
      0.0463980463980464,
      0.0463980463980464,
      0.04884004884004884,
      0.052503052503052504
    ],
    "delay_mean": [
      0.0,
      0.0,
      0.0,
      0.0,
      0.0,
      0.0,
      0.0,
      0.0,
      0.0,
      0.0
    ],
    "f": 0.0
  },
  "0.2": {
    "epoch": [
      0.0,
      1.0,
      2.0,
      3.0,
      4.0,
      5.0,
      6.0,
      7.0,
      8.0,
      9.0
    ],
    "train_loss": [
      599.7600261981671,
      599.7600261981671,
      599.7600261981671,
      444.62530106764575,
      395.9192387507512,
      395.46414654071515,
      395.1663612952599,
      394.7945321890024,
      394.5463567880484,
      394.22731722318207
    ],
    "val_loss": [
      556.9200265066964,
      556.9200265066964,
      556.9200265066964,
      367.51715087890625,
      367.27107892717635,
      366.1475088936942,
      365.938232421875,
      365.88036673409596,
      366.20572553362166,
      365.00679888044084
    ],
    "val_acc": [
      0.0463980463980464,
      0.0463980463980464,
      0.0463980463980464,
      0.03907203907203907,
      0.045177045177045176,
      0.04884004884004884,
      0.05128205128205128,
      0.03907203907203907,
      0.040293040293040296,
      0.042735042735042736
    ],
    "delay_mean": [
      0.0,
      0.0,
      0.0,
      0.0,
      0.0,
      0.0,
      0.0,
      0.0,
      0.0,
      0.0
    ],
    "f": 0.2
  },
  "0.4": {
    "epoch": [
      0.0,
      1.0,
      2.0,
      3.0,
      4.0,
      5.0,
      6.0,
      7.0,
      8.0,
      9.0
    ],
    "train_loss": [
      599.7600261981671,
      599.7600261981671,
      599.7600261981671,
      448.9006864107572,
      396.49453911414514,
      395.511353125939,
      395.3999152550331,
      394.2928050114558,
      394.33502021202673,
      394.25482177734375
    ],
    "val_loss": [
      556.9200265066964,
      556.9200265066964,
      556.9200265066964,
      367.9867946079799,
      367.1228790283203,
      366.79823521205356,
      366.0150146484375,
      365.6371503557478,
      364.7585776192801,
      365.08964974539623
    ],
    "val_acc": [
      0.0463980463980464,
      0.0463980463980464,
      0.0463980463980464,
      0.054945054945054944,
      0.042735042735042736,
      0.05372405372405373,
      0.04151404151404151,
      0.04884004884004884,
      0.057387057387057384,
      0.050061050061050064
    ],
    "delay_mean": [
      0.0,
      0.0,
      0.0,
      0.0,
      0.0,
      0.0,
      0.0,
      0.0,
      0.0,
      0.0
    ],
    "f": 0.4
  },
  "0.6": {
    "epoch": [
      0.0,
      1.0,
      2.0,
      3.0,
      4.0,
      5.0,
      6.0,
      7.0,
      8.0,
      9.0
    ],
    "train_loss": [
      599.7600261981671,
      599.7600261981671,
      599.7600261981671,
      462.62088482196515,
      399.4177997295673,
      399.1270323533278,
      398.8409740741436,
      398.6262606107272,
      398.39385868952826,
      398.1004914503831
    ],
    "val_loss": [
      556.9200265066964,
      556.9200265066964,
      556.9200265066964,
      372.2303728376116,
      370.40286690848217,
      369.8553553989955,
      370.0057155064174,
      370.3460802350725,
      368.913585117885,
      368.01180594308033
    ],
    "val_acc": [
      0.0463980463980464,
      0.0463980463980464,
      0.0463980463980464,
      0.05616605616605617,
      0.04884004884004884,
      0.054945054945054944,
      0.05128205128205128,
      0.0463980463980464,
      0.06593406593406594,
      0.057387057387057384
    ],
    "delay_mean": [
      0.0,
      0.0,
      0.0,
      0.0,
      0.0,
      0.0,
      0.0,
      0.0,
      0.0,
      0.0
    ],
    "f": 0.6
  },
  "0.8": {
    "epoch": [
      0.0,
      1.0,
      2.0,
      3.0,
      4.0,
      5.0,
      6.0,
      7.0,
      8.0,
      9.0
    ],
    "train_loss": [
      599.7600261981671,
      599.7600261981671,
      599.7600261981671,
      484.88731266902045,
      412.0976063654973,
      412.18357614370495,
      411.18337895320013,
      409.14107396052435,
      407.1392423189603,
      403.77615825946515
    ],
    "val_loss": [
      556.9200265066964,
      556.9200265066964,
      556.9200265066964,
      384.6832275390625,
      382.4292994907924,
      381.6982225690569,
      380.6485813685826,
      379.0821555001395,
      374.8432159423828,
      375.0160827636719
    ],
    "val_acc": [
      0.0463980463980464,
      0.0463980463980464,
      0.0463980463980464,
      0.047619047619047616,
      0.04151404151404151,
      0.054945054945054944,
      0.05982905982905983,
      0.06105006105006105,
      0.08180708180708181,
      0.07081807081807082
    ],
    "delay_mean": [
      0.0,
      0.0,
      0.0,
      0.0,
      0.0,
      0.0,
      0.0,
      0.0,
      0.0,
      0.0
    ],
    "f": 0.8
  },
  "1.0": {
    "epoch": [
      0.0,
      1.0,
      2.0,
      3.0,
      4.0,
      5.0,
      6.0,
      7.0,
      8.0,
      9.0
    ],
    "train_loss": [
      599.7600261981671,
      599.7600261981671,
      599.7600261981671,
      541.4979852529673,
      394.1774174616887,
      395.7450138972356,
      393.9462632399339,
      395.067994924692,
      393.84703650841345,
      395.488762488732
    ],
    "val_loss": [
      556.9200265066964,
      556.9200265066964,
      556.9200265066964,
      366.31358119419644,
      365.7403760637556,
      366.50606863839283,
      367.28001185825894,
      365.43966238839283,
      367.67286464146207,
      365.9771532331194
    ],
    "val_acc": [
      0.0463980463980464,
      0.0463980463980464,
      0.0463980463980464,
      0.05128205128205128,
      0.06837606837606838,
      0.05128205128205128,
      0.05128205128205128,
      0.05860805860805861,
      0.052503052503052504,
      0.06349206349206349
    ],
    "delay_mean": [
      0.0,
      0.0,
      0.0,
      0.0,
      0.0,
      0.0,
      0.0,
      0.0,
      0.0,
      0.0
    ],
    "f": 1.0
  }
}