{
  "0.0": {
    "mean": 0.22845691382765532,
    "std": 0.0,
    "values": [
      0.22845691382765532,
      0.22845691382765532,
      0.22845691382765532
    ]
  },
  "0.2": {
    "mean": 0.2222222222222222,
    "std": 0.006368447849510163,
    "values": [
      0.21376085504342018,
      0.229124916499666,
      0.2237808951235805
    ]
  },
  "0.4": {
    "mean": 0.2186595413048319,
    "std": 0.004888554531307086,
    "values": [
      0.21175684702738812,
      0.22177688710754842,
      0.22244488977955912
    ]
  },
  "0.6": {
    "mean": 0.22778891115564462,
    "std": 0.007498311396340571,
    "values": [
      0.21977287909151635,
      0.22578490313961255,
      0.23780895123580495
    ]
  },
  "0.8": {
    "mean": 0.19015809396570918,
    "std": 0.005490460033817839,
    "values": [
      0.18303273213092852,
      0.1963927855711423,
      0.19104876419505679
    ]
  },
  "1.0": {
    "mean": 0.18392340236027613,
    "std": 0.0073648788281190135,
    "values": [
      0.17501670006680026,
      0.18370073480293922,
      0.19305277221108885
    ]
  }
}