{
  "0.0": {
    "mean": 0.1111111111111111,
    "std": 0.0,
    "values": [
      0.1111111111111111,
      0.1111111111111111,
      0.1111111111111111
    ]
  },
  "0.2": {
    "mean": 0.11314611314611316,
    "std": 0.003045712158546147,
    "values": [
      0.11721611721611722,
      0.10989010989010989,
      0.11233211233211234
    ]
  },
  "0.4": {
    "mean": 0.11233211233211234,
    "std": 0.00199388664451215,
    "values": [
      0.11233211233211234,
      0.11477411477411477,
      0.10989010989010989
    ]
  },
  "0.6": {
    "mean": 0.08994708994708994,
    "std": 0.003204724409447216,
    "values": [
      0.08547008547008547,
      0.09157509157509157,
      0.0927960927960928
    ]
  },
  "0.8": {
    "mean": 0.08913308913308914,
    "std": 0.0052753282038322,
    "values": [
      0.08180708180708181,
      0.09401709401709402,
      0.09157509157509157
    ]
  },
  "1.0": {
    "mean": 0.07692307692307693,
    "std": 0.0009969433222560779,
    "values": [
      0.0757020757020757,
      0.07692307692307693,
      0.07814407814407814
    ]
  }
}