{
  "0.0": {
    "epoch": [
      0.0,
      1.0,
      2.0,
      3.0,
      4.0,
      5.0,
      6.0,
      7.0,
      8.0,
      9.0
    ],
    "train_loss": [
      599.7600261981671,
      599.7600261981671,
      599.7600261981671,
      443.9343472994291,
      395.15289717454175,
      394.95943744365985,
      394.81308805025543,
      395.0299130953275,
      394.833378131573,
      394.5583730844351
    ],
    "val_loss": [
      556.9200265066964,
      556.9200265066964,
      556.9200265066964,
      366.2710854666574,
      366.51143755231584,
      365.88858904157365,
      366.4450116838728,
      365.6546543666295,
      367.5335780552455,
      365.40609305245533
    ],
    "val_acc": [
      0.0463980463980464,
      0.0463980463980464,
      0.0463980463980464,
      0.03663003663003663,
      0.042735042735042736,
      0.054945054945054944,
      0.0463980463980464,
      0.0463980463980464,
      0.04884004884004884,
      0.052503052503052504
    ],
    "delay_mean": [
      0.0,
      0.0,
      0.0,
      0.0,
      0.0,
      0.0,
      0.0,
      0.0,
      0.0,
      0.0
    ]
  },
  "0.2": {
    "epoch": [
      0.0,
      1.0,
      2.0,
      3.0,
      4.0,
      5.0,
      6.0,
      7.0,
      8.0,
      9.0
    ],
    "train_loss": [
      599.7600261981671,
      599.7600261981671,
      599.7600261981671,
      443.9343472994291,
      395.15289717454175,
      394.95943744365985,
      394.81308805025543,
      395.0299130953275,
      394.833378131573,
      394.5583730844351
    ],
    "val_loss": [
      556.9200265066964,
      556.9200265066964,
      556.9200265066964,
      366.2710854666574,
      366.51143755231584,
      365.88858904157365,
      366.4450116838728,
      365.6546543666295,
      367.5335780552455,
      365.40609305245533
    ],
    "val_acc": [
      0.0463980463980464,
      0.0463980463980464,
      0.0463980463980464,
      0.03663003663003663,
      0.042735042735042736,
      0.054945054945054944,
      0.0463980463980464,
      0.0463980463980464,
      0.04884004884004884,
      0.052503052503052504
    ],
    "delay_mean": [
      0.0,
      0.0,
      0.0,
      0.0,
      0.0,
      0.0,
      0.0,
      0.0,
      0.0,
      0.0
    ]
  },
  "0.4": {
    "epoch": [
      0.0,
      1.0,
      2.0,
      3.0,
      4.0,
      5.0,
      6.0,
      7.0,
      8.0,
      9.0
    ],
    "train_loss": [
      599.7600261981671,
      599.7600261981671,
      599.7600261981671,
      443.9343472994291,
      395.15289717454175,
      394.95943744365985,
      394.81308805025543,
      395.0299130953275,
      394.833378131573,
      394.5583730844351
    ],
    "val_loss": [
      556.9200265066964,
      556.9200265066964,
      556.9200265066964,
      366.2710854666574,
      366.51143755231584,
      365.88858904157365,
      366.4450116838728,
      365.6546543666295,
      367.5335780552455,
      365.40609305245533
    ],
    "val_acc": [
      0.0463980463980464,
      0.0463980463980464,
      0.0463980463980464,
      0.03663003663003663,
      0.042735042735042736,
      0.054945054945054944,
      0.0463980463980464,
      0.0463980463980464,
      0.04884004884004884,
      0.052503052503052504
    ],
    "delay_mean": [
      0.0,
      0.0,
      0.0,
      0.0,
      0.0,
      0.0,
      0.0,
      0.0,
      0.0,
      0.0
    ]
  },
  "0.6": {
    "epoch": [
      0.0,
      1.0,
      2.0,
      3.0,
      4.0,
      5.0,
      6.0,
      7.0,
      8.0,
      9.0
    ],
    "train_loss": [
      599.7600261981671,
      599.7600261981671,
      599.7600261981671,
      443.9343472994291,
      395.15289717454175,
      394.95943744365985,
      394.81308805025543,
      395.0299130953275,
      394.833378131573,
      394.5583730844351
    ],
    "val_loss": [
      556.9200265066964,
      556.9200265066964,
      556.9200265066964,
      366.2710854666574,
      366.51143755231584,
      365.88858904157365,
      366.4450116838728,
      365.6546543666295,
      367.5335780552455,
      365.40609305245533
    ],
    "val_acc": [
      0.0463980463980464,
      0.0463980463980464,
      0.0463980463980464,
      0.03663003663003663,
      0.042735042735042736,
      0.054945054945054944,
      0.0463980463980464,
      0.0463980463980464,
      0.04884004884004884,
      0.052503052503052504
    ],
    "delay_mean": [
      0.0,
      0.0,
      0.0,
      0.0,
      0.0,
      0.0,
      0.0,
      0.0,
      0.0,
      0.0
    ]
  },
  "0.8": {
    "epoch": [
      0.0,
      1.0,
      2.0,
      3.0,
      4.0,
      5.0,
      6.0,
      7.0,
      8.0,
      9.0
    ],
    "train_loss": [
      599.7600261981671,
      599.7600261981671,
      599.7600261981671,
      443.9343472994291,
      395.15289717454175,
      394.95943744365985,
      394.81308805025543,
      395.0299130953275,
      394.833378131573,
      394.5583730844351
    ],
    "val_loss": [
      556.9200265066964,
      556.9200265066964,
      556.9200265066964,
      366.2710854666574,
      366.51143755231584,
      365.88858904157365,
      366.4450116838728,
      365.6546543666295,
      367.5335780552455,
      365.40609305245533
    ],
    "val_acc": [
      0.0463980463980464,
      0.0463980463980464,
      0.0463980463980464,
      0.03663003663003663,
      0.042735042735042736,
      0.054945054945054944,
      0.0463980463980464,
      0.0463980463980464,
      0.04884004884004884,
      0.052503052503052504
    ],
    "delay_mean": [
      0.0,
      0.0,
      0.0,
      0.0,
      0.0,
      0.0,
      0.0,
      0.0,
      0.0,
      0.0
    ]
  },
  "1.0": {
    "epoch": [
      0.0,
      1.0,
      2.0,
      3.0,
      4.0,
      5.0,
      6.0,
      7.0,
      8.0,
      9.0
    ],
    "train_loss": [
      599.7600261981671,
      599.7600261981671,
      599.7600261981671,
      443.9343472994291,
      395.15289717454175,
      394.95943744365985,
      394.81308805025543,
      395.0299130953275,
      394.833378131573,
      394.5583730844351
    ],
    "val_loss": [
      556.9200265066964,
      556.9200265066964,
      556.9200265066964,
      366.2710854666574,
      366.51143755231584,
      365.88858904157365,
      366.4450116838728,
      365.6546543666295,
      367.5335780552455,
      365.40609305245533
    ],
    "val_acc": [
      0.0463980463980464,
      0.0463980463980464,
      0.0463980463980464,
      0.03663003663003663,
      0.042735042735042736,
      0.054945054945054944,
      0.0463980463980464,
      0.0463980463980464,
      0.04884004884004884,
      0.052503052503052504
    ],
    "delay_mean": [
      0.0,
      0.0,
      0.0,
      0.0,
      0.0,
      0.0,
      0.0,
      0.0,
      0.0,
      0.0
    ]
  }
}