{
  "0.0": {
    "mean": 0.1343101343101343,
    "std": 0.0,
    "values": [
      0.1343101343101343,
      0.1343101343101343,
      0.1343101343101343
    ]
  },
  "0.2": {
    "mean": 0.1208791208791209,
    "std": 0.0017267564864140359,
    "values": [
      0.12332112332112333,
      0.11965811965811966,
      0.11965811965811966
    ]
  },
  "0.4": {
    "mean": 0.09238909238909239,
    "std": 0.004029098468299414,
    "values": [
      0.09768009768009768,
      0.09157509157509157,
      0.08791208791208792
    ]
  },
  "0.6": {
    "mean": 0.08994708994708996,
    "std": 0.00811963261833944,
    "values": [
      0.08547008547008547,
      0.08302808302808302,
      0.10134310134310134
    ]
  },
  "0.8": {
    "mean": 0.08587708587708587,
    "std": 0.003045712158546147,
    "values": [
      0.08913308913308914,
      0.08669108669108669,
      0.08180708180708181
    ]
  },
  "1.0": {
    "mean": 0.08180708180708181,
    "std": 0.0081603327862285,
    "values": [
      0.0927960927960928,
      0.07326007326007326,
      0.07936507936507936
    ]
  }
}