{
  "0.0": {
    "mean": 0.5299145299145299,
    "std": 0.0,
    "values": [
      0.5299145299145299,
      0.5299145299145299,
      0.5299145299145299
    ]
  },
  "0.2": {
    "mean": 0.4082214082214082,
    "std": 0.008595324412675177,
    "values": [
      0.4175824175824176,
      0.41025641025641024,
      0.3968253968253968
    ]
  },
  "0.4": {
    "mean": 0.36548636548636554,
    "std": 0.01102663181452507,
    "values": [
      0.36385836385836384,
      0.3797313797313797,
      0.3528693528693529
    ]
  },
  "0.6": {
    "mean": 0.31054131054131057,
    "std": 0.006091424317092292,
    "values": [
      0.31868131868131866,
      0.3089133089133089,
      0.304029304029304
    ]
  },
  "0.8": {
    "mean": 0.21815221815221816,
    "std": 0.008058196936598826,
    "values": [
      0.2271062271062271,
      0.20757020757020758,
      0.21978021978021978
    ]
  },
  "1.0": {
    "mean": 0.18884818884818885,
    "std": 0.0035011498848362323,
    "values": [
      0.18437118437118438,
      0.19291819291819293,
      0.18925518925518925
    ]
  }
}