{
  "0.0": {
    "mean": 0.24175824175824176,
    "std": 0.0,
    "values": [
      0.24175824175824176,
      0.24175824175824176,
      0.24175824175824176
    ]
  },
  "0.2": {
    "mean": 0.20065120065120065,
    "std": 0.005017838016254757,
    "values": [
      0.20634920634920634,
      0.20146520146520147,
      0.19413919413919414
    ]
  },
  "0.4": {
    "mean": 0.1929181929181929,
    "std": 0.008160332786228503,
    "values": [
      0.18192918192918192,
      0.19536019536019536,
      0.20146520146520147
    ]
  },
  "0.6": {
    "mean": 0.1754171754171754,
    "std": 0.002075303017335286,
    "values": [
      0.17338217338217338,
      0.1746031746031746,
      0.17826617826617827
    ]
  },
  "0.8": {
    "mean": 0.13756613756613756,
    "std": 0.005490735678971126,
    "values": [
      0.1343101343101343,
      0.1330891330891331,
      0.1452991452991453
    ]
  },
  "1.0": {
    "mean": 0.19698819698819695,
    "std": 0.006091424317092294,
    "values": [
      0.19047619047619047,
      0.19536019536019536,
      0.20512820512820512
    ]
  }
}