{
  "0.0": {
    "mean": 0.47741147741147744,
    "std": 0.0,
    "values": [
      0.47741147741147744,
      0.47741147741147744,
      0.47741147741147744
    ]
  },
  "0.2": {
    "mean": 0.43956043956043955,
    "std": 0.007526757024382142,
    "values": [
      0.44932844932844934,
      0.43101343101343104,
      0.43833943833943834
    ]
  },
  "0.4": {
    "mean": 0.39031339031339035,
    "std": 0.010566345124743328,
    "values": [
      0.3785103785103785,
      0.40415140415140416,
      0.3882783882783883
    ]
  },
  "0.6": {
    "mean": 0.3597883597883598,
    "std": 0.005668859697673639,
    "values": [
      0.35775335775335776,
      0.36752136752136755,
      0.3540903540903541
    ]
  },
  "0.8": {
    "mean": 0.33374033374033374,
    "std": 0.00893548978433054,
    "values": [
      0.32112332112332115,
      0.33943833943833945,
      0.34065934065934067
    ]
  },
  "1.0": {
    "mean": 0.3390313390313391,
    "std": 0.012304612501286914,
    "values": [
      0.32234432234432236,
      0.3431013431013431,
      0.3516483516483517
    ]
  }
}