{
  "0.0": {
    "epoch": [
      0.0,
      1.0,
      2.0,
      3.0,
      4.0,
      5.0,
      6.0,
      7.0,
      8.0,
      9.0
    ],
    "train_loss": [
      599.7600261981671,
      599.7600285456731,
      599.76002737192,
      455.47058868408203,
      394.5791461651142,
      394.49664482703577,
      393.8894330538236,
      393.4206842275766,
      394.1592454176683,
      393.72876504751355
    ],
    "val_loss": [
      556.9200265066964,
      556.9200265066964,
      556.9200265066964,
      366.3392878941127,
      365.6967969621931,
      366.3682163783482,
      365.3089403424944,
      365.99393572126115,
      365.87537057059154,
      365.37894112723217
    ],
    "val_acc": [
      0.05616605616605617,
      0.05616605616605617,
      0.05616605616605617,
      0.04151404151404151,
      0.05372405372405373,
      0.054945054945054944,
      0.06105006105006105,
      0.05860805860805861,
      0.06471306471306472,
      0.057387057387057384
    ],
    "delay_mean": [
      0.0,
      0.0,
      0.0,
      0.0,
      0.0,
      0.0,
      0.0,
      0.0,
      0.0,
      0.0
    ],
    "f": 0.0
  },
  "0.2": {
    "epoch": [
      0.0,
      1.0,
      2.0,
      3.0,
      4.0,
      5.0,
      6.0,
      7.0,
      8.0,
      9.0
    ],
    "train_loss": [
      599.7600261981671,
      599.7600285456731,
      599.76002737192,
      455.8145364614633,
      394.72520564152643,
      394.52058762770434,
      394.1727060171274,
      394.0585702749399,
      394.05116682786206,
      393.763190636268
    ],
    "val_loss": [
      556.9200265066964,
      556.9200265066964,
      556.9200265066964,
      366.0025111607143,
      366.3775111607143,
      367.1860809326172,
      365.02251107352123,
      365.03643798828125,
      365.3450164794922,
      365.92393493652344
    ],
    "val_acc": [
      0.05616605616605617,
      0.05616605616605617,
      0.05616605616605617,
      0.042735042735042736,
      0.04395604395604396,
      0.03785103785103785,
      0.057387057387057384,
      0.057387057387057384,
      0.057387057387057384,
      0.057387057387057384
    ],
    "delay_mean": [
      0.0,
      0.0,
      0.0,
      0.0,
      0.0,
      0.0,
      0.0,
      0.0,
      0.0,
      0.0
    ],
    "f": 0.2
  },
  "0.4": {
    "epoch": [
      0.0,
      1.0,
      2.0,
      3.0,
      4.0,
      5.0,
      6.0,
      7.0,
      8.0,
      9.0
    ],
    "train_loss": [
      599.7600261981671,
      599.7600285456731,
      599.76002737192,
      463.81492203932544,
      394.55289400540863,
      393.62269827035755,
      394.26654639610877,
      393.22193204439606,
      393.5282815786508,
      393.5167441734901
    ],
    "val_loss": [
      556.9200265066964,
      556.9200265066964,
      556.9200265066964,
      366.0092969621931,
      365.72965349469865,
      365.24143981933594,
      364.9842965262277,
      365.9864480154855,
      365.96608189174106,
      365.0139378138951
    ],
    "val_acc": [
      0.05616605616605617,
      0.05616605616605617,
      0.05616605616605617,
      0.057387057387057384,
      0.047619047619047616,
      0.057387057387057384,
      0.06105006105006105,
      0.050061050061050064,
      0.05128205128205128,
      0.054945054945054944
    ],
    "delay_mean": [
      0.0,
      0.0,
      0.0,
      0.0,
      0.0,
      0.0,
      0.0,
      0.0,
      0.0,
      0.0
    ],
    "f": 0.4
  },
  "0.6": {
    "epoch": [
      0.0,
      1.0,
      2.0,
      3.0,
      4.0,
      5.0,
      6.0,
      7.0,
      8.0,
      9.0
    ],
    "train_loss": [
      599.7600261981671,
      599.7600285456731,
      599.76002737192,
      480.1335848294772,
      394.9103047297551,
      394.48818148099457,
      394.5881864107572,
      393.6727048433744,
      393.9942439152644,
      393.81068420410156
    ],
    "val_loss": [
      556.9200265066964,
      556.9200265066964,
      556.9200265066964,
      366.55322701590404,
      365.90966142926897,
      366.0275137765067,
      365.5178745814732,
      366.21644810267856,
      366.45358494349887,
      365.0496608189174
    ],
    "val_acc": [
      0.05616605616605617,
      0.05616605616605617,
      0.05616605616605617,
      0.04884004884004884,
      0.06105006105006105,
      0.05616605616605617,
      0.07692307692307693,
      0.06105006105006105,
      0.052503052503052504,
      0.057387057387057384
    ],
    "delay_mean": [
      0.0,
      0.0,
      0.0,
      0.0,
      0.0,
      0.0,
      0.0,
      0.0,
      0.0,
      0.0
    ],
    "f": 0.6
  },
  "0.8": {
    "epoch": [
      0.0,
      1.0,
      2.0,
      3.0,
      4.0,
      5.0,
      6.0,
      7.0,
      8.0,
      9.0
    ],
    "train_loss": [
      599.7600261981671,
      599.7600285456731,
      599.76002737192,
      526.7256868802584,
      403.2787622305063,
      400.95501004732574,
      401.11250950739935,
      401.78924443171576,
      402.197991004357,
      402.8476069523738
    ],
    "val_loss": [
      556.9200265066964,
      556.9200265066964,
      556.9200265066964,
      385.9314509800502,
      372.3285675048828,
      371.07179478236606,
      372.0078648158482,
      374.5232238769531,
      373.08679635184154,
      371.0342930385045
    ],
    "val_acc": [
      0.05616605616605617,
      0.05616605616605617,
      0.05616605616605617,
      0.05372405372405373,
      0.05372405372405373,
      0.05982905982905983,
      0.047619047619047616,
      0.05982905982905983,
      0.05128205128205128,
      0.06349206349206349
    ],
    "delay_mean": [
      0.0,
      0.0,
      0.0,
      0.0,
      0.0,
      0.0,
      0.0,
      0.0,
      0.0,
      0.0
    ],
    "f": 0.8
  },
  "1.0": {
    "epoch": [
      0.0,
      1.0,
      2.0,
      3.0,
      4.0,
      5.0,
      6.0,
      7.0,
      8.0,
      9.0
    ],
    "train_loss": [
      599.7600261981671,
      599.7600285456731,
      599.76002737192,
      599.7600261981671,
      599.7600285456731,
      463.2629828819862,
      393.14914175180286,
      393.04250863882214,
      392.8539522611178,
      392.9791429959811
    ],
    "val_loss": [
      556.9200265066964,
      556.9200265066964,
      556.9200265066964,
      556.9200265066964,
      556.9200265066964,
      365.00822884695873,
      364.745361328125,
      364.77428763253346,
      364.76536778041293,
      364.68429129464283
    ],
    "val_acc": [
      0.05616605616605617,
      0.05616605616605617,
      0.05616605616605617,
      0.05616605616605617,
      0.05616605616605617,
      0.054945054945054944,
      0.050061050061050064,
      0.054945054945054944,
      0.057387057387057384,
      0.05616605616605617
    ],
    "delay_mean": [
      0.0,
      0.0,
      0.0,
      0.0,
      0.0,
      0.0,
      0.0,
      0.0,
      0.0,
      0.0
    ],
    "f": 1.0
  }
}