{
  "0.0": {
    "mean": 0.040293040293040296,
    "std": 0.0,
    "values": [
      0.040293040293040296,
      0.040293040293040296,
      0.040293040293040296
    ]
  },
  "0.2": {
    "mean": 0.03581603581603581,
    "std": 0.0025089190081273812,
    "values": [
      0.03296703296703297,
      0.03907203907203907,
      0.03540903540903541
    ]
  },
  "0.4": {
    "mean": 0.03581603581603582,
    "std": 0.0050178380162547625,
    "values": [
      0.029304029304029304,
      0.03663003663003663,
      0.04151404151404151
    ]
  },
  "0.6": {
    "mean": 0.03866503866503867,
    "std": 0.003774366502033255,
    "values": [
      0.03540903540903541,
      0.04395604395604396,
      0.03663003663003663
    ]
  },
  "0.8": {
    "mean": 0.04884004884004884,
    "std": 0.0035945302671256995,
    "values": [
      0.052503052503052504,
      0.050061050061050064,
      0.04395604395604396
    ]
  },
  "1.0": {
    "mean": 0.034595034595034595,
    "std": 0.0011511709909426894,
    "values": [
      0.03296703296703297,
      0.03540903540903541,
      0.03540903540903541
    ]
  }
}