{
  "0.0": {
    "mean": 0.8637274549098196,
    "std": 0.0,
    "values": [
      0.8637274549098196,
      0.8637274549098196,
      0.8637274549098196
    ]
  },
  "0.2": {
    "mean": 0.6782453796481853,
    "std": 0.006575294170667296,
    "values": [
      0.6773547094188377,
      0.6867067468269873,
      0.6706746826987308
    ]
  },
  "0.4": {
    "mean": 0.5221554219550212,
    "std": 0.00529742919321771,
    "values": [
      0.5150300601202404,
      0.5277221108884436,
      0.5237140948563794
    ]
  },
  "0.6": {
    "mean": 0.3823201959474505,
    "std": 0.004093693233322248,
    "values": [
      0.37942551770207084,
      0.38810955243820977,
      0.37942551770207084
    ]
  },
  "0.8": {
    "mean": 0.29926519706078825,
    "std": 0.006635343765643013,
    "values": [
      0.3046092184368738,
      0.3032732130928524,
      0.2899131596526386
    ]
  },
  "1.0": {
    "mean": 0.287018481407259,
    "std": 0.006507076017012893,
    "values": [
      0.27788911155644624,
      0.2905811623246493,
      0.2925851703406814
    ]
  }
}