{
  "0.0": {
    "mean": 0.42735042735042733,
    "std": 0.0,
    "values": [
      0.42735042735042733,
      0.42735042735042733,
      0.42735042735042733
    ]
  },
  "0.2": {
    "mean": 0.38949938949938945,
    "std": 0.005550745501418749,
    "values": [
      0.3907203907203907,
      0.3956043956043956,
      0.38217338217338215
    ]
  },
  "0.4": {
    "mean": 0.35205535205535204,
    "std": 0.015130346190835267,
    "values": [
      0.36874236874236876,
      0.3321123321123321,
      0.3553113553113553
    ]
  },
  "0.6": {
    "mean": 0.3549043549043549,
    "std": 0.004495466429461652,
    "values": [
      0.3492063492063492,
      0.3553113553113553,
      0.3601953601953602
    ]
  },
  "0.8": {
    "mean": 0.33292633292633295,
    "std": 0.011116402347372956,
    "values": [
      0.31746031746031744,
      0.3431013431013431,
      0.33821733821733824
    ]
  },
  "1.0": {
    "mean": 0.3483923483923484,
    "std": 0.015261158534190208,
    "values": [
      0.336996336996337,
      0.33821733821733824,
      0.36996336996337
    ]
  }
}