{
  "0.0": {
    "mean": 0.4422177688710755,
    "std": 0.0,
    "values": [
      0.4422177688710755,
      0.4422177688710755,
      0.4422177688710755
    ]
  },
  "0.2": {
    "mean": 0.37697617457136495,
    "std": 0.004541544879619491,
    "values": [
      0.3787575150300601,
      0.38142952571810285,
      0.37074148296593185
    ]
  },
  "0.4": {
    "mean": 0.43197506123357826,
    "std": 0.0013726150084544676,
    "values": [
      0.43219772879091517,
      0.4301937207748831,
      0.43353373413493657
    ]
  },
  "0.6": {
    "mean": 0.3119572478289913,
    "std": 0.0034061586597146226,
    "values": [
      0.30861723446893785,
      0.3166332665330661,
      0.3106212424849699
    ]
  },
  "0.8": {
    "mean": 0.27054108216432865,
    "std": 0.00681231731942922,
    "values": [
      0.2772211088844355,
      0.2732130928523714,
      0.26118904475617905
    ]
  },
  "1.0": {
    "mean": 0.20240480961923848,
    "std": 0.002377438933874709,
    "values": [
      0.20574482297929192,
      0.20040080160320642,
      0.2010688042752171
    ]
  }
}