{
  "0.0": {
    "epoch": [
      0.0,
      1.0,
      2.0,
      3.0,
      4.0,
      5.0,
      6.0,
      7.0,
      8.0,
      9.0
    ],
    "train_loss": [
      440.6951117882362,
      404.5584787222055,
      401.0444330068735,
      399.37866856501654,
      398.39270899846,
      397.1161680955153,
      395.4295325646034,
      393.9218450692984,
      392.5882820716271,
      390.9367464505709
    ],
    "val_loss": [
      377.2775115966797,
      372.9628688267299,
      371.4839412144252,
      370.6268005371094,
      368.9803684779576,
      367.8400094168527,
      365.8110831124442,
      365.16858346121654,
      363.18679591587613,
      362.2485809326172
    ],
    "val_acc": [
      0.054945054945054944,
      0.0463980463980464,
      0.052503052503052504,
      0.04395604395604396,
      0.052503052503052504,
      0.06471306471306472,
      0.08302808302808302,
      0.08669108669108669,
      0.08913308913308914,
      0.0927960927960928
    ],
    "delay_mean": [
      0.0,
      0.0,
      0.0,
      0.0,
      0.0,
      0.0,
      0.0,
      0.0,
      0.0,
      0.0
    ],
    "f": 0.0
  },
  "0.2": {
    "epoch": [
      0.0,
      1.0,
      2.0,
      3.0,
      4.0,
      5.0,
      6.0,
      7.0,
      8.0,
      9.0
    ],
    "train_loss": [
      441.5937687800481,
      405.81318429800183,
      400.97953268197864,
      399.7678938645583,
      397.51405275785004,
      397.39395611102765,
      397.36289743276745,
      396.53636052058295,
      395.86155465932995,
      395.00165029672473
    ],
    "val_loss": [
      375.25072152274,
      375.16858346121654,
      372.0178658621652,
      370.3989475795201,
      368.47179739815846,
      368.8014482770647,
      368.2478703090123,
      368.3535853794643,
      366.52323477608815,
      366.3350132533482
    ],
    "val_acc": [
      0.054945054945054944,
      0.04884004884004884,
      0.04395604395604396,
      0.050061050061050064,
      0.042735042735042736,
      0.047619047619047616,
      0.05128205128205128,
      0.047619047619047616,
      0.06471306471306472,
      0.05372405372405373
    ],
    "delay_mean": [
      0.0,
      0.0,
      0.0,
      0.0,
      0.0,
      0.0,
      0.0,
      0.0,
      0.0,
      0.0
    ],
    "f": 0.2
  },
  "0.4": {
    "epoch": [
      0.0,
      1.0,
      2.0,
      3.0,
      4.0,
      5.0,
      6.0,
      7.0,
      8.0,
      9.0
    ],
    "train_loss": [
      447.7421329204853,
      403.9952046320989,
      401.67953725961536,
      401.27347506009613,
      399.6823237492488,
      400.0369338989258,
      399.76232088529144,
      398.6093421349159,
      396.92991755558893,
      396.194340632512
    ],
    "val_loss": [
      376.04251970563615,
      372.92858450753346,
      373.84466552734375,
      371.2489471435547,
      371.80321829659596,
      370.81072998046875,
      370.0296630859375,
      368.94466509137834,
      368.8332257952009,
      368.1660831996373
    ],
    "val_acc": [
      0.03663003663003663,
      0.0463980463980464,
      0.0463980463980464,
      0.0463980463980464,
      0.047619047619047616,
      0.042735042735042736,
      0.05372405372405373,
      0.04884004884004884,
      0.06593406593406594,
      0.07081807081807082
    ],
    "delay_mean": [
      0.0,
      0.0,
      0.0,
      0.0,
      0.0,
      0.0,
      0.0,
      0.0,
      0.0,
      0.0
    ],
    "f": 0.4
  },
  "0.6": {
    "epoch": [
      0.0,
      1.0,
      2.0,
      3.0,
      4.0,
      5.0,
      6.0,
      7.0,
      8.0,
      9.0
    ],
    "train_loss": [
      467.64578716571515,
      409.92808884840747,
      409.19376490666315,
      405.36760770357574,
      402.80174020620495,
      402.8680936373197,
      402.57741487943207,
      401.8040583683894,
      402.2603014432467,
      401.6948236318735
    ],
    "val_loss": [
      381.4121616908482,
      379.64465767996654,
      378.4921548025949,
      374.31644330705916,
      375.01501028878346,
      373.85644095284596,
      373.74894278390065,
      373.9610813685826,
      373.3739449637277,
      372.7760903494699
    ],
    "val_acc": [
      0.04884004884004884,
      0.047619047619047616,
      0.05128205128205128,
      0.042735042735042736,
      0.04395604395604396,
      0.045177045177045176,
      0.03785103785103785,
      0.045177045177045176,
      0.04395604395604396,
      0.050061050061050064
    ],
    "delay_mean": [
      0.0,
      0.0,
      0.0,
      0.0,
      0.0,
      0.0,
      0.0,
      0.0,
      0.0,
      0.0
    ],
    "f": 0.6
  },
  "0.8": {
    "epoch": [
      0.0,
      1.0,
      2.0,
      3.0,
      4.0,
      5.0,
      6.0,
      7.0,
      8.0,
      9.0
    ],
    "train_loss": [
      501.2187629112831,
      435.42721792367786,
      434.54288893479566,
      430.1850081223708,
      422.62615966796875,
      413.8398108849159,
      405.76683924748346,
      394.8171257605919,
      392.27991544283356,
      388.8511645977314
    ],
    "val_loss": [
      404.2528599330357,
      402.92927987234935,
      402.49215044294084,
      398.22965131487166,
      388.5575169154576,
      380.80179922921315,
      372.2393014090402,
      366.5057373046875,
      361.6360822405134,
      359.55000959123885
    ],
    "val_acc": [
      0.054945054945054944,
      0.05616605616605617,
      0.0463980463980464,
      0.052503052503052504,
      0.06471306471306472,
      0.06837606837606838,
      0.08302808302808302,
      0.08424908424908426,
      0.0927960927960928,
      0.10378510378510379
    ],
    "delay_mean": [
      0.0,
      0.0,
      0.0,
      0.0,
      0.0,
      0.0,
      0.0,
      0.0,
      0.0,
      0.0
    ],
    "f": 0.8
  },
  "1.0": {
    "epoch": [
      0.0,
      1.0,
      2.0,
      3.0,
      4.0,
      5.0,
      6.0,
      7.0,
      8.0,
      9.0
    ],
    "train_loss": [
      553.7237736628606,
      429.0338580791767,
      409.91250786414514,
      407.36876502403845,
      398.6005841768705,
      393.41212698129505,
      390.0600151648888,
      387.4765425461989,
      386.4152010404147,
      385.2922204824594
    ],
    "val_loss": [
      408.8600071498326,
      385.1196507045201,
      384.10750688825334,
      374.1732199532645,
      369.7367946079799,
      362.2310791015625,
      361.24108450753346,
      358.01929800851,
      356.77786908830916,
      360.04823085239957
    ],
    "val_acc": [
      0.06715506715506715,
      0.0695970695970696,
      0.07326007326007326,
      0.06349206349206349,
      0.0927960927960928,
      0.08058608058608059,
      0.09768009768009768,
      0.1330891330891331,
      0.10989010989010989,
      0.11721611721611722
    ],
    "delay_mean": [
      0.0,
      0.0,
      0.0,
      0.0,
      0.0,
      0.0,
      0.0,
      0.0,
      0.0,
      0.0
    ],
    "f": 1.0
  }
}