{
  "0.0": {
    "mean": 0.20634920634920637,
    "std": 2.7755575615628914e-17,
    "values": [
      0.20634920634920634,
      0.20634920634920634,
      0.20634920634920634
    ]
  },
  "0.2": {
    "mean": 0.19820919820919822,
    "std": 0.006637975755107895,
    "values": [
      0.19413919413919414,
      0.19291819291819293,
      0.20757020757020758
    ]
  },
  "0.4": {
    "mean": 0.19617419617419618,
    "std": 0.0020753030173352735,
    "values": [
      0.199023199023199,
      0.19536019536019536,
      0.19413919413919414
    ]
  },
  "0.6": {
    "mean": 0.17297517297517295,
    "std": 0.0030457121585461483,
    "values": [
      0.17704517704517705,
      0.17216117216117216,
      0.16971916971916973
    ]
  },
  "0.8": {
    "mean": 0.19495319495319494,
    "std": 0.008478903807895673,
    "values": [
      0.18315018315018314,
      0.199023199023199,
      0.2026862026862027
    ]
  },
  "1.0": {
    "mean": 0.2104192104192104,
    "std": 0.0063314404501848,
    "values": [
      0.2148962148962149,
      0.20146520146520147,
      0.2148962148962149
    ]
  }
}