{
  "0.0": {
    "mean": 0.7728937728937729,
    "std": 0.0,
    "values": [
      0.7728937728937729,
      0.7728937728937729,
      0.7728937728937729
    ]
  },
  "0.2": {
    "mean": 0.7252747252747254,
    "std": 0.009510233166909195,
    "values": [
      0.7191697191697192,
      0.7387057387057387,
      0.717948717948718
    ]
  },
  "0.4": {
    "mean": 0.7183557183557183,
    "std": 0.005755854954713431,
    "values": [
      0.7142857142857143,
      0.7264957264957265,
      0.7142857142857143
    ]
  },
  "0.6": {
    "mean": 0.6809116809116809,
    "std": 0.008058196936598852,
    "values": [
      0.6825396825396826,
      0.6898656898656899,
      0.6703296703296703
    ]
  },
  "0.8": {
    "mean": 0.7228327228327228,
    "std": 0.004345575194151923,
    "values": [
      0.7191697191697192,
      0.7203907203907204,
      0.7289377289377289
    ]
  },
  "1.0": {
    "mean": 0.6178266178266179,
    "std": 0.00653739454790764,
    "values": [
      0.6251526251526252,
      0.6190476190476191,
      0.6092796092796092
    ]
  }
}