{
  "0.0": {
    "epoch": [
      0.0,
      1.0,
      2.0,
      3.0,
      4.0,
      5.0,
      6.0,
      7.0,
      8.0,
      9.0
    ],
    "train_loss": [
      441.4402072613056,
      402.71741837721606,
      400.14472433236926,
      399.27914663461536,
      398.2108852679913,
      397.50328533466046,
      396.9149181659405,
      395.1841512826773,
      393.5533793522761,
      393.5166461651142
    ],
    "val_loss": [
      375.0942905970982,
      372.7296665736607,
      370.71859087262834,
      371.5689479282924,
      369.09359087262834,
      368.7675127301897,
      367.8193141392299,
      367.09073747907365,
      365.24000767299106,
      367.5592956542969
    ],
    "val_acc": [
      0.042735042735042736,
      0.045177045177045176,
      0.05860805860805861,
      0.045177045177045176,
      0.04884004884004884,
      0.050061050061050064,
      0.052503052503052504,
      0.07448107448107448,
      0.08424908424908426,
      0.06837606837606838
    ],
    "delay_mean": [
      0.0,
      0.0,
      0.0,
      0.0,
      0.0,
      0.0,
      0.0,
      0.0,
      0.0,
      0.0
    ],
    "f": 0.0
  },
  "0.2": {
    "epoch": [
      0.0,
      1.0,
      2.0,
      3.0,
      4.0,
      5.0,
      6.0,
      7.0,
      8.0,
      9.0
    ],
    "train_loss": [
      441.04357088529144,
      403.6197204589844,
      399.4796347984901,
      398.336550785945,
      397.7386685884916,
      396.65646186241736,
      396.18039762056793,
      395.36569331242487,
      394.46847651554987,
      392.62164893517127
    ],
    "val_loss": [
      375.58215767996654,
      372.29144069126676,
      370.92572239467074,
      370.5382319859096,
      368.2175031389509,
      368.39036778041293,
      367.3875252859933,
      366.0367998395647,
      365.7378627232143,
      366.8003670828683
    ],
    "val_acc": [
      0.047619047619047616,
      0.047619047619047616,
      0.054945054945054944,
      0.045177045177045176,
      0.052503052503052504,
      0.06227106227106227,
      0.05860805860805861,
      0.07448107448107448,
      0.0757020757020757,
      0.06593406593406594
    ],
    "delay_mean": [
      0.0,
      0.0,
      0.0,
      0.0,
      0.0,
      0.0,
      0.0,
      0.0,
      0.0,
      0.0
    ],
    "f": 0.2
  },
  "0.4": {
    "epoch": [
      0.0,
      1.0,
      2.0,
      3.0,
      4.0,
      5.0,
      6.0,
      7.0,
      8.0,
      9.0
    ],
    "train_loss": [
      442.9605976985051,
      403.5694392277644,
      399.77818415715143,
      398.62732461782605,
      397.6651135958158,
      397.1273181621845,
      396.23953129695013,
      395.87203627366284,
      394.35357079139123,
      393.801268357497
    ],
    "val_loss": [
      374.67608642578125,
      373.00644138881137,
      370.91465541294644,
      370.2717960902623,
      368.8807264055525,
      367.65608869280135,
      367.41607448032926,
      366.8778751918248,
      365.93607439313615,
      365.3842969621931
    ],
    "val_acc": [
      0.042735042735042736,
      0.04884004884004884,
      0.045177045177045176,
      0.0463980463980464,
      0.0463980463980464,
      0.05372405372405373,
      0.07448107448107448,
      0.05860805860805861,
      0.07203907203907203,
      0.06349206349206349
    ],
    "delay_mean": [
      0.0,
      0.0,
      0.0,
      0.0,
      0.0,
      0.0,
      0.0,
      0.0,
      0.0,
      0.0
    ],
    "f": 0.4
  },
  "0.6": {
    "epoch": [
      0.0,
      1.0,
      2.0,
      3.0,
      4.0,
      5.0,
      6.0,
      7.0,
      8.0,
      9.0
    ],
    "train_loss": [
      452.1602055476262,
      406.4918412428636,
      403.603764460637,
      401.78895451472357,
      400.65982525165265,
      400.0390525230995,
      398.9645338792067,
      398.75453009972205,
      398.6547153179462,
      398.6601104736328
    ],
    "val_loss": [
      377.3489467075893,
      374.48465401785717,
      374.1753714425223,
      373.81286185128346,
      370.48392813546315,
      370.4943084716797,
      369.59715488978793,
      369.5828661237444,
      370.39430236816406,
      370.65501403808594
    ],
    "val_acc": [
      0.052503052503052504,
      0.045177045177045176,
      0.052503052503052504,
      0.042735042735042736,
      0.06715506715506715,
      0.05128205128205128,
      0.06471306471306472,
      0.06837606837606838,
      0.06593406593406594,
      0.07448107448107448
    ],
    "delay_mean": [
      0.0,
      0.0,
      0.0,
      0.0,
      0.0,
      0.0,
      0.0,
      0.0,
      0.0,
      0.0
    ],
    "f": 0.6
  },
  "0.8": {
    "epoch": [
      0.0,
      1.0,
      2.0,
      3.0,
      4.0,
      5.0,
      6.0,
      7.0,
      8.0,
      9.0
    ],
    "train_loss": [
      481.58424260066107,
      443.62472768930286,
      442.62050100473255,
      441.5746283897987,
      439.16847346379205,
      438.5477940486028,
      435.6448199932392,
      434.2518369234525,
      432.11578369140625,
      430.54713087815503
    ],
    "val_loss": [
      410.3878696986607,
      409.60430690220426,
      408.5650068010603,
      408.8239266531808,
      404.2750222342355,
      402.7050214494978,
      402.30928911481584,
      402.22322954450334,
      399.2868085588728,
      399.12215532575334
    ],
    "val_acc": [
      0.08424908424908426,
      0.0463980463980464,
      0.05372405372405373,
      0.06227106227106227,
      0.07081807081807082,
      0.057387057387057384,
      0.0463980463980464,
      0.052503052503052504,
      0.05860805860805861,
      0.050061050061050064
    ],
    "delay_mean": [
      0.0,
      0.0,
      0.0,
      0.0,
      0.0,
      0.0,
      0.0,
      0.0,
      0.0,
      0.0
    ],
    "f": 0.8
  },
  "1.0": {
    "epoch": [
      0.0,
      1.0,
      2.0,
      3.0,
      4.0,
      5.0,
      6.0,
      7.0,
      8.0,
      9.0
    ],
    "train_loss": [
      514.4630901630109,
      456.85779864971454,
      433.62164541391223,
      412.9215551523062,
      404.8821246807392,
      406.67491267277643,
      404.48020700307995,
      403.9773225050706,
      400.70366727388824,
      401.4546285775992
    ],
    "val_loss": [
      434.22608075823103,
      413.26893833705356,
      391.57215663364957,
      377.2471596854074,
      375.0385960170201,
      377.46393912179127,
      376.0014430454799,
      374.89574105399,
      371.28001839774,
      373.6546630859375
    ],
    "val_acc": [
      0.07448107448107448,
      0.07203907203907203,
      0.08669108669108669,
      0.08791208791208792,
      0.07203907203907203,
      0.06837606837606838,
      0.07326007326007326,
      0.07936507936507936,
      0.08547008547008547,
      0.0695970695970696
    ],
    "delay_mean": [
      0.0,
      0.0,
      0.0,
      0.0,
      0.0,
      0.0,
      0.0,
      0.0,
      0.0,
      0.0
    ],
    "f": 1.0
  }
}