{
  "0.0": {
    "mean": 0.4908424908424908,
    "std": 0.0,
    "values": [
      0.4908424908424908,
      0.4908424908424908,
      0.4908424908424908
    ]
  },
  "0.2": {
    "mean": 0.30809930809930813,
    "std": 0.007482611441127487,
    "values": [
      0.31868131868131866,
      0.3028083028083028,
      0.3028083028083028
    ]
  },
  "0.4": {
    "mean": 0.18477818477818478,
    "std": 0.00805819693659883,
    "values": [
      0.17338217338217338,
      0.19047619047619047,
      0.19047619047619047
    ]
  },
  "0.6": {
    "mean": 0.1339031339031339,
    "std": 0.005490735678971113,
    "values": [
      0.14163614163614163,
      0.13064713064713065,
      0.12942612942612944
    ]
  },
  "0.8": {
    "mean": 0.11477411477411477,
    "std": 0.0026376641019161045,
    "values": [
      0.11721611721611722,
      0.1111111111111111,
      0.115995115995116
    ]
  },
  "1.0": {
    "mean": 0.10907610907610908,
    "std": 0.0041506060346705575,
    "values": [
      0.10500610500610501,
      0.11477411477411477,
      0.10744810744810745
    ]
  }
}