{
  "0.0": {
    "mean": 0.06593406593406594,
    "std": 0.0,
    "values": [
      0.06593406593406594,
      0.06593406593406594,
      0.06593406593406594
    ]
  },
  "0.2": {
    "mean": 0.05535205535205536,
    "std": 0.004029098468299416,
    "values": [
      0.05982905982905983,
      0.05616605616605617,
      0.050061050061050064
    ]
  },
  "0.4": {
    "mean": 0.06674806674806674,
    "std": 0.007482611441127484,
    "values": [
      0.05616605616605617,
      0.07203907203907203,
      0.07203907203907203
    ]
  },
  "0.6": {
    "mean": 0.06796906796906797,
    "std": 0.0030457121585461423,
    "values": [
      0.06471306471306472,
      0.07203907203907203,
      0.06715506715506715
    ]
  },
  "0.8": {
    "mean": 0.07163207163207164,
    "std": 0.003204724409447218,
    "values": [
      0.07448107448107448,
      0.07326007326007326,
      0.06715506715506715
    ]
  },
  "1.0": {
    "mean": 0.0647130647130647,
    "std": 0.007526757024382144,
    "values": [
      0.06349206349206349,
      0.05616605616605617,
      0.07448107448107448
    ]
  }
}