{
  "0.0": {
    "mean": 0.06593406593406594,
    "std": 0.0,
    "values": [
      0.06593406593406594,
      0.06593406593406594,
      0.06593406593406594
    ]
  },
  "0.2": {
    "mean": 0.06064306064306065,
    "std": 0.005668859697673638,
    "values": [
      0.054945054945054944,
      0.05860805860805861,
      0.06837606837606838
    ]
  },
  "0.4": {
    "mean": 0.060236060236060235,
    "std": 0.0015228560792730735,
    "values": [
      0.05860805860805861,
      0.06227106227106227,
      0.05982905982905983
    ]
  },
  "0.6": {
    "mean": 0.05698005698005698,
    "std": 0.009986035121192753,
    "values": [
      0.07081807081807082,
      0.052503052503052504,
      0.047619047619047616
    ]
  },
  "0.8": {
    "mean": 0.05535205535205536,
    "std": 0.005115915787536236,
    "values": [
      0.06227106227106227,
      0.05372405372405373,
      0.050061050061050064
    ]
  },
  "1.0": {
    "mean": 0.06227106227106227,
    "std": 0.007975546578048604,
    "values": [
      0.06227106227106227,
      0.052503052503052504,
      0.07203907203907203
    ]
  }
}