{
  "0.0": {
    "mean": 0.43345543345543347,
    "std": 0.0,
    "values": [
      0.43345543345543347,
      0.43345543345543347,
      0.43345543345543347
    ]
  },
  "0.2": {
    "mean": 0.38339438339438336,
    "std": 0.011497311267257235,
    "values": [
      0.38217338217338215,
      0.398046398046398,
      0.36996336996337
    ]
  },
  "0.4": {
    "mean": 0.39967439967439966,
    "std": 0.014424131173520024,
    "values": [
      0.3907203907203907,
      0.3882783882783883,
      0.42002442002442003
    ]
  },
  "0.6": {
    "mean": 0.42246642246642246,
    "std": 0.004568568237819204,
    "values": [
      0.4163614163614164,
      0.4236874236874237,
      0.42735042735042733
    ]
  },
  "0.8": {
    "mean": 0.3447293447293447,
    "std": 0.01614719936904957,
    "values": [
      0.36752136752136755,
      0.3321123321123321,
      0.33455433455433453
    ]
  },
  "1.0": {
    "mean": 0.4188034188034188,
    "std": 0.0,
    "values": [
      0.4188034188034188,
      0.4188034188034188,
      0.4188034188034188
    ]
  }
}