{
  "0.0": {
    "mean": 0.87374749498998,
    "std": 0.0,
    "values": [
      0.87374749498998,
      0.87374749498998,
      0.87374749498998
    ]
  },
  "0.2": {
    "mean": 0.8672901358272099,
    "std": 0.003003949579877973,
    "values": [
      0.8670674682698731,
      0.8637274549098196,
      0.8710754843019372
    ]
  },
  "0.4": {
    "mean": 0.8027165441995101,
    "std": 0.004165728553522533,
    "values": [
      0.7982631930527722,
      0.8016032064128257,
      0.8082832331329325
    ]
  },
  "0.6": {
    "mean": 0.7156535292807837,
    "std": 0.009033828891160462,
    "values": [
      0.7167668670674683,
      0.7040748162992652,
      0.7261189044756179
    ]
  },
  "0.8": {
    "mean": 0.6094411044310845,
    "std": 0.002459443557601262,
    "values": [
      0.6092184368737475,
      0.6065464261857048,
      0.612558450233801
    ]
  },
  "1.0": {
    "mean": 0.546203518147406,
    "std": 0.007201497051345499,
    "values": [
      0.5384101536406145,
      0.5557782231128925,
      0.5444221776887107
    ]
  }
}