{
  "0.0": {
    "epoch": [
      0.0,
      1.0,
      2.0,
      3.0,
      4.0,
      5.0,
      6.0,
      7.0,
      8.0,
      9.0
    ],
    "train_loss": [
      440.4647263746995,
      402.79251392071063,
      399.80280127892127,
      398.53433697040265,
      397.1802074725811,
      394.519530076247,
      391.36549612192005,
      389.08703319843,
      387.93443063589245,
      385.56241607666016
    ],
    "val_loss": [
      375.4485844203404,
      372.0378744942801,
      370.1960776192801,
      369.0496520996094,
      367.36108834402904,
      364.25179617745533,
      360.80322701590404,
      359.74536786760603,
      358.13572910853793,
      357.60857936314176
    ],
    "val_acc": [
      0.06227106227106227,
      0.04395604395604396,
      0.045177045177045176,
      0.03907203907203907,
      0.05372405372405373,
      0.07936507936507936,
      0.11233211233211234,
      0.10012210012210013,
      0.12087912087912088,
      0.14041514041514042
    ],
    "delay_mean": [
      0.4553067088127136,
      0.5546116828918457,
      0.6030094027519226,
      0.6275706887245178,
      0.7277628183364868,
      0.7787483930587769,
      0.8506726026535034,
      0.9462941884994507,
      1.0189628601074219,
      1.0271146297454834
    ],
    "f": 0.0
  },
  "0.2": {
    "epoch": [
      0.0,
      1.0,
      2.0,
      3.0,
      4.0,
      5.0,
      6.0,
      7.0,
      8.0,
      9.0
    ],
    "train_loss": [
      441.23309150108923,
      403.29154322697565,
      399.8448245708759,
      398.4503995455228,
      397.7747245201698,
      396.29356853778546,
      394.02491290752704,
      391.3398196880634,
      389.24529794546277,
      386.2103001521184
    ],
    "val_loss": [
      376.37751334054127,
      371.49144199916293,
      370.32965087890625,
      369.2939453125,
      368.3860778808594,
      366.5992954799107,
      364.3289489746094,
      361.1282261439732,
      358.88965497698103,
      356.95215279715404
    ],
    "val_acc": [
      0.040293040293040296,
      0.045177045177045176,
      0.04395604395604396,
      0.045177045177045176,
      0.052503052503052504,
      0.06715506715506715,
      0.09645909645909646,
      0.09768009768009768,
      0.11843711843711843,
      0.12454212454212454
    ],
    "delay_mean": [
      0.4517194628715515,
      0.5813251733779907,
      0.6423234939575195,
      0.6808372735977173,
      0.6730358004570007,
      0.7274452447891235,
      0.8193159699440002,
      0.9441328644752502,
      1.0180633068084717,
      1.0903359651565552
    ],
    "f": 0.2
  },
  "0.4": {
    "epoch": [
      0.0,
      1.0,
      2.0,
      3.0,
      4.0,
      5.0,
      6.0,
      7.0,
      8.0,
      9.0
    ],
    "train_loss": [
      447.7727056650015,
      403.5448232797476,
      400.98790095402643,
      401.0122316800631,
      400.07713083120495,
      397.7024172269381,
      396.9816460242638,
      395.9594339224008,
      395.3432846069336,
      393.6916533250075
    ],
    "val_loss": [
      374.4200199672154,
      372.0150124686105,
      372.47430201939176,
      372.9546574183873,
      369.5782230922154,
      368.880368913923,
      368.46215384347096,
      368.30465916224887,
      366.42716326032365,
      363.04785810198103
    ],
    "val_acc": [
      0.04151404151404151,
      0.0463980463980464,
      0.04395604395604396,
      0.045177045177045176,
      0.047619047619047616,
      0.0463980463980464,
      0.04395604395604396,
      0.050061050061050064,
      0.08180708180708181,
      0.10744810744810745
    ],
    "delay_mean": [
      0.4729204773902893,
      0.5410638451576233,
      0.5789425373077393,
      0.6256169080734253,
      0.6378672122955322,
      0.6196826696395874,
      0.6607250571250916,
      0.7176511287689209,
      0.7482556104660034,
      0.8286728262901306
    ],
    "f": 0.4
  },
  "0.6": {
    "epoch": [
      0.0,
      1.0,
      2.0,
      3.0,
      4.0,
      5.0,
      6.0,
      7.0,
      8.0,
      9.0
    ],
    "train_loss": [
      472.09568903996393,
      410.67059443547174,
      408.2925092256986,
      403.1354000384991,
      401.286744924692,
      399.83616755558893,
      399.69817880483777,
      399.41107412484973,
      398.7864555945763,
      398.5347254826472
    ],
    "val_loss": [
      382.50857979910717,
      378.82715279715404,
      375.7657143729074,
      373.59715053013394,
      370.5968017578125,
      371.0907287597656,
      372.22073146275113,
      370.52394321986606,
      369.5103650774275,
      368.9343043736049
    ],
    "val_acc": [
      0.04884004884004884,
      0.042735042735042736,
      0.045177045177045176,
      0.045177045177045176,
      0.040293040293040296,
      0.06105006105006105,
      0.05860805860805861,
      0.06593406593406594,
      0.0757020757020757,
      0.10012210012210013
    ],
    "delay_mean": [
      0.4395221173763275,
      0.6583082675933838,
      0.6711637377738953,
      0.6286442279815674,
      0.6736764311790466,
      0.7315609455108643,
      0.7593569159507751,
      0.7896524667739868,
      0.8072214722633362,
      0.8100879788398743
    ],
    "f": 0.6
  },
  "0.8": {
    "epoch": [
      0.0,
      1.0,
      2.0,
      3.0,
      4.0,
      5.0,
      6.0,
      7.0,
      8.0,
      9.0
    ],
    "train_loss": [
      499.68626403808594,
      434.01759573129505,
      436.193364070012,
      437.9318319467398,
      434.4531742976262,
      430.2066380427434,
      422.64058861365686,
      415.3268350454477,
      406.37337552584137,
      395.7803033682016
    ],
    "val_loss": [
      402.99679129464283,
      405.35713631766185,
      407.528564453125,
      406.30357142857144,
      403.1146436418806,
      397.2271488734654,
      389.78714425223217,
      383.1410871233259,
      370.8771536690848,
      366.47322736467635
    ],
    "val_acc": [
      0.05982905982905983,
      0.05616605616605617,
      0.045177045177045176,
      0.042735042735042736,
      0.0463980463980464,
      0.05860805860805861,
      0.07203907203907203,
      0.06349206349206349,
      0.06715506715506715,
      0.08302808302808302
    ],
    "delay_mean": [
      0.3905545473098755,
      0.41922351717948914,
      0.46607887744903564,
      0.5036998987197876,
      0.5132687091827393,
      0.5177139639854431,
      0.5237969160079956,
      0.5332849621772766,
      0.5449689626693726,
      0.5661132335662842
    ],
    "f": 0.8
  },
  "1.0": {
    "epoch": [
      0.0,
      1.0,
      2.0,
      3.0,
      4.0,
      5.0,
      6.0,
      7.0,
      8.0,
      9.0
    ],
    "train_loss": [
      558.0248307448167,
      458.11674147385816,
      439.87058786245495,
      419.8508770282452,
      406.87222348726715,
      395.94548562856824,
      398.2021284836989,
      395.9508760892428,
      393.748667203463,
      392.0490487905649
    ],
    "val_loss": [
      413.31145150320873,
      424.66356767926897,
      395.7275063650949,
      386.4696480887277,
      369.80822317940846,
      368.10323224748885,
      368.7714364188058,
      367.25037057059154,
      362.2789328438895,
      364.8164367675781
    ],
    "val_acc": [
      0.052503052503052504,
      0.052503052503052504,
      0.05372405372405373,
      0.050061050061050064,
      0.05372405372405373,
      0.05128205128205128,
      0.05372405372405373,
      0.054945054945054944,
      0.07814407814407814,
      0.0695970695970696
    ],
    "delay_mean": [
      0.4078024625778198,
      0.42570698261260986,
      0.42826008796691895,
      0.4561575949192047,
      0.48794934153556824,
      0.5439581274986267,
      0.6080553531646729,
      0.6549571752548218,
      0.7392742037773132,
      0.8036748170852661
    ],
    "f": 1.0
  }
}