{
  "0.0": {
    "epoch": [
      0.0,
      1.0,
      2.0,
      3.0,
      4.0,
      5.0,
      6.0,
      7.0,
      8.0,
      9.0
    ],
    "train_loss": [
      430.1418262238198,
      400.310704657372,
      396.257354087018,
      392.70655595495344,
      388.93485081449467,
      383.48335882957946,
      379.7346938112949,
      376.865809014503,
      375.0020855842753,
      372.6368174451463
    ],
    "val_loss": [
      394.78564198811847,
      390.6445948282878,
      385.98585001627606,
      382.3806330362956,
      377.7752151489258,
      373.34875742594403,
      370.99772389729816,
      368.1222966512044,
      366.0454279581706,
      364.49751536051434
    ],
    "val_acc": [
      0.0514018691588785,
      0.06608811748998665,
      0.08477970627503338,
      0.1348464619492657,
      0.15287049399198932,
      0.16755674232309747,
      0.1862483311081442,
      0.1795727636849132,
      0.19692923898531375,
      0.21228304405874499
    ],
    "delay_mean": [
      0.0,
      0.0,
      0.0,
      0.0,
      0.0,
      0.0,
      0.0,
      0.0,
      0.0,
      0.0
    ],
    "f": 0.0
  },
  "0.2": {
    "epoch": [
      0.0,
      1.0,
      2.0,
      3.0,
      4.0,
      5.0,
      6.0,
      7.0,
      8.0,
      9.0
    ],
    "train_loss": [
      430.17693377555685,
      398.5713475004156,
      394.8601697556516,
      391.9529866969332,
      388.8584705109292,
      384.5642122309259,
      381.7848004280253,
      378.6253850409325,
      375.7580352133893,
      373.8593698055186
    ],
    "val_loss": [
      393.2412567138672,
      389.00146230061847,
      384.8918813069661,
      382.88834381103516,
      378.541259765625,
      374.51292673746747,
      373.0529251098633,
      370.588129679362,
      367.2454325358073,
      366.29333750406903
    ],
    "val_acc": [
      0.04472630173564753,
      0.06141522029372497,
      0.09879839786381843,
      0.10614152202937249,
      0.1295060080106809,
      0.14285714285714285,
      0.14485981308411214,
      0.16622162883845126,
      0.20427236315086783,
      0.1842456608811749
    ],
    "delay_mean": [
      0.0,
      0.0,
      0.0,
      0.0,
      0.0,
      0.0,
      0.0,
      0.0,
      0.0,
      0.0
    ],
    "f": 0.2
  },
  "0.4": {
    "epoch": [
      0.0,
      1.0,
      2.0,
      3.0,
      4.0,
      5.0,
      6.0,
      7.0,
      8.0,
      9.0
    ],
    "train_loss": [
      431.6117703052277,
      400.4919816686752,
      396.3967655263049,
      392.5470353796127,
      389.15974783390124,
      386.2861237221576,
      382.1020345484957,
      379.1516080815741,
      375.60750888256314,
      373.9785701670545
    ],
    "val_loss": [
      394.33814239501953,
      390.41064707438153,
      386.8108545939128,
      382.49876658121747,
      379.25480397542316,
      374.7910563151042,
      372.4883524576823,
      369.12938181559247,
      366.79125213623047,
      363.53709411621094
    ],
    "val_acc": [
      0.04739652870493992,
      0.06875834445927904,
      0.0774365821094793,
      0.10347129506008011,
      0.1341789052069426,
      0.1548731642189586,
      0.14218958611481977,
      0.16889185580774366,
      0.18891855807743657,
      0.2076101468624833
    ],
    "delay_mean": [
      0.0,
      0.0,
      0.0,
      0.0,
      0.0,
      0.0,
      0.0,
      0.0,
      0.0,
      0.0
    ],
    "f": 0.4
  },
  "0.6": {
    "epoch": [
      0.0,
      1.0,
      2.0,
      3.0,
      4.0,
      5.0,
      6.0,
      7.0,
      8.0,
      9.0
    ],
    "train_loss": [
      438.36448312313,
      404.3213936014378,
      402.97203615878493,
      400.34277928129154,
      396.7945316395861,
      392.16724801570814,
      387.8994776948969,
      383.3366075880984,
      379.3301696777344,
      375.3912301570811
    ],
    "val_loss": [
      396.19897206624347,
      395.230219523112,
      393.14708709716797,
      391.2385508219401,
      385.8498026529948,
      382.08771260579425,
      378.1004282633464,
      371.7764714558919,
      367.4983418782552,
      367.1860529581706
    ],
    "val_acc": [
      0.050734312416555405,
      0.05540720961281709,
      0.07343124165554073,
      0.07610146862483311,
      0.10747663551401869,
      0.13885180240320427,
      0.16955941255006676,
      0.18157543391188252,
      0.2162883845126836,
      0.19826435246995994
    ],
    "delay_mean": [
      0.0,
      0.0,
      0.0,
      0.0,
      0.0,
      0.0,
      0.0,
      0.0,
      0.0,
      0.0
    ],
    "f": 0.6
  },
  "0.8": {
    "epoch": [
      0.0,
      1.0,
      2.0,
      3.0,
      4.0,
      5.0,
      6.0,
      7.0,
      8.0,
      9.0
    ],
    "train_loss": [
      469.80001441468585,
      437.25602624771443,
      434.88118208215593,
      430.9226730022025,
      426.4858632189162,
      420.5999080576795,
      412.17347295233543,
      404.6068219124003,
      399.3721410873088,
      393.9961268648188
    ],
    "val_loss": [
      432.6921030680339,
      427.08335367838544,
      423.44085184733075,
      421.3927230834961,
      415.3491846720378,
      407.01771291097003,
      402.37355041503906,
      391.8183415730794,
      390.3383483886719,
      383.6579335530599
    ],
    "val_acc": [
      0.0520694259012016,
      0.06141522029372497,
      0.04672897196261682,
      0.04672897196261682,
      0.06608811748998665,
      0.1048064085447263,
      0.11815754339118825,
      0.17022696929238984,
      0.16755674232309747,
      0.19626168224299065
    ],
    "delay_mean": [
      0.0,
      0.0,
      0.0,
      0.0,
      0.0,
      0.0,
      0.0,
      0.0,
      0.0,
      0.0
    ],
    "f": 0.8
  },
  "1.0": {
    "epoch": [
      0.0,
      1.0,
      2.0,
      3.0,
      4.0,
      5.0,
      6.0,
      7.0,
      8.0,
      9.0
    ],
    "train_loss": [
      493.25682035405583,
      421.8268731299867,
      404.7550626714179,
      399.4526724308095,
      397.08262147294715,
      396.6103827293883,
      395.875435687126,
      393.59570052775933,
      390.9491564162234,
      387.0566049129405
    ],
    "val_loss": [
      431.633544921875,
      401.1858444213867,
      392.75501251220703,
      392.11085001627606,
      388.3335596720378,
      388.3862584431966,
      385.63875579833984,
      383.6127192179362,
      380.95814005533856,
      376.2466786702474
    ],
    "val_acc": [
      0.08210947930574099,
      0.08878504672897196,
      0.10347129506008011,
      0.09746328437917223,
      0.11748998664886515,
      0.10947930574098798,
      0.13684913217623498,
      0.15287049399198932,
      0.1582109479305741,
      0.17757009345794392
    ],
    "delay_mean": [
      0.0,
      0.0,
      0.0,
      0.0,
      0.0,
      0.0,
      0.0,
      0.0,
      0.0,
      0.0
    ],
    "f": 1.0
  }
}