{
  "0.0": {
    "mean": 0.8891115564462257,
    "std": 0.0,
    "values": [
      0.8891115564462257,
      0.8891115564462257,
      0.8891115564462257
    ]
  },
  "0.2": {
    "mean": 0.8659541304831887,
    "std": 0.002798887795585927,
    "values": [
      0.8697394789579158,
      0.8650634602538411,
      0.863059452237809
    ]
  },
  "0.4": {
    "mean": 0.8427967045201514,
    "std": 0.006202800390640913,
    "values": [
      0.8490313961255845,
      0.8450233800935204,
      0.8343353373413493
    ]
  },
  "0.6": {
    "mean": 0.817857938098419,
    "std": 0.0017532860997576912,
    "values": [
      0.8203072812291249,
      0.8162992651970608,
      0.8169672678690715
    ]
  },
  "0.8": {
    "mean": 0.8258739701625473,
    "std": 0.005183899677943781,
    "values": [
      0.8256513026052105,
      0.8323313293253173,
      0.8196392785571143
    ]
  },
  "1.0": {
    "mean": 0.7744377644177244,
    "std": 0.004949033794453978,
    "values": [
      0.7788911155644622,
      0.7675350701402806,
      0.7768871075484302
    ]
  }
}