{
  "0.0": {
    "epoch": [
      0.0,
      1.0,
      2.0,
      3.0,
      4.0,
      5.0,
      6.0,
      7.0,
      8.0,
      9.0
    ],
    "train_loss": [
      441.005496098445,
      403.1143411489633,
      400.0318433321439,
      399.18482032189,
      397.8914560171274,
      395.25039438100964,
      392.6199246920072,
      388.1713597224309,
      385.50578542856067,
      383.8514562753531
    ],
    "val_loss": [
      375.5596618652344,
      373.56323896135603,
      372.0932312011719,
      372.39393615722656,
      368.9025137765067,
      365.09930419921875,
      361.9789385114397,
      358.7725088936942,
      357.0603724888393,
      354.79323032924106
    ],
    "val_acc": [
      0.04884004884004884,
      0.042735042735042736,
      0.05616605616605617,
      0.05372405372405373,
      0.06715506715506715,
      0.07203907203907203,
      0.10012210012210013,
      0.13064713064713065,
      0.13675213675213677,
      0.115995115995116
    ],
    "delay_mean": [
      0.48079144954681396,
      0.5818647742271423,
      0.6607082486152649,
      0.6876034736633301,
      0.7551043629646301,
      0.8465952277183533,
      0.924126386642456,
      1.0105509757995605,
      1.0552756786346436,
      1.1430585384368896
    ],
    "f": 0.0
  },
  "0.2": {
    "epoch": [
      0.0,
      1.0,
      2.0,
      3.0,
      4.0,
      5.0,
      6.0,
      7.0,
      8.0,
      9.0
    ],
    "train_loss": [
      441.6650161743164,
      402.7561692457933,
      399.5939595149114,
      398.1935718242939,
      397.21742483285755,
      395.46165172870343,
      391.7940468421349,
      389.05193857046277,
      386.79414895864636,
      384.54741727388824
    ],
    "val_loss": [
      374.7217995779855,
      372.67393275669644,
      370.18822588239397,
      369.0221601213728,
      369.2228785923549,
      365.00502232142856,
      362.4718017578125,
      360.5525207519531,
      357.6228724888393,
      355.3946620396205
    ],
    "val_acc": [
      0.042735042735042736,
      0.05128205128205128,
      0.040293040293040296,
      0.047619047619047616,
      0.052503052503052504,
      0.10134310134310134,
      0.10622710622710622,
      0.09035409035409035,
      0.12942612942612944,
      0.10500610500610501
    ],
    "delay_mean": [
      0.47950974106788635,
      0.6014830470085144,
      0.6695761680603027,
      0.6987137794494629,
      0.6688486337661743,
      0.7516700029373169,
      0.859192967414856,
      0.9622095227241516,
      1.0865544080734253,
      1.1968190670013428
    ],
    "f": 0.2
  },
  "0.4": {
    "epoch": [
      0.0,
      1.0,
      2.0,
      3.0,
      4.0,
      5.0,
      6.0,
      7.0,
      8.0,
      9.0
    ],
    "train_loss": [
      443.7552977341872,
      403.1632866492638,
      399.6614573552058,
      398.50828552246094,
      396.9511701143705,
      394.9933823805589,
      392.69616347092847,
      389.04664435753455,
      386.3268326979417,
      385.3228014432467
    ],
    "val_loss": [
      374.43644060407365,
      372.2707301548549,
      371.1039385114397,
      369.6571524483817,
      367.7125135149275,
      365.75750514439176,
      362.97359357561385,
      360.08643886021207,
      357.2175074986049,
      357.33251517159596
    ],
    "val_acc": [
      0.03907203907203907,
      0.04151404151404151,
      0.03785103785103785,
      0.03540903540903541,
      0.05982905982905983,
      0.07936507936507936,
      0.08302808302808302,
      0.07081807081807082,
      0.1221001221001221,
      0.09768009768009768
    ],
    "delay_mean": [
      0.4159848988056183,
      0.5272127389907837,
      0.6323594450950623,
      0.7273964881896973,
      0.7677769660949707,
      0.7594949007034302,
      0.8743009567260742,
      1.0242938995361328,
      1.124856948852539,
      1.2355408668518066
    ],
    "f": 0.4
  },
  "0.6": {
    "epoch": [
      0.0,
      1.0,
      2.0,
      3.0,
      4.0,
      5.0,
      6.0,
      7.0,
      8.0,
      9.0
    ],
    "train_loss": [
      454.0003016545222,
      406.6740487905649,
      402.6322279710036,
      401.5880884023813,
      401.7667494553786,
      400.2635750403771,
      399.88240990271936,
      398.69770578237683,
      398.1224206777719,
      396.8027097261869
    ],
    "val_loss": [
      379.66251046316967,
      374.29714747837613,
      374.08180454799106,
      374.47037179129467,
      373.0946589878627,
      371.8232225690569,
      370.6839381626674,
      370.4525146484375,
      368.9028843470982,
      367.702157156808
    ],
    "val_acc": [
      0.05372405372405373,
      0.052503052503052504,
      0.04395604395604396,
      0.050061050061050064,
      0.0463980463980464,
      0.05372405372405373,
      0.08913308913308914,
      0.07081807081807082,
      0.08791208791208792,
      0.08547008547008547
    ],
    "delay_mean": [
      0.4264927804470062,
      0.5709512233734131,
      0.668515682220459,
      0.5632387399673462,
      0.6073312759399414,
      0.6776087284088135,
      0.7273251414299011,
      0.7214400768280029,
      0.8421387672424316,
      0.9196659922599792
    ],
    "f": 0.6
  },
  "0.8": {
    "epoch": [
      0.0,
      1.0,
      2.0,
      3.0,
      4.0,
      5.0,
      6.0,
      7.0,
      8.0,
      9.0
    ],
    "train_loss": [
      482.01885751577527,
      442.7230881911058,
      441.6276080791767,
      439.92703129695013,
      435.0277040921725,
      431.5352078951322,
      429.4303999680739,
      428.1605928861178,
      425.45222531832184,
      424.03241553673377
    ],
    "val_loss": [
      411.12035696847096,
      410.87823486328125,
      407.91679818289623,
      403.32073756626676,
      402.34895760672435,
      397.5868028913225,
      397.59215872628346,
      396.10643877301897,
      393.0364423479353,
      390.59037344796315
    ],
    "val_acc": [
      0.052503052503052504,
      0.05372405372405373,
      0.06349206349206349,
      0.06837606837606838,
      0.05860805860805861,
      0.07326007326007326,
      0.06593406593406594,
      0.08669108669108669,
      0.07081807081807082,
      0.07326007326007326
    ],
    "delay_mean": [
      0.46254879236221313,
      0.5454146862030029,
      0.6775425672531128,
      0.764162540435791,
      0.9463188052177429,
      1.0988246202468872,
      1.1963164806365967,
      1.2222650051116943,
      1.3068809509277344,
      1.4259697198867798
    ],
    "f": 0.8
  },
  "1.0": {
    "epoch": [
      0.0,
      1.0,
      2.0,
      3.0,
      4.0,
      5.0,
      6.0,
      7.0,
      8.0,
      9.0
    ],
    "train_loss": [
      512.7372190035306,
      451.5386645977314,
      421.6315442598783,
      406.32789905254657,
      401.19328132042517,
      399.3252962552584,
      397.6665496826172,
      397.8211669921875,
      399.28894981971155,
      398.1117430466872
    ],
    "val_loss": [
      429.96822248186385,
      404.39823041643416,
      379.0867832728795,
      372.3528791155134,
      370.75286647251676,
      368.43644060407365,
      368.54322596958707,
      369.1678662981306,
      368.8753749302455,
      368.654294695173
    ],
    "val_acc": [
      0.06715506715506715,
      0.06105006105006105,
      0.10500610500610501,
      0.08791208791208792,
      0.07448107448107448,
      0.07814407814407814,
      0.08180708180708181,
      0.08180708180708181,
      0.07814407814407814,
      0.07326007326007326
    ],
    "delay_mean": [
      0.4143047332763672,
      0.5748802423477173,
      0.5477324724197388,
      0.5091562867164612,
      0.49437081813812256,
      0.4964274764060974,
      0.5027700662612915,
      0.5247130393981934,
      0.550757646560669,
      0.5651605129241943
    ],
    "f": 1.0
  }
}