{
  "0.0": {
    "epoch": [
      0.0,
      1.0,
      2.0,
      3.0,
      4.0,
      5.0,
      6.0,
      7.0,
      8.0,
      9.0
    ],
    "train_loss": [
      430.2060287150931,
      398.8821950060256,
      393.4933108065991,
      387.7592150099734,
      379.73464186648107,
      371.8218214968418,
      366.36921075049867,
      360.3658044693318,
      353.8420306266622,
      347.40026920399765
    ],
    "val_loss": [
      394.8470967610677,
      388.57772064208984,
      385.0425033569336,
      376.9979298909505,
      373.23792266845703,
      361.97750091552734,
      355.21959177652997,
      349.3443794250488,
      342.6910463968913,
      336.4145851135254
    ],
    "val_acc": [
      0.06475300400534045,
      0.07676902536715621,
      0.08411214953271028,
      0.14485981308411214,
      0.19492656875834447,
      0.2129506008010681,
      0.31108144192256343,
      0.34913217623498,
      0.37850467289719625,
      0.438584779706275
    ],
    "delay_mean": [
      0.43486571311950684,
      0.3906606137752533,
      0.48290038108825684,
      0.9471462965011597,
      1.2540655136108398,
      1.6042695045471191,
      1.9111390113830566,
      2.1141440868377686,
      2.4771981239318848,
      2.8288631439208984
    ],
    "f": 0.0
  },
  "0.2": {
    "epoch": [
      0.0,
      1.0,
      2.0,
      3.0,
      4.0,
      5.0,
      6.0,
      7.0,
      8.0,
      9.0
    ],
    "train_loss": [
      430.3333123389711,
      399.2678800542304,
      393.5410760108461,
      387.56873857214094,
      382.78495885970744,
      375.21410678295376,
      367.844797986619,
      361.4892084649269,
      355.7625057139295,
      349.06697309778093
    ],
    "val_loss": [
      393.7400080362956,
      388.2525151570638,
      385.5073064168294,
      382.51480356852215,
      373.05960337320965,
      363.9314651489258,
      357.0662587483724,
      351.2339693705241,
      344.45104726155597,
      337.3177121480306
    ],
    "val_acc": [
      0.050066755674232306,
      0.0774365821094793,
      0.10614152202937249,
      0.12416555407209613,
      0.16355140186915887,
      0.2102803738317757,
      0.2757009345794392,
      0.32309746328437916,
      0.35246995994659547,
      0.40120160213618156
    ],
    "delay_mean": [
      0.4144154489040375,
      0.43513643741607666,
      0.411240816116333,
      0.5714070796966553,
      1.083632230758667,
      1.5431287288665771,
      1.8426374197006226,
      2.118328094482422,
      2.4858031272888184,
      2.9752607345581055
    ],
    "f": 0.2
  },
  "0.4": {
    "epoch": [
      0.0,
      1.0,
      2.0,
      3.0,
      4.0,
      5.0,
      6.0,
      7.0,
      8.0,
      9.0
    ],
    "train_loss": [
      431.1693790516955,
      400.0680503033577,
      394.91528190450464,
      390.9203270445479,
      387.80155522772606,
      381.7562931141955,
      371.0815533577128,
      362.7862334555768,
      355.24362442341254,
      346.8311202678275
    ],
    "val_loss": [
      395.64605712890625,
      388.90854899088544,
      386.6670964558919,
      383.96751403808594,
      378.1575113932292,
      366.5720952351888,
      358.18688201904297,
      352.89688364664715,
      342.5635401407878,
      335.64167912801105
    ],
    "val_acc": [
      0.0514018691588785,
      0.0794392523364486,
      0.0814419225634179,
      0.10747663551401869,
      0.13951935914552738,
      0.19292389853137518,
      0.22429906542056074,
      0.2643524699599466,
      0.33377837116154874,
      0.3985313751668892
    ],
    "delay_mean": [
      0.3836618661880493,
      0.42835500836372375,
      0.47353553771972656,
      0.6177058219909668,
      1.0374788045883179,
      1.4986767768859863,
      1.8488576412200928,
      2.228733777999878,
      2.4045119285583496,
      2.742506504058838
    ],
    "f": 0.4
  },
  "0.6": {
    "epoch": [
      0.0,
      1.0,
      2.0,
      3.0,
      4.0,
      5.0,
      6.0,
      7.0,
      8.0,
      9.0
    ],
    "train_loss": [
      439.8922502233627,
      404.1368791296127,
      402.3237850108045,
      398.6926711062168,
      392.39410400390625,
      386.76330631337265,
      381.38267224900267,
      374.08458174035906,
      368.0944791753241,
      362.15037893741686
    ],
    "val_loss": [
      400.0379282633464,
      394.5729293823242,
      395.16126251220703,
      392.81729380289715,
      386.7802251180013,
      374.89000701904297,
      369.66626739501953,
      362.0741729736328,
      356.29125722249347,
      349.23022206624347
    ],
    "val_acc": [
      0.044058744993324434,
      0.06008010680907877,
      0.08544726301735647,
      0.10747663551401869,
      0.10881174899866489,
      0.15153538050734314,
      0.19025367156208278,
      0.2636849132176235,
      0.2630173564753004,
      0.30440587449933243
    ],
    "delay_mean": [
      0.4028320908546448,
      0.45887237787246704,
      0.5076795816421509,
      0.5948097705841064,
      0.7217061519622803,
      1.0122573375701904,
      1.27997887134552,
      1.6073185205459595,
      1.866613745689392,
      2.138254165649414
    ],
    "f": 0.6
  },
  "0.8": {
    "epoch": [
      0.0,
      1.0,
      2.0,
      3.0,
      4.0,
      5.0,
      6.0,
      7.0,
      8.0,
      9.0
    ],
    "train_loss": [
      470.9342677339594,
      434.66932710688167,
      431.25001493413396,
      425.4999642879405,
      421.33878991958943,
      410.80346614756485,
      402.71666181848406,
      394.399954937874,
      385.31687375332444,
      378.19144845516126
    ],
    "val_loss": [
      427.6631342569987,
      423.497309366862,
      422.75792439778644,
      416.6312510172526,
      407.8056360880534,
      397.74293518066406,
      389.73500569661456,
      380.63709259033203,
      372.1104227701823,
      366.0131352742513
    ],
    "val_acc": [
      0.05874499332443257,
      0.05807743658210948,
      0.06074766355140187,
      0.07676902536715621,
      0.09546061415220294,
      0.13818424566088117,
      0.1568758344459279,
      0.1855807743658211,
      0.22363150867823764,
      0.27636849132176233
    ],
    "delay_mean": [
      0.5103721022605896,
      0.8871676325798035,
      1.073062539100647,
      1.21349036693573,
      1.4116421937942505,
      1.6011276245117188,
      1.8483150005340576,
      2.1252477169036865,
      2.4120826721191406,
      2.698723077774048
    ],
    "f": 0.8
  },
  "1.0": {
    "epoch": [
      0.0,
      1.0,
      2.0,
      3.0,
      4.0,
      5.0,
      6.0,
      7.0,
      8.0,
      9.0
    ],
    "train_loss": [
      495.9229911641872,
      423.9794779026762,
      405.7840472282247,
      399.05469399310175,
      396.1004391934009,
      391.9237878677693,
      386.5712338711353,
      382.93735260659076,
      380.2649049150183,
      380.6218170815326
    ],
    "val_loss": [
      434.8860499064128,
      404.0075174967448,
      393.43397013346356,
      389.9260533650716,
      387.3333435058594,
      380.50146230061847,
      376.4543813069661,
      373.4789632161458,
      374.4370880126953,
      370.39813232421875
    ],
    "val_acc": [
      0.07543391188251002,
      0.09879839786381843,
      0.10347129506008011,
      0.102803738317757,
      0.11748998664886515,
      0.13951935914552738,
      0.15287049399198932,
      0.14686248331108145,
      0.15554072096128171,
      0.19359145527369825
    ],
    "delay_mean": [
      0.39347171783447266,
      0.5294233560562134,
      0.5366765856742859,
      0.5221279859542847,
      0.5093302130699158,
      0.4854385554790497,
      0.5034151077270508,
      0.5894616842269897,
      0.6773057579994202,
      0.7971029281616211
    ],
    "f": 1.0
  }
}