{
  "0.0": {
    "mean": 0.45054945054945056,
    "std": 0.0,
    "values": [
      0.45054945054945056,
      0.45054945054945056,
      0.45054945054945056
    ]
  },
  "0.2": {
    "mean": 0.3838013838013838,
    "std": 0.007743710863020123,
    "values": [
      0.39438339438339437,
      0.37606837606837606,
      0.38095238095238093
    ]
  },
  "0.4": {
    "mean": 0.31054131054131057,
    "std": 0.010659992554911502,
    "values": [
      0.31868131868131866,
      0.2954822954822955,
      0.31746031746031744
    ]
  },
  "0.6": {
    "mean": 0.234025234025234,
    "std": 0.002075303017335273,
    "values": [
      0.23687423687423687,
      0.231990231990232,
      0.23321123321123322
    ]
  },
  "0.8": {
    "mean": 0.15384615384615385,
    "std": 0.0026376641019161,
    "values": [
      0.15262515262515264,
      0.1575091575091575,
      0.1514041514041514
    ]
  }
}