{
  "0.0": {
    "mean": 0.23931623931623933,
    "std": 0.0,
    "values": [
      0.23931623931623933,
      0.23931623931623933,
      0.23931623931623933
    ]
  },
  "0.2": {
    "mean": 0.2108262108262108,
    "std": 0.0025089190081273726,
    "values": [
      0.21123321123321123,
      0.21367521367521367,
      0.20757020757020758
    ]
  },
  "0.4": {
    "mean": 0.17745217745217745,
    "std": 0.0030457121585461483,
    "values": [
      0.1807081807081807,
      0.17826617826617827,
      0.17338217338217338
    ]
  },
  "0.6": {
    "mean": 0.13838013838013838,
    "std": 0.006091424317092294,
    "values": [
      0.14652014652014653,
      0.13186813186813187,
      0.13675213675213677
    ]
  },
  "0.8": {
    "mean": 0.0993080993080993,
    "std": 0.004029098468299419,
    "values": [
      0.10012210012210013,
      0.10378510378510379,
      0.09401709401709402
    ]
  }
}