{
  "0.0": {
    "mean": 0.5838343353373413,
    "std": 0.0,
    "values": [
      0.5838343353373413,
      0.5838343353373413,
      0.5838343353373413
    ]
  },
  "0.2": {
    "mean": 0.5268314406590959,
    "std": 0.0016662914214090091,
    "values": [
      0.5250501002004008,
      0.5263861055444222,
      0.5290581162324649
    ]
  },
  "0.4": {
    "mean": 0.45713649521264754,
    "std": 0.006552633698313149,
    "values": [
      0.4575818303273213,
      0.4649298597194389,
      0.44889779559118237
    ]
  },
  "0.6": {
    "mean": 0.35426408372300155,
    "std": 0.0031014001953204567,
    "values": [
      0.35537742150968604,
      0.3500334001336005,
      0.3573814295257181
    ]
  },
  "0.8": {
    "mean": 0.22778891115564462,
    "std": 0.013624634638858477,
    "values": [
      0.24114896459585838,
      0.23313293253173012,
      0.20908483633934535
    ]
  }
}