{
  "0.0": {
    "mean": 0.7655677655677655,
    "std": 0.0,
    "values": [
      0.7655677655677655,
      0.7655677655677655,
      0.7655677655677655
    ]
  },
  "0.2": {
    "mean": 0.7183557183557183,
    "std": 0.009835609258115203,
    "values": [
      0.7045177045177046,
      0.7264957264957265,
      0.724053724053724
    ]
  },
  "0.4": {
    "mean": 0.6247456247456248,
    "std": 0.014320400558208532,
    "values": [
      0.6178266178266179,
      0.6117216117216118,
      0.6446886446886447
    ]
  },
  "0.6": {
    "mean": 0.46520146520146527,
    "std": 0.009510233166909188,
    "values": [
      0.4542124542124542,
      0.463980463980464,
      0.47741147741147744
    ]
  },
  "0.8": {
    "mean": 0.2718762718762719,
    "std": 0.022120762298251842,
    "values": [
      0.2967032967032967,
      0.24297924297924298,
      0.27594627594627597
    ]
  }
}