{
  "0": {
    "mean": 0.5731462925851704,
    "std": 0.0,
    "values": [
      0.5731462925851704,
      0.5731462925851704,
      0.5731462925851704
    ]
  },
  "1": {
    "mean": 0.5370741482965932,
    "std": 0.005772202804193151,
    "values": [
      0.5424181696726786,
      0.539746158984636,
      0.5290581162324649
    ]
  },
  "3": {
    "mean": 0.41082164328657317,
    "std": 0.004998874264227048,
    "values": [
      0.41616566466265864,
      0.40414161656646624,
      0.4121576486305945
    ]
  },
  "5": {
    "mean": 0.30883990202627476,
    "std": 0.0003148994794863449,
    "values": [
      0.3092852371409486,
      0.30861723446893785,
      0.30861723446893785
    ]
  },
  "10": {
    "mean": 0.2349142729904253,
    "std": 0.0031958806712107115,
    "values": [
      0.23046092184368738,
      0.23647294589178355,
      0.23780895123580495
    ]
  },
  "17": {
    "mean": 0.19661545312847917,
    "std": 0.0022042963564043003,
    "values": [
      0.19906479625918505,
      0.19372077488309952,
      0.19706078824315298
    ]
  },
  "25": {
    "mean": 0.17501670006680026,
    "std": 0.004998874264227048,
    "values": [
      0.16967267869071476,
      0.1736806947227789,
      0.18169672678690715
    ]
  }
}