{
  "0": {
    "mean": 0.5274725274725275,
    "std": 0.0,
    "values": [
      0.5274725274725275,
      0.5274725274725275,
      0.5274725274725275
    ]
  },
  "1": {
    "mean": 0.4912494912494913,
    "std": 0.0032047244094472313,
    "values": [
      0.4884004884004884,
      0.4896214896214896,
      0.49572649572649574
    ]
  },
  "3": {
    "mean": 0.2954822954822955,
    "std": 0.015476722296973163,
    "values": [
      0.3137973137973138,
      0.27594627594627597,
      0.2967032967032967
    ]
  },
  "5": {
    "mean": 0.16361416361416362,
    "std": 0.004345575194151943,
    "values": [
      0.15995115995115994,
      0.16971916971916973,
      0.16117216117216118
    ]
  },
  "10": {
    "mean": 0.08343508343508343,
    "std": 0.0011511709909426927,
    "values": [
      0.08180708180708181,
      0.08424908424908426,
      0.08424908424908426
    ]
  },
  "17": {
    "mean": 0.06593406593406594,
    "std": 0.0009969433222560722,
    "values": [
      0.06593406593406594,
      0.06471306471306472,
      0.06715506715506715
    ]
  },
  "25": {
    "mean": 0.06715506715506715,
    "std": 0.0026376641019161045,
    "values": [
      0.0695970695970696,
      0.06349206349206349,
      0.06837606837606838
    ]
  }
}