{
  "0": {
    "mean": 0.7411477411477412,
    "std": 0.0,
    "values": [
      0.7411477411477412,
      0.7411477411477412,
      0.7411477411477412
    ]
  },
  "1": {
    "mean": 0.7130647130647131,
    "std": 0.0017267564864140294,
    "values": [
      0.7118437118437119,
      0.7155067155067155,
      0.7118437118437119
    ]
  },
  "3": {
    "mean": 0.4835164835164835,
    "std": 0.005550745501418749,
    "values": [
      0.48473748473748474,
      0.4896214896214896,
      0.47619047619047616
    ]
  },
  "5": {
    "mean": 0.29466829466829464,
    "std": 0.0035011498848362215,
    "values": [
      0.29914529914529914,
      0.29426129426129427,
      0.2905982905982906
    ]
  },
  "10": {
    "mean": 0.1326821326821327,
    "std": 0.0025089190081273726,
    "values": [
      0.1330891330891331,
      0.12942612942612944,
      0.13553113553113552
    ]
  },
  "17": {
    "mean": 0.0752950752950753,
    "std": 0.001522856079273073,
    "values": [
      0.0757020757020757,
      0.07326007326007326,
      0.07692307692307693
    ]
  },
  "25": {
    "mean": 0.07244607244607244,
    "std": 0.0005755854954713497,
    "values": [
      0.07203907203907203,
      0.07203907203907203,
      0.07326007326007326
    ]
  }
}