{
  "0": {
    "mean": 0.42246642246642246,
    "std": 0.0,
    "values": [
      0.42246642246642246,
      0.42246642246642246,
      0.42246642246642246
    ]
  },
  "1": {
    "mean": 0.36752136752136755,
    "std": 0.003594530267125713,
    "values": [
      0.3724053724053724,
      0.3663003663003663,
      0.36385836385836384
    ]
  },
  "3": {
    "mean": 0.24135124135124134,
    "std": 0.008058196936598825,
    "values": [
      0.2503052503052503,
      0.23076923076923078,
      0.24297924297924298
    ]
  },
  "5": {
    "mean": 0.1697191697191697,
    "std": 0.006225909052005842,
    "values": [
      0.16117216117216118,
      0.17582417582417584,
      0.17216117216117216
    ]
  },
  "10": {
    "mean": 0.09523809523809523,
    "std": 0.002637664101916098,
    "values": [
      0.09401709401709402,
      0.0989010989010989,
      0.0927960927960928
    ]
  },
  "17": {
    "mean": 0.0870980870980871,
    "std": 0.0030457121585461483,
    "values": [
      0.09035409035409035,
      0.08302808302808302,
      0.08791208791208792
    ]
  },
  "25": {
    "mean": 0.10337810337810338,
    "std": 0.008710189075715387,
    "values": [
      0.10622710622710622,
      0.09157509157509157,
      0.11233211233211234
    ]
  }
}