{
  "0": {
    "mean": 0.8710754843019372,
    "std": 0.0,
    "values": [
      0.8710754843019372,
      0.8710754843019372,
      0.8710754843019372
    ]
  },
  "1": {
    "mean": 0.8537074148296594,
    "std": 0.004847815866639315,
    "values": [
      0.8557114228456913,
      0.8470273881095525,
      0.8583834335337341
    ]
  },
  "3": {
    "mean": 0.6793587174348698,
    "std": 0.0030367806049845956,
    "values": [
      0.6826987307949232,
      0.6753507014028056,
      0.6800267201068805
    ]
  },
  "5": {
    "mean": 0.5188154085949677,
    "std": 0.0020649339780663017,
    "values": [
      0.5177020708082832,
      0.5217100868403474,
      0.5170340681362725
    ]
  },
  "10": {
    "mean": 0.33711868180806065,
    "std": 0.006906284755854295,
    "values": [
      0.33867735470941884,
      0.32798931195724784,
      0.34468937875751504
    ]
  },
  "17": {
    "mean": 0.25896236918281,
    "std": 0.004574179154792735,
    "values": [
      0.2618570474281897,
      0.25250501002004005,
      0.2625250501002004
    ]
  },
  "25": {
    "mean": 0.22912491649966596,
    "std": 0.0035765705642861263,
    "values": [
      0.22444889779559118,
      0.22979291917167669,
      0.23313293253173012
    ]
  }
}