{
  "0": {
    "mean": 0.24664224664224665,
    "std": 0.0,
    "values": [
      0.24664224664224665,
      0.24664224664224665,
      0.24664224664224665
    ]
  },
  "1": {
    "mean": 0.20553520553520555,
    "std": 0.009682846767090207,
    "values": [
      0.21855921855921856,
      0.2026862026862027,
      0.19536019536019536
    ]
  },
  "3": {
    "mean": 0.1623931623931624,
    "std": 0.01123498066084026,
    "values": [
      0.15384615384615385,
      0.15506715506715507,
      0.17826617826617827
    ]
  },
  "5": {
    "mean": 0.11396011396011396,
    "std": 0.005490735678971117,
    "values": [
      0.12087912087912088,
      0.10744810744810745,
      0.11355311355311355
    ]
  },
  "10": {
    "mean": 0.06756206756206756,
    "std": 0.0005755854954713497,
    "values": [
      0.06837606837606838,
      0.06715506715506715,
      0.06715506715506715
    ]
  },
  "17": {
    "mean": 0.06552706552706553,
    "std": 0.002302341981885379,
    "values": [
      0.06715506715506715,
      0.06715506715506715,
      0.06227106227106227
    ]
  },
  "25": {
    "mean": 0.06512006512006513,
    "std": 0.0005755854954713431,
    "values": [
      0.06593406593406594,
      0.06471306471306472,
      0.06471306471306472
    ]
  }
}