{
  "0.0": {
    "mean": 0.9777777777777777,
    "std": 0.0,
    "values": [
      0.9777777777777777,
      0.9777777777777777,
      0.9777777777777777
    ]
  },
  "0.1": {
    "mean": 0.9679012345679013,
    "std": 0.0031475429096251765,
    "values": [
      0.9666666666666667,
      0.9648148148148148,
      0.9722222222222222
    ]
  },
  "0.2": {
    "mean": 0.9629629629629629,
    "std": 0.006590789044463777,
    "values": [
      0.9537037037037037,
      0.9685185185185186,
      0.9666666666666667
    ]
  },
  "0.3": {
    "mean": 0.9598765432098766,
    "std": 0.0076103876579864255,
    "values": [
      0.9611111111111111,
      0.9685185185185186,
      0.95
    ]
  },
  "0.4": {
    "mean": 0.9462962962962963,
    "std": 0.003024061410843434,
    "values": [
      0.9462962962962963,
      0.95,
      0.9425925925925925
    ]
  },
  "0.5": {
    "mean": 0.9265432098765433,
    "std": 0.004860498687661607,
    "values": [
      0.9333333333333333,
      0.924074074074074,
      0.9222222222222223
    ]
  },
  "0.6": {
    "mean": 0.8895061728395062,
    "std": 0.0031475429096251765,
    "values": [
      0.8851851851851852,
      0.8925925925925926,
      0.8907407407407407
    ]
  },
  "0.7": {
    "mean": 0.8524691358024691,
    "std": 0.01303624202589069,
    "values": [
      0.8666666666666667,
      0.8351851851851851,
      0.8555555555555555
    ]
  },
  "0.8": {
    "mean": 0.8148148148148149,
    "std": 0.005237828008789222,
    "values": [
      0.8111111111111111,
      0.8222222222222222,
      0.8111111111111111
    ]
  },
  "0.9": {
    "mean": 0.7796296296296297,
    "std": 0.0026189140043946114,
    "values": [
      0.7777777777777778,
      0.7777777777777778,
      0.7833333333333333
    ]
  },
  "1.0": {
    "mean": 0.7839506172839507,
    "std": 0.006110799343587458,
    "values": [
      0.7759259259259259,
      0.7907407407407407,
      0.7851851851851852
    ]
  }
}