{
  "0.0": {
    "mean": 0.9518518518518518,
    "std": 0.0,
    "values": [
      0.9518518518518518,
      0.9518518518518518,
      0.9518518518518518
    ]
  },
  "0.1": {
    "mean": 0.9487654320987654,
    "std": 0.00174594266959639,
    "values": [
      0.95,
      0.95,
      0.9462962962962963
    ]
  },
  "0.2": {
    "mean": 0.9549382716049383,
    "std": 0.004619330107128349,
    "values": [
      0.95,
      0.9611111111111111,
      0.9537037037037037
    ]
  },
  "0.3": {
    "mean": 0.9444444444444443,
    "std": 0.004536092116265128,
    "values": [
      0.9388888888888889,
      0.9444444444444444,
      0.95
    ]
  },
  "0.4": {
    "mean": 0.9419753086419753,
    "std": 0.007145578335055675,
    "values": [
      0.9351851851851852,
      0.9518518518518518,
      0.9388888888888889
    ]
  },
  "0.5": {
    "mean": 0.9314814814814815,
    "std": 0.005451704238473981,
    "values": [
      0.9259259259259259,
      0.9388888888888889,
      0.9296296296296296
    ]
  },
  "0.6": {
    "mean": 0.8925925925925925,
    "std": 0.002618914004394611,
    "values": [
      0.8907407407407407,
      0.8907407407407407,
      0.8962962962962963
    ]
  },
  "0.7": {
    "mean": 0.8524691358024691,
    "std": 0.00230966505356415,
    "values": [
      0.8555555555555555,
      0.8518518518518519,
      0.85
    ]
  },
  "0.8": {
    "mean": 0.8271604938271605,
    "std": 0.005724455861417091,
    "values": [
      0.8222222222222222,
      0.8240740740740741,
      0.8351851851851851
    ]
  },
  "0.9": {
    "mean": 0.8030864197530864,
    "std": 0.011348627352376694,
    "values": [
      0.7888888888888889,
      0.8037037037037037,
      0.8166666666666667
    ]
  },
  "1.0": {
    "mean": 0.7919753086419753,
    "std": 0.0031475429096251765,
    "values": [
      0.7907407407407407,
      0.7962962962962963,
      0.7888888888888889
    ]
  }
}