{
  "0.0": {
    "mean": 0.9888888888888889,
    "std": 0.0,
    "values": [
      0.9888888888888889,
      0.9888888888888889,
      0.9888888888888889
    ]
  },
  "0.1": {
    "mean": 0.9839506172839506,
    "std": 0.00230966505356416,
    "values": [
      0.9833333333333333,
      0.987037037037037,
      0.9814814814814815
    ]
  },
  "0.2": {
    "mean": 0.9820987654320987,
    "std": 0.00230966505356415,
    "values": [
      0.9814814814814815,
      0.9851851851851852,
      0.9796296296296296
    ]
  },
  "0.3": {
    "mean": 0.9796296296296297,
    "std": 0.002618914004394611,
    "values": [
      0.9814814814814815,
      0.9814814814814815,
      0.975925925925926
    ]
  },
  "0.4": {
    "mean": 0.9722222222222222,
    "std": 0.0040004572212394,
    "values": [
      0.9777777777777777,
      0.9685185185185186,
      0.9703703703703703
    ]
  },
  "0.5": {
    "mean": 0.9617283950617285,
    "std": 0.009602684682780277,
    "values": [
      0.9481481481481482,
      0.9685185185185186,
      0.9685185185185186
    ]
  },
  "0.6": {
    "mean": 0.9438271604938272,
    "std": 0.005724455861417091,
    "values": [
      0.9388888888888889,
      0.9407407407407408,
      0.9518518518518518
    ]
  },
  "0.7": {
    "mean": 0.9320987654320988,
    "std": 0.00885969141630081,
    "values": [
      0.9277777777777778,
      0.9444444444444444,
      0.924074074074074
    ]
  },
  "0.8": {
    "mean": 0.9074074074074074,
    "std": 0.008000914442478867,
    "values": [
      0.9111111111111111,
      0.8962962962962963,
      0.9148148148148149
    ]
  },
  "0.9": {
    "mean": 0.8944444444444445,
    "std": 0.009442628728875493,
    "values": [
      0.9037037037037037,
      0.8981481481481481,
      0.8814814814814815
    ]
  },
  "1.0": {
    "mean": 0.884567901234568,
    "std": 0.012859670775308462,
    "values": [
      0.8685185185185185,
      0.9,
      0.8851851851851852
    ]
  }
}