{
  "0.0": {
    "mean": 0.9907407407407408,
    "std": 1.1102230246251565e-16,
    "values": [
      0.9907407407407407,
      0.9907407407407407,
      0.9907407407407407
    ]
  },
  "0.1": {
    "mean": 0.9864197530864196,
    "std": 0.0031475429096251765,
    "values": [
      0.9851851851851852,
      0.9833333333333333,
      0.9907407407407407
    ]
  },
  "0.2": {
    "mean": 0.9666666666666667,
    "std": 0.0040004572212394,
    "values": [
      0.9611111111111111,
      0.9685185185185186,
      0.9703703703703703
    ]
  },
  "0.3": {
    "mean": 0.9197530864197531,
    "std": 0.0023096650535641993,
    "values": [
      0.9222222222222223,
      0.9203703703703704,
      0.9166666666666666
    ]
  },
  "0.4": {
    "mean": 0.8703703703703703,
    "std": 0.0040004572212394,
    "values": [
      0.8685185185185185,
      0.8666666666666667,
      0.8759259259259259
    ]
  },
  "0.5": {
    "mean": 0.7895061728395062,
    "std": 0.0053100773253349515,
    "values": [
      0.7833333333333333,
      0.7888888888888889,
      0.7962962962962963
    ]
  },
  "0.6": {
    "mean": 0.7277777777777779,
    "std": 0.00692899516069246,
    "values": [
      0.7185185185185186,
      0.7351851851851852,
      0.7296296296296296
    ]
  },
  "0.7": {
    "mean": 0.6685185185185185,
    "std": 0.008000914442478834,
    "values": [
      0.6574074074074074,
      0.6759259259259259,
      0.6722222222222223
    ]
  },
  "0.8": {
    "mean": 0.6259259259259259,
    "std": 0.00692899516069246,
    "values": [
      0.6333333333333333,
      0.6166666666666667,
      0.6277777777777778
    ]
  },
  "0.9": {
    "mean": 0.608641975308642,
    "std": 0.006110799343587458,
    "values": [
      0.6166666666666667,
      0.6018518518518519,
      0.6074074074074074
    ]
  },
  "1.0": {
    "mean": 0.6024691358024691,
    "std": 0.008327615779772864,
    "values": [
      0.5925925925925926,
      0.6129629629629629,
      0.6018518518518519
    ]
  }
}