{
  "0.0": {
    "mean": 0.9888888888888889,
    "std": 0.0,
    "values": [
      0.9888888888888889,
      0.9888888888888889,
      0.9888888888888889
    ]
  },
  "0.1": {
    "mean": 0.9771604938271604,
    "std": 0.00230966505356415,
    "values": [
      0.9777777777777777,
      0.9796296296296296,
      0.9740740740740741
    ]
  },
  "0.2": {
    "mean": 0.9765432098765432,
    "std": 0.006295085819250353,
    "values": [
      0.9740740740740741,
      0.9703703703703703,
      0.9851851851851852
    ]
  },
  "0.3": {
    "mean": 0.9734567901234567,
    "std": 0.0038051938289931676,
    "values": [
      0.9740740740740741,
      0.9777777777777777,
      0.9685185185185186
    ]
  },
  "0.4": {
    "mean": 0.9604938271604938,
    "std": 0.00174594266959639,
    "values": [
      0.9592592592592593,
      0.9629629629629629,
      0.9592592592592593
    ]
  },
  "0.5": {
    "mean": 0.938888888888889,
    "std": 0.006590789044463777,
    "values": [
      0.9481481481481482,
      0.9333333333333333,
      0.9351851851851852
    ]
  },
  "0.6": {
    "mean": 0.8987654320987654,
    "std": 0.01154832526782082,
    "values": [
      0.8833333333333333,
      0.9111111111111111,
      0.9018518518518519
    ]
  },
  "0.7": {
    "mean": 0.8401234567901236,
    "std": 0.0061107993435874095,
    "values": [
      0.8388888888888889,
      0.8333333333333334,
      0.8481481481481481
    ]
  },
  "0.8": {
    "mean": 0.8117283950617283,
    "std": 0.014840512691569498,
    "values": [
      0.8222222222222222,
      0.8222222222222222,
      0.7907407407407407
    ]
  },
  "0.9": {
    "mean": 0.7864197530864198,
    "std": 0.01072725135616219,
    "values": [
      0.7981481481481482,
      0.7722222222222223,
      0.7888888888888889
    ]
  },
  "1.0": {
    "mean": 0.7660493827160493,
    "std": 0.02145450271232439,
    "values": [
      0.7611111111111111,
      0.7944444444444444,
      0.7425925925925926
    ]
  }
}