{
  "0.0": {
    "mean": 0.987037037037037,
    "std": 0.0,
    "values": [
      0.987037037037037,
      0.987037037037037,
      0.987037037037037
    ]
  },
  "0.1": {
    "mean": 0.975925925925926,
    "std": 0.0015120307054216943,
    "values": [
      0.975925925925926,
      0.9777777777777777,
      0.9740740740740741
    ]
  },
  "0.2": {
    "mean": 0.95679012345679,
    "std": 0.0034918853391928324,
    "values": [
      0.9592592592592593,
      0.9592592592592593,
      0.9518518518518518
    ]
  },
  "0.3": {
    "mean": 0.9234567901234568,
    "std": 0.00230966505356415,
    "values": [
      0.9203703703703704,
      0.924074074074074,
      0.9259259259259259
    ]
  },
  "0.4": {
    "mean": 0.8790123456790123,
    "std": 0.0031475429096251765,
    "values": [
      0.8777777777777778,
      0.8759259259259259,
      0.8833333333333333
    ]
  },
  "0.5": {
    "mean": 0.8283950617283949,
    "std": 0.006110799343587443,
    "values": [
      0.8240740740740741,
      0.837037037037037,
      0.8240740740740741
    ]
  },
  "0.6": {
    "mean": 0.7833333333333333,
    "std": 0.005451704238473981,
    "values": [
      0.7814814814814814,
      0.7777777777777778,
      0.7907407407407407
    ]
  },
  "0.7": {
    "mean": 0.7104938271604939,
    "std": 0.005724455861417111,
    "values": [
      0.7185185185185186,
      0.7074074074074074,
      0.7055555555555556
    ]
  },
  "0.8": {
    "mean": 0.6685185185185185,
    "std": 0.006590789044463798,
    "values": [
      0.6592592592592592,
      0.6722222222222223,
      0.674074074074074
    ]
  },
  "0.9": {
    "mean": 0.6395061728395062,
    "std": 0.00230966505356416,
    "values": [
      0.6370370370370371,
      0.6388888888888888,
      0.6425925925925926
    ]
  },
  "1.0": {
    "mean": 0.6351851851851852,
    "std": 0.003024061410843389,
    "values": [
      0.6351851851851852,
      0.6388888888888888,
      0.6314814814814815
    ]
  }
}