{
  "epoch": [
    0.0,
    1.0,
    2.0,
    3.0,
    4.0,
    5.0,
    6.0,
    7.0,
    8.0,
    9.0
  ],
  "train_loss": [
    599.7600261981671,
    599.7600285456731,
    599.7600285456731,
    599.7600261981671,
    485.26126450758716,
    395.5402010404147,
    393.1361612173227,
    391.15501462496246,
    390.3860655564528,
    390.39828608586237
  ],
  "val_loss": [
    556.9200265066964,
    556.9200265066964,
    556.9200265066964,
    556.9200265066964,
    371.65179225376676,
    365.5182189941406,
    362.5710885184152,
    363.1668025425502,
    362.58143397739957,
    362.23822021484375
  ],
  "val_acc": [
    0.0463980463980464,
    0.0463980463980464,
    0.0463980463980464,
    0.0463980463980464,
    0.04151404151404151,
    0.04395604395604396,
    0.04151404151404151,
    0.050061050061050064,
    0.05128205128205128,
    0.052503052503052504
  ],
  "delay_mean": [
    0.4810008108615875,
    0.48121851682662964,
    0.48099470138549805,
    0.47489768266677856,
    0.43742406368255615,
    0.5027365684509277,
    0.6482477188110352,
    0.7541487216949463,
    0.8853868246078491,
    0.9766197204589844
  ]
}