{
  "epoch": [
    0.0,
    1.0,
    2.0,
    3.0,
    4.0,
    5.0,
    6.0,
    7.0,
    8.0,
    9.0
  ],
  "train_loss": [
    434.35501488218915,
    402.33139297810004,
    398.47745919734876,
    394.7024594570728,
    392.156073387633,
    389.0346939411569,
    385.7861308645695,
    382.90697787670376,
    380.8589484032164,
    379.06320515084775
  ],
  "val_loss": [
    394.75189208984375,
    392.97792053222656,
    387.8668924967448,
    385.45437876383465,
    382.6408411661784,
    379.0150197347005,
    376.17312876383465,
    374.27146402994794,
    373.99188741048175,
    371.98563893636066
  ],
  "val_acc": [
    0.050066755674232306,
    0.042723631508678236,
    0.0794392523364486,
    0.09412550066755675,
    0.11748998664886515,
    0.13618157543391188,
    0.1802403204272363,
    0.1628838451268358,
    0.1588785046728972,
    0.1855807743658211
  ],
  "delay_mean": [
    0.0,
    0.0,
    0.0,
    0.0,
    0.0,
    0.0,
    0.0,
    0.0,
    0.0,
    0.0
  ]
}