{
  "0.0": {
    "mean": 0.7728937728937729,
    "std": 0.0,
    "values": [
      0.7728937728937729,
      0.7728937728937729,
      0.7728937728937729
    ]
  },
  "0.2": {
    "mean": 0.7374847374847375,
    "std": 0.011234980660840275,
    "values": [
      0.7533577533577533,
      0.7289377289377289,
      0.7301587301587301
    ]
  },
  "0.4": {
    "mean": 0.68009768009768,
    "std": 0.007912992305748275,
    "values": [
      0.6764346764346765,
      0.6727716727716728,
      0.6910866910866911
    ]
  },
  "0.6": {
    "mean": 0.6292226292226292,
    "std": 0.004029098468299402,
    "values": [
      0.63003663003663,
      0.6336996336996337,
      0.6239316239316239
    ]
  },
  "0.8": {
    "mean": 0.5335775335775336,
    "std": 0.002637664101916092,
    "values": [
      0.5323565323565324,
      0.5311355311355311,
      0.5372405372405372
    ]
  }
}