{
  "epoch": [
    0.0,
    1.0,
    2.0,
    3.0,
    4.0,
    5.0,
    6.0,
    7.0,
    8.0,
    9.0
  ],
  "train_loss": [
    456.20953888588764,
    404.5687359749003,
    402.5185235206117,
    399.33485380132146,
    394.4721419963431,
    389.7904942289312,
    386.9460234946393,
    381.9549067071144,
    378.55309214490524,
    373.9552216225482
  ],
  "val_loss": [
    396.59251403808594,
    394.9048156738281,
    392.84981028238934,
    389.2087656656901,
    383.6329345703125,
    381.1160481770833,
    374.8435414632161,
    374.17666880289715,
    367.47125752766925,
    368.8043797810872
  ],
  "val_acc": [
    0.0540720961281709,
    0.04672897196261682,
    0.0520694259012016,
    0.05740987983978638,
    0.12349799732977303,
    0.14485981308411214,
    0.19759679572763686,
    0.2109479305740988,
    0.22696929238985314,
    0.2349799732977303
  ],
  "delay_mean": [
    0.31028833985328674,
    0.3574551045894623,
    0.44657137989997864,
    0.47580230236053467,
    0.5641793012619019,
    0.802793025970459,
    1.0887603759765625,
    1.2791794538497925,
    1.4695706367492676,
    1.6713197231292725
  ]
}