{
  "0.0": {
    "mean": 0.14407814407814407,
    "std": 0.0,
    "values": [
      0.14407814407814407,
      0.14407814407814407,
      0.14407814407814407
    ]
  },
  "0.2": {
    "mean": 0.06756206756206756,
    "std": 0.004150606034670564,
    "values": [
      0.06349206349206349,
      0.07326007326007326,
      0.06593406593406594
    ]
  },
  "0.4": {
    "mean": 0.07000407000407001,
    "std": 0.00449546642946164,
    "values": [
      0.0757020757020757,
      0.06471306471306472,
      0.0695970695970696
    ]
  },
  "0.6": {
    "mean": 0.06674806674806676,
    "std": 0.009986035121192751,
    "values": [
      0.06593406593406594,
      0.054945054945054944,
      0.07936507936507936
    ]
  },
  "0.8": {
    "mean": 0.06674806674806676,
    "std": 0.003045712158546147,
    "values": [
      0.06349206349206349,
      0.07081807081807082,
      0.06593406593406594
    ]
  }
}