{
  "epoch": [
    0.0,
    1.0,
    2.0,
    3.0,
    4.0,
    5.0,
    6.0,
    7.0,
    8.0,
    9.0,
    10.0,
    11.0,
    12.0,
    13.0,
    14.0,
    15.0,
    16.0,
    17.0,
    18.0,
    19.0
  ],
  "train_loss": [
    606.6468369504239,
    605.7987489091589,
    577.5836681609458,
    578.271694751496,
    577.9163182035405,
    577.7847848445812,
    577.2806292594747,
    577.2863782517453,
    576.0284053721326,
    576.3783939442736,
    577.5465880049036,
    576.3731871259973,
    576.303827164021,
    577.7563775245179,
    559.178812229887,
    522.2287175604638,
    518.20782016186,
    504.8150063372673,
    492.6502776450299,
    477.1153863135805
  ],
  "val_loss": [
    594.2066955566406,
    569.6262334187826,
    565.7847849527994,
    565.8666610717773,
    564.7068735758463,
    566.0983250935873,
    562.9608306884766,
    566.5899887084961,
    565.5908203125,
    564.2341690063477,
    565.2099787394205,
    566.600819905599,
    565.6958312988281,
    565.8712412516276,
    509.8985315958659,
    503.43499247233075,
    495.7662582397461,
    491.37875111897785,
    476.2858403523763,
    449.54356638590497
  ],
  "val_acc": [
    0.0514018691588785,
    0.050734312416555405,
    0.0514018691588785,
    0.0514018691588785,
    0.0514018691588785,
    0.0514018691588785,
    0.0514018691588785,
    0.0514018691588785,
    0.0514018691588785,
    0.0514018691588785,
    0.0514018691588785,
    0.0514018691588785,
    0.0514018691588785,
    0.0514018691588785,
    0.050734312416555405,
    0.0527369826435247,
    0.0540720961281709,
    0.0514018691588785,
    0.0520694259012016,
    0.042723631508678236
  ],
  "delay_mean": [
    0.4893200397491455,
    0.4863858222961426,
    0.48638778924942017,
    0.48425155878067017,
    0.48425155878067017,
    0.48425155878067017,
    0.48425155878067017,
    0.48425155878067017,
    0.48425155878067017,
    0.48425155878067017,
    0.48425155878067017,
    0.48425155878067017,
    0.48425155878067017,
    0.48425155878067017,
    0.48425155878067017,
    0.48425155878067017,
    0.48425155878067017,
    0.48425155878067017,
    0.48425155878067017,
    0.48425155878067017
  ]
}