{
  "epoch": [
    0.0,
    1.0,
    2.0,
    3.0,
    4.0,
    5.0,
    6.0,
    7.0,
    8.0,
    9.0
  ],
  "train_loss": [
    446.2396240234375,
    403.7551111074594,
    400.84953249417816,
    398.8959761399489,
    398.2774212176983,
    397.8085679274339,
    396.9747255765475,
    396.37357447697565,
    395.21616891714245,
    394.5581888052133
  ],
  "val_loss": [
    376.2703770228795,
    373.4600176130022,
    371.515372140067,
    370.3168029785156,
    370.10859244210377,
    369.44715009416853,
    368.2689426967076,
    367.34500994001115,
    366.63109043666293,
    368.11930411202565
  ],
  "val_acc": [
    0.03663003663003663,
    0.04395604395604396,
    0.0463980463980464,
    0.05128205128205128,
    0.047619047619047616,
    0.05128205128205128,
    0.050061050061050064,
    0.06105006105006105,
    0.06837606837606838,
    0.05982905982905983
  ],
  "delay_mean": [
    0.0,
    0.0,
    0.0,
    0.0,
    0.0,
    0.0,
    0.0,
    0.0,
    0.0,
    0.0
  ]
}