{
  "epoch": [
    0.0,
    1.0,
    2.0,
    3.0,
    4.0,
    5.0,
    6.0,
    7.0,
    8.0,
    9.0
  ],
  "train_loss": [
    599.7600261981671,
    599.7600285456731,
    599.7600285456731,
    599.7600261981671,
    599.7600285456731,
    599.7600250244141,
    568.032206608699,
    454.26300048828125,
    399.34636160043567,
    397.2398188664363
  ],
  "val_loss": [
    556.9200265066964,
    556.9200265066964,
    556.9200265066964,
    556.9200265066964,
    556.9200265066964,
    556.9200265066964,
    458.2892804827009,
    371.62572806222096,
    369.3925105503627,
    367.33607700892856
  ],
  "val_acc": [
    0.0463980463980464,
    0.0463980463980464,
    0.0463980463980464,
    0.0463980463980464,
    0.0463980463980464,
    0.0463980463980464,
    0.05128205128205128,
    0.030525030525030524,
    0.04884004884004884,
    0.05616605616605617
  ],
  "delay_mean": [
    0.48093169927597046,
    0.4810568690299988,
    0.48119083046913147,
    0.4812465310096741,
    0.48019886016845703,
    0.4728870987892151,
    0.4828309416770935,
    0.4883962869644165,
    0.4928150475025177,
    0.5240923762321472
  ]
}