{
  "epoch": [
    0.0,
    1.0,
    2.0,
    3.0,
    4.0,
    5.0,
    6.0,
    7.0,
    8.0,
    9.0,
    10.0,
    11.0,
    12.0,
    13.0,
    14.0,
    15.0,
    16.0,
    17.0,
    18.0,
    19.0
  ],
  "train_loss": [
    594.2652263235539,
    532.5804618673121,
    483.2600695021609,
    445.23911561357215,
    420.7368819865775,
    416.7136899258228,
    414.6019852009225,
    413.6405483813996,
    412.69607933531415,
    411.7383643617021,
    410.94129262071976,
    409.4921413989777,
    409.514006269739,
    409.2417154515043,
    408.7856042740193,
    407.963848357505,
    406.751982993268,
    404.9546411392537,
    403.98772284325133,
    403.2682008134558
  ],
  "val_loss": [
    543.6297734578451,
    490.9343846638997,
    462.53939565022785,
    418.79855092366535,
    408.12063852945965,
    405.5420964558919,
    405.0181477864583,
    403.92522684733075,
    403.4287618001302,
    402.65084584554035,
    402.0258509318034,
    399.8479258219401,
    400.97605387369794,
    399.86752065022785,
    399.23897043863934,
    399.3612569173177,
    397.1248016357422,
    397.10168711344403,
    394.7752202351888,
    394.26021575927734
  ],
  "val_acc": [
    0.050734312416555405,
    0.0514018691588785,
    0.056742323097463285,
    0.04606141522029372,
    0.04138851802403204,
    0.050066755674232306,
    0.0520694259012016,
    0.049399198931909215,
    0.056742323097463285,
    0.05473965287049399,
    0.05540720961281709,
    0.05874499332443257,
    0.050734312416555405,
    0.06074766355140187,
    0.06542056074766354,
    0.06809078771695594,
    0.06074766355140187,
    0.05740987983978638,
    0.06875834445927904,
    0.06875834445927904
  ],
  "delay_mean": [
    0.48149195313453674,
    0.4836246371269226,
    0.48552292585372925,
    0.4775760769844055,
    0.49353694915771484,
    0.4937262237071991,
    0.48103809356689453,
    0.48691797256469727,
    0.498180627822876,
    0.5071425437927246,
    0.5181602239608765,
    0.5272862911224365,
    0.5172748565673828,
    0.538418173789978,
    0.5389560461044312,
    0.5397236347198486,
    0.5800075531005859,
    0.6553386449813843,
    0.667914867401123,
    0.6757994890213013
  ]
}