{
  "epoch": [
    0.0,
    1.0,
    2.0,
    3.0,
    4.0,
    5.0,
    6.0,
    7.0,
    8.0,
    9.0
  ],
  "train_loss": [
    599.7600261981671,
    599.7600285456731,
    599.7600285456731,
    556.2388663658729,
    394.4366443340595,
    393.46433727557843,
    392.52808673565204,
    391.5391446627103,
    390.0686598557692,
    388.8632783156175
  ],
  "val_loss": [
    556.9200265066964,
    556.9200265066964,
    556.9200265066964,
    367.1825038364955,
    366.2882167271205,
    364.62286158970426,
    363.0689370291574,
    363.1889386858259,
    361.07108633858815,
    360.5928693498884
  ],
  "val_acc": [
    0.0463980463980464,
    0.0463980463980464,
    0.0463980463980464,
    0.04884004884004884,
    0.045177045177045176,
    0.0463980463980464,
    0.047619047619047616,
    0.05616605616605617,
    0.054945054945054944,
    0.06105006105006105
  ],
  "delay_mean": [
    0.4810526669025421,
    0.48111438751220703,
    0.4792845845222473,
    0.40265271067619324,
    0.537320077419281,
    0.7737486362457275,
    1.0161750316619873,
    1.1734527349472046,
    1.3421651124954224,
    1.4197628498077393
  ]
}