{
  "epoch": [
    0.0,
    1.0,
    2.0,
    3.0,
    4.0,
    5.0,
    6.0,
    7.0,
    8.0,
    9.0
  ],
  "train_loss": [
    491.56805225128824,
    406.87113335792054,
    405.20644881877496,
    402.81554526471075,
    399.70133874771443,
    396.37283065471246,
    392.9517146983045,
    390.40560004051696,
    388.97214004841254,
    387.0955433946975
  ],
  "val_loss": [
    398.81876373291016,
    398.6616795857747,
    395.7466761271159,
    393.2825190226237,
    389.8093897501628,
    387.11730702718097,
    383.3114649454753,
    381.21250915527344,
    379.4041748046875,
    376.98229726155597
  ],
  "val_acc": [
    0.050734312416555405,
    0.056742323097463285,
    0.056742323097463285,
    0.043391188251001335,
    0.07009345794392523,
    0.09145527369826435,
    0.12283044058744993,
    0.13351134846461948,
    0.15153538050734314,
    0.184913217623498
  ],
  "delay_mean": [
    0.2876942753791809,
    0.3034261167049408,
    0.3414459228515625,
    0.42360031604766846,
    0.45391950011253357,
    0.5452286005020142,
    0.595822274684906,
    0.7194198966026306,
    0.8516474962234497,
    0.9788079261779785
  ]
}