{
  "epoch": [
    0.0,
    1.0,
    2.0,
    3.0,
    4.0,
    5.0,
    6.0,
    7.0,
    8.0,
    9.0
  ],
  "train_loss": [
    599.7600261981671,
    599.7600261981671,
    599.7600261981671,
    599.7600285456731,
    483.279536320613,
    393.27059349646936,
    393.2367406991812,
    392.67490915151745,
    392.6293370173528,
    392.6574161236103
  ],
  "val_loss": [
    556.9200265066964,
    556.9200265066964,
    556.9200265066964,
    556.9200265066964,
    365.67215837751115,
    364.8346644810268,
    364.4128723144531,
    364.69750540597096,
    364.6043025425502,
    364.94964599609375
  ],
  "val_acc": [
    0.0463980463980464,
    0.0463980463980464,
    0.0463980463980464,
    0.0463980463980464,
    0.03785103785103785,
    0.0463980463980464,
    0.03907203907203907,
    0.0463980463980464,
    0.03785103785103785,
    0.03785103785103785
  ],
  "delay_mean": [
    0.0,
    0.0,
    0.0,
    0.0,
    0.0,
    0.0,
    0.0,
    0.0,
    0.0,
    0.0
  ]
}