{
  "0.0": {
    "mean": 0.0989010989010989,
    "std": 0.0,
    "values": [
      0.0989010989010989,
      0.0989010989010989,
      0.0989010989010989
    ]
  },
  "0.2": {
    "mean": 0.07326007326007326,
    "std": 0.004345575194151939,
    "values": [
      0.07692307692307693,
      0.0757020757020757,
      0.06715506715506715
    ]
  },
  "0.4": {
    "mean": 0.07814407814407814,
    "std": 0.004568568237819221,
    "values": [
      0.07326007326007326,
      0.08424908424908426,
      0.07692307692307693
    ]
  },
  "0.6": {
    "mean": 0.04721204721204721,
    "std": 0.0028779274773567255,
    "values": [
      0.045177045177045176,
      0.045177045177045176,
      0.05128205128205128
    ]
  },
  "0.8": {
    "mean": 0.05046805046805047,
    "std": 0.007743710863020125,
    "values": [
      0.042735042735042736,
      0.047619047619047616,
      0.06105006105006105
    ]
  }
}