{
  "0.0": {
    "mean": 0.47741147741147744,
    "std": 0.0,
    "values": [
      0.47741147741147744,
      0.47741147741147744,
      0.47741147741147744
    ]
  },
  "0.2": {
    "mean": 0.3707773707773708,
    "std": 0.012544595040636907,
    "values": [
      0.36874236874236876,
      0.35653235653235654,
      0.38705738705738707
    ]
  },
  "0.4": {
    "mean": 0.3838013838013838,
    "std": 0.012623575432861888,
    "values": [
      0.3663003663003663,
      0.3894993894993895,
      0.3956043956043956
    ]
  },
  "0.6": {
    "mean": 0.29304029304029305,
    "std": 0.003594530267125688,
    "values": [
      0.2979242979242979,
      0.29181929181929184,
      0.2893772893772894
    ]
  },
  "0.8": {
    "mean": 0.2336182336182336,
    "std": 0.0032047244094472052,
    "values": [
      0.231990231990232,
      0.23809523809523808,
      0.23076923076923078
    ]
  }
}