{
  "epoch": [
    0.0,
    1.0,
    2.0,
    3.0,
    4.0,
    5.0,
    6.0,
    7.0,
    8.0,
    9.0
  ],
  "train_loss": [
    441.4402072613056,
    402.71741837721606,
    400.14472433236926,
    399.27914663461536,
    398.2108852679913,
    397.50328533466046,
    396.9149181659405,
    395.1841512826773,
    393.5533793522761,
    393.5166461651142
  ],
  "val_loss": [
    375.0942905970982,
    372.7296665736607,
    370.71859087262834,
    371.5689479282924,
    369.09359087262834,
    368.7675127301897,
    367.8193141392299,
    367.09073747907365,
    365.24000767299106,
    367.5592956542969
  ],
  "val_acc": [
    0.042735042735042736,
    0.045177045177045176,
    0.05860805860805861,
    0.045177045177045176,
    0.04884004884004884,
    0.050061050061050064,
    0.052503052503052504,
    0.07448107448107448,
    0.08424908424908426,
    0.06837606837606838
  ],
  "delay_mean": [
    0.0,
    0.0,
    0.0,
    0.0,
    0.0,
    0.0,
    0.0,
    0.0,
    0.0,
    0.0
  ]
}