{
  "epoch": [
    0.0,
    1.0,
    2.0,
    3.0,
    4.0,
    5.0,
    6.0,
    7.0,
    8.0,
    9.0
  ],
  "train_loss": [
    460.37251809927136,
    404.0637594369742,
    402.440785921537,
    401.2326096754808,
    400.72308936485877,
    399.7171302208534,
    399.71607090876654,
    398.61934427114636,
    397.1425118079552,
    395.99954399695764
  ],
  "val_loss": [
    375.77716282435824,
    374.1557312011719,
    373.0943036760603,
    374.8107234409877,
    371.90823146275113,
    371.7396458217076,
    370.60180010114397,
    370.6082240513393,
    368.8860778808594,
    367.8528747558594
  ],
  "val_acc": [
    0.04395604395604396,
    0.0463980463980464,
    0.0463980463980464,
    0.0463980463980464,
    0.04884004884004884,
    0.04395604395604396,
    0.05982905982905983,
    0.06471306471306472,
    0.07814407814407814,
    0.06349206349206349
  ],
  "delay_mean": [
    0.0,
    0.0,
    0.0,
    0.0,
    0.0,
    0.0,
    0.0,
    0.0,
    0.0,
    0.0
  ]
}