{
  "0.0": {
    "mean": 0.06593406593406594,
    "std": 0.0,
    "values": [
      0.06593406593406594,
      0.06593406593406594,
      0.06593406593406594
    ]
  },
  "0.2": {
    "mean": 0.06349206349206349,
    "std": 0.0,
    "values": [
      0.06349206349206349,
      0.06349206349206349,
      0.06349206349206349
    ]
  },
  "0.4": {
    "mean": 0.052503052503052504,
    "std": 0.0009969433222560779,
    "values": [
      0.052503052503052504,
      0.05372405372405373,
      0.05128205128205128
    ]
  },
  "0.6": {
    "mean": 0.06756206756206756,
    "std": 0.0005755854954713497,
    "values": [
      0.06837606837606838,
      0.06715506715506715,
      0.06715506715506715
    ]
  },
  "0.8": {
    "mean": 0.0643060643060643,
    "std": 0.0025089190081273817,
    "values": [
      0.06471306471306472,
      0.06105006105006105,
      0.06715506715506715
    ]
  }
}