{
  "0.0": {
    "mean": 0.7728937728937729,
    "std": 0.0,
    "values": [
      0.7728937728937729,
      0.7728937728937729,
      0.7728937728937729
    ]
  },
  "0.2": {
    "mean": 0.7146927146927147,
    "std": 0.007002299769672444,
    "values": [
      0.7155067155067155,
      0.7057387057387058,
      0.7228327228327228
    ]
  },
  "0.4": {
    "mean": 0.636955636955637,
    "std": 0.011554798181993002,
    "values": [
      0.6275946275946276,
      0.63003663003663,
      0.6532356532356532
    ]
  },
  "0.6": {
    "mean": 0.5771265771265771,
    "std": 0.0032047244094472573,
    "values": [
      0.5726495726495726,
      0.57997557997558,
      0.5787545787545788
    ]
  },
  "0.8": {
    "mean": 0.38868538868538866,
    "std": 0.004711370330805961,
    "values": [
      0.39316239316239315,
      0.3907203907203907,
      0.38217338217338215
    ]
  }
}