{
  "epoch": [
    0.0,
    1.0,
    2.0,
    3.0,
    4.0,
    5.0,
    6.0,
    7.0,
    8.0,
    9.0
  ],
  "train_loss": [
    447.05915010892426,
    404.2978046123798,
    402.2463566706731,
    399.8258807842548,
    399.2028996394231,
    397.3184814453125,
    395.94578258807843,
    394.6508806668795,
    393.13914959247296,
    391.2941507192758
  ],
  "val_loss": [
    376.11322021484375,
    373.9750191824777,
    372.0582166399275,
    372.2832249232701,
    369.3264378138951,
    367.54001072474887,
    366.61107308524,
    365.15858459472656,
    364.22035435267856,
    363.73751395089283
  ],
  "val_acc": [
    0.0463980463980464,
    0.05128205128205128,
    0.047619047619047616,
    0.050061050061050064,
    0.054945054945054944,
    0.06105006105006105,
    0.07326007326007326,
    0.09645909645909646,
    0.10378510378510379,
    0.08180708180708181
  ],
  "delay_mean": [
    0.4494219124317169,
    0.5203338861465454,
    0.5730392932891846,
    0.5701678991317749,
    0.5235264897346497,
    0.5295966863632202,
    0.5624514818191528,
    0.5920093059539795,
    0.6792908310890198,
    0.753686785697937
  ]
}