{
  "0.0": {
    "mean": 0.42246642246642246,
    "std": 0.0,
    "values": [
      0.42246642246642246,
      0.42246642246642246,
      0.42246642246642246
    ]
  },
  "0.2": {
    "mean": 0.34025234025234025,
    "std": 0.004495466429461652,
    "values": [
      0.34065934065934067,
      0.34554334554334554,
      0.33455433455433453
    ]
  },
  "0.4": {
    "mean": 0.23972323972323972,
    "std": 0.004711370330805949,
    "values": [
      0.23321123321123322,
      0.2442002442002442,
      0.24175824175824176
    ]
  },
  "0.6": {
    "mean": 0.1448921448921449,
    "std": 0.004711370330805949,
    "values": [
      0.1514041514041514,
      0.14041514041514042,
      0.14285714285714285
    ]
  },
  "0.8": {
    "mean": 0.08547008547008546,
    "std": 0.008517887479225212,
    "values": [
      0.07448107448107448,
      0.09523809523809523,
      0.08669108669108669
    ]
  }
}