{
  "epoch": [
    0.0,
    1.0,
    2.0,
    3.0,
    4.0,
    5.0,
    6.0,
    7.0,
    8.0,
    9.0,
    10.0,
    11.0,
    12.0,
    13.0,
    14.0,
    15.0,
    16.0,
    17.0,
    18.0,
    19.0
  ],
  "train_loss": [
    573.275045191988,
    502.55919630984044,
    448.8581510503241,
    416.64581493621176,
    413.80134809778093,
    412.62512791410404,
    411.5735265853557,
    410.1903894302693,
    409.47012004446475,
    409.34602713077624,
    408.82932557450965,
    407.6816640001662,
    406.78017409304357,
    406.42735258061833,
    405.0874607816656,
    404.462886729139,
    402.45724617166724,
    400.8040557212018,
    399.24884227996176,
    398.7774041358461
  ],
  "val_loss": [
    512.8245544433594,
    463.82835388183594,
    414.7970937093099,
    406.4118906656901,
    404.5964711507161,
    402.9841715494792,
    402.2687708536784,
    402.0516866048177,
    401.1610616048177,
    400.0741907755534,
    399.90981038411456,
    398.6602249145508,
    398.94834391276044,
    397.91355895996094,
    396.52418263753253,
    395.0431416829427,
    394.02980550130206,
    391.8868891398112,
    391.81376393636066,
    390.24271901448566
  ],
  "val_acc": [
    0.050066755674232306,
    0.0520694259012016,
    0.04672897196261682,
    0.05740987983978638,
    0.04606141522029372,
    0.0540720961281709,
    0.048731642189586116,
    0.05540720961281709,
    0.0514018691588785,
    0.0520694259012016,
    0.06141522029372497,
    0.06074766355140187,
    0.06074766355140187,
    0.06141522029372497,
    0.07276368491321762,
    0.06542056074766354,
    0.07610146862483311,
    0.08344459279038718,
    0.08744993324432576,
    0.09212283044058744
  ],
  "delay_mean": [
    0.47396987676620483,
    0.4743719696998596,
    0.4744769334793091,
    0.4760037958621979,
    0.48861485719680786,
    0.5034729838371277,
    0.5042720437049866,
    0.494428813457489,
    0.4928889274597168,
    0.5042276382446289,
    0.5024321675300598,
    0.5201615691184998,
    0.522816002368927,
    0.5776779651641846,
    0.6055195927619934,
    0.6293010711669922,
    0.6559119820594788,
    0.6796163320541382,
    0.6843205690383911,
    0.6830321550369263
  ]
}