{
  "0.0": {
    "mean": 0.4422177688710755,
    "std": 0.0,
    "values": [
      0.4422177688710755,
      0.4422177688710755,
      0.4422177688710755
    ]
  },
  "0.2": {
    "mean": 0.36272545090180364,
    "std": 0.009695631733278663,
    "values": [
      0.34936539746158984,
      0.3667334669338677,
      0.37207748830995324
    ]
  },
  "0.4": {
    "mean": 0.27521710086840345,
    "std": 0.005202993295723864,
    "values": [
      0.2712090848363393,
      0.27187708750835005,
      0.28256513026052105
    ]
  },
  "0.6": {
    "mean": 0.24627031841460698,
    "std": 0.003631597958205326,
    "values": [
      0.24248496993987975,
      0.2511690046760187,
      0.24515698062792252
    ]
  },
  "0.8": {
    "mean": 0.18169672678690718,
    "std": 0.006702256487772173,
    "values": [
      0.17568470273881096,
      0.19104876419505679,
      0.17835671342685372
    ]
  }
}