{
  "0.0": {
    "mean": 0.8897795591182365,
    "std": 0.0,
    "values": [
      0.8897795591182365,
      0.8897795591182365,
      0.8897795591182365
    ]
  },
  "0.2": {
    "mean": 0.8688488087285683,
    "std": 0.005067827511352052,
    "values": [
      0.875751503006012,
      0.8670674682698731,
      0.8637274549098196
    ]
  },
  "0.4": {
    "mean": 0.8227566243598307,
    "std": 0.004638758997105267,
    "values": [
      0.8249832999331997,
      0.8269873079492318,
      0.8162992651970608
    ]
  },
  "0.6": {
    "mean": 0.7134268537074148,
    "std": 0.008571977980369683,
    "values": [
      0.7254509018036072,
      0.7060788243152972,
      0.70875083500334
    ]
  },
  "0.8": {
    "mean": 0.4907592963705188,
    "std": 0.010775821538688795,
    "values": [
      0.5050100200400801,
      0.48830995323981297,
      0.4789579158316633
    ]
  }
}