{
  "epoch": [
    0.0,
    1.0,
    2.0,
    3.0,
    4.0,
    5.0,
    6.0,
    7.0,
    8.0,
    9.0
  ],
  "train_loss": [
    599.7600261981671,
    599.7600261981671,
    599.7600261981671,
    552.1858872633713,
    394.4412571833684,
    394.28712346003607,
    393.8606878427359,
    394.05789536696216,
    394.29356853778546,
    393.8760716364934
  ],
  "val_loss": [
    556.9200265066964,
    556.9200265066964,
    556.9200265066964,
    368.1525137765067,
    365.07143947056363,
    364.75643048967635,
    364.99393572126115,
    365.7535858154297,
    365.3060782296317,
    365.4417942592076
  ],
  "val_acc": [
    0.0463980463980464,
    0.0463980463980464,
    0.0463980463980464,
    0.03907203907203907,
    0.045177045177045176,
    0.045177045177045176,
    0.03540903540903541,
    0.045177045177045176,
    0.04395604395604396,
    0.0463980463980464
  ],
  "delay_mean": [
    0.0,
    0.0,
    0.0,
    0.0,
    0.0,
    0.0,
    0.0,
    0.0,
    0.0,
    0.0
  ]
}