{
  "epoch": [
    0.0,
    1.0,
    2.0,
    3.0,
    4.0,
    5.0,
    6.0,
    7.0,
    8.0,
    9.0
  ],
  "train_loss": [
    430.1418262238198,
    400.310704657372,
    396.257354087018,
    392.70655595495344,
    388.93485081449467,
    383.48335882957946,
    379.7346938112949,
    376.865809014503,
    375.0020855842753,
    372.6368174451463
  ],
  "val_loss": [
    394.78564198811847,
    390.6445948282878,
    385.98585001627606,
    382.3806330362956,
    377.7752151489258,
    373.34875742594403,
    370.99772389729816,
    368.1222966512044,
    366.0454279581706,
    364.49751536051434
  ],
  "val_acc": [
    0.0514018691588785,
    0.06608811748998665,
    0.08477970627503338,
    0.1348464619492657,
    0.15287049399198932,
    0.16755674232309747,
    0.1862483311081442,
    0.1795727636849132,
    0.19692923898531375,
    0.21228304405874499
  ],
  "delay_mean": [
    0.0,
    0.0,
    0.0,
    0.0,
    0.0,
    0.0,
    0.0,
    0.0,
    0.0,
    0.0
  ]
}