{
  "epoch": [
    0.0,
    1.0,
    2.0,
    3.0,
    4.0,
    5.0,
    6.0,
    7.0,
    8.0,
    9.0
  ],
  "train_loss": [
    599.7600261981671,
    599.7600261981671,
    599.7600261981671,
    599.7600285456731,
    599.7600261981671,
    459.0026080791767,
    394.1930905855619,
    393.2554908165565,
    393.45270479642426,
    393.0845331045297
  ],
  "val_loss": [
    556.9200265066964,
    556.9200265066964,
    556.9200265066964,
    556.9200265066964,
    556.9200265066964,
    366.0235813685826,
    364.5621555873326,
    365.5360848563058,
    364.60072326660156,
    364.87286158970426
  ],
  "val_acc": [
    0.0463980463980464,
    0.0463980463980464,
    0.0463980463980464,
    0.0463980463980464,
    0.0463980463980464,
    0.045177045177045176,
    0.04395604395604396,
    0.04884004884004884,
    0.0463980463980464,
    0.04884004884004884
  ],
  "delay_mean": [
    0.0,
    0.0,
    0.0,
    0.0,
    0.0,
    0.0,
    0.0,
    0.0,
    0.0,
    0.0
  ]
}