{
  "epoch": [
    0.0,
    1.0,
    2.0,
    3.0,
    4.0,
    5.0,
    6.0,
    7.0,
    8.0,
    9.0
  ],
  "train_loss": [
    489.7212641789363,
    404.23607752873346,
    402.38135939378003,
    401.4582836444561,
    400.62992037259613,
    399.7962646484375,
    398.6647233229417,
    398.5370377760667,
    396.92386568509613,
    396.0821216289814
  ],
  "val_loss": [
    375.17715890066967,
    374.9114467075893,
    373.5514439174107,
    373.7782244001116,
    372.8889399937221,
    371.72251892089844,
    370.35001700265065,
    369.7478724888393,
    368.9800044468471,
    367.4075142996652
  ],
  "val_acc": [
    0.042735042735042736,
    0.047619047619047616,
    0.047619047619047616,
    0.040293040293040296,
    0.0463980463980464,
    0.042735042735042736,
    0.0463980463980464,
    0.05982905982905983,
    0.04395604395604396,
    0.06471306471306472
  ],
  "delay_mean": [
    0.3634259104728699,
    0.4490472674369812,
    0.48899245262145996,
    0.5444790124893188,
    0.5308923721313477,
    0.523781418800354,
    0.5376016497612,
    0.5335441827774048,
    0.5841108560562134,
    0.6603488922119141
  ]
}