{
  "0.0": {
    "mean": 0.5811623246492986,
    "std": 0.0,
    "values": [
      0.5811623246492986,
      0.5811623246492986,
      0.5811623246492986
    ]
  },
  "0.2": {
    "mean": 0.5335114673792029,
    "std": 0.00866402870556391,
    "values": [
      0.5457581830327322,
      0.5277221108884436,
      0.5270541082164328
    ]
  },
  "0.4": {
    "mean": 0.509686038744155,
    "std": 0.003933093238177603,
    "values": [
      0.5056780227120908,
      0.5083500334001336,
      0.5150300601202404
    ]
  },
  "0.6": {
    "mean": 0.4669338677354709,
    "std": 0.006290112176275001,
    "values": [
      0.4749498997995992,
      0.46626586506346024,
      0.45958583834335337
    ]
  },
  "0.8": {
    "mean": 0.42061901580939653,
    "std": 0.013195753631733736,
    "values": [
      0.4148296593186373,
      0.43887775551102204,
      0.4081496325985304
    ]
  }
}