{
  "epoch": [
    0.0,
    1.0,
    2.0,
    3.0,
    4.0,
    5.0,
    6.0,
    7.0,
    8.0,
    9.0
  ],
  "train_loss": [
    456.76512178461604,
    403.9770416909076,
    401.66687985684007,
    397.21033364153925,
    395.305119291265,
    394.3055971835522,
    393.6134156572058,
    393.7370339251579,
    391.9722991294049,
    389.69187440263465
  ],
  "val_loss": [
    396.4623158772786,
    395.1637700398763,
    391.20772043863934,
    388.4510498046875,
    385.7612609863281,
    385.640625,
    384.43709055582684,
    383.9260660807292,
    383.4110590616862,
    380.8304214477539
  ],
  "val_acc": [
    0.049399198931909215,
    0.0540720961281709,
    0.06275033377837116,
    0.0774365821094793,
    0.09679572763684913,
    0.09412550066755675,
    0.09813084112149532,
    0.09479305740987984,
    0.1081441922563418,
    0.11949265687583445
  ],
  "delay_mean": [
    0.0,
    0.0,
    0.0,
    0.0,
    0.0,
    0.0,
    0.0,
    0.0,
    0.0,
    0.0
  ]
}