{
  "0.0": {
    "mean": 0.22845691382765532,
    "std": 0.0,
    "values": [
      0.22845691382765532,
      0.22845691382765532,
      0.22845691382765532
    ]
  },
  "0.2": {
    "mean": 0.19817412602983744,
    "std": 0.002690502332129721,
    "values": [
      0.19973279893119572,
      0.19438877755511022,
      0.20040080160320642
    ]
  },
  "0.4": {
    "mean": 0.16922734357604097,
    "std": 0.005597775591171907,
    "values": [
      0.16165664662658652,
      0.17501670006680026,
      0.17100868403473615
    ]
  },
  "0.6": {
    "mean": 0.13115119127143174,
    "std": 0.004949033794453989,
    "values": [
      0.13560454241816966,
      0.12424849699398798,
      0.13360053440213762
    ]
  },
  "0.8": {
    "mean": 0.11289245156980628,
    "std": 0.0038179532842311805,
    "values": [
      0.11823647294589178,
      0.11088844355377421,
      0.10955243820975284
    ]
  }
}