{
  "0.0": {
    "mean": 0.8891115564462257,
    "std": 0.0,
    "values": [
      0.8891115564462257,
      0.8891115564462257,
      0.8891115564462257
    ]
  },
  "0.2": {
    "mean": 0.8390113560454241,
    "std": 0.006812317319429194,
    "values": [
      0.8416833667334669,
      0.845691382765531,
      0.8296593186372746
    ]
  },
  "0.4": {
    "mean": 0.8129592518370073,
    "std": 0.0023774389338746854,
    "values": [
      0.8162992651970608,
      0.8109552438209753,
      0.811623246492986
    ]
  },
  "0.6": {
    "mean": 0.7425963037185482,
    "std": 0.010135655022704134,
    "values": [
      0.7368069472277889,
      0.7341349365397462,
      0.7568470273881096
    ]
  },
  "0.8": {
    "mean": 0.6225784903139612,
    "std": 0.006612889069212875,
    "values": [
      0.6152304609218436,
      0.6312625250501002,
      0.6212424849699398
    ]
  }
}