{
  "epoch": [
    0.0,
    1.0,
    2.0,
    3.0,
    4.0,
    5.0,
    6.0,
    7.0,
    8.0,
    9.0
  ],
  "train_loss": [
    564.4776182908279,
    404.64088087815503,
    406.14953261155347,
    404.11905670166016,
    403.28213266225964,
    403.02876633864184,
    402.92664982722357,
    402.7898248525766,
    402.5745362501878,
    402.09981830303485
  ],
  "val_loss": [
    374.3971688406808,
    375.3593008858817,
    376.10716465541293,
    375.68001883370533,
    375.1514456612723,
    375.1825169154576,
    375.54573931012834,
    375.2718026297433,
    375.1075221470424,
    374.4664611816406
  ],
  "val_acc": [
    0.042735042735042736,
    0.040293040293040296,
    0.0463980463980464,
    0.0463980463980464,
    0.0463980463980464,
    0.047619047619047616,
    0.0463980463980464,
    0.0463980463980464,
    0.0463980463980464,
    0.047619047619047616
  ],
  "delay_mean": [
    0.0,
    0.0,
    0.0,
    0.0,
    0.0,
    0.0,
    0.0,
    0.0,
    0.0,
    0.0
  ]
}