{
  "epoch": [
    0.0,
    1.0,
    2.0,
    3.0,
    4.0,
    5.0,
    6.0,
    7.0,
    8.0,
    9.0
  ],
  "train_loss": [
    441.005496098445,
    403.1143411489633,
    400.0318433321439,
    399.18482032189,
    397.8914560171274,
    395.25039438100964,
    392.6199246920072,
    388.1713597224309,
    385.50578542856067,
    383.8514562753531
  ],
  "val_loss": [
    375.5596618652344,
    373.56323896135603,
    372.0932312011719,
    372.39393615722656,
    368.9025137765067,
    365.09930419921875,
    361.9789385114397,
    358.7725088936942,
    357.0603724888393,
    354.79323032924106
  ],
  "val_acc": [
    0.04884004884004884,
    0.042735042735042736,
    0.05616605616605617,
    0.05372405372405373,
    0.06715506715506715,
    0.07203907203907203,
    0.10012210012210013,
    0.13064713064713065,
    0.13675213675213677,
    0.115995115995116
  ],
  "delay_mean": [
    0.48079144954681396,
    0.5818647742271423,
    0.6607082486152649,
    0.6876034736633301,
    0.7551043629646301,
    0.8465952277183533,
    0.924126386642456,
    1.0105509757995605,
    1.0552756786346436,
    1.1430585384368896
  ]
}