{
  "0.0": {
    "mean": 0.1111111111111111,
    "std": 0.0,
    "values": [
      0.1111111111111111,
      0.1111111111111111,
      0.1111111111111111
    ]
  },
  "0.2": {
    "mean": 0.08750508750508751,
    "std": 0.006637975755107891,
    "values": [
      0.09645909645909646,
      0.08058608058608059,
      0.08547008547008547
    ]
  },
  "0.4": {
    "mean": 0.0984940984940985,
    "std": 0.0050178380162547625,
    "values": [
      0.0927960927960928,
      0.10500610500610501,
      0.09768009768009768
    ]
  },
  "0.6": {
    "mean": 0.06593406593406594,
    "std": 0.004345575194151936,
    "values": [
      0.06227106227106227,
      0.06349206349206349,
      0.07203907203907203
    ]
  },
  "0.8": {
    "mean": 0.05575905575905576,
    "std": 0.004029098468299416,
    "values": [
      0.05128205128205128,
      0.06105006105006105,
      0.054945054945054944
    ]
  }
}