{
  "epoch": [
    0.0,
    1.0,
    2.0,
    3.0,
    4.0,
    5.0,
    6.0,
    7.0,
    8.0,
    9.0
  ],
  "train_loss": [
    490.00001408503607,
    404.396359370305,
    403.32481442964996,
    401.30953627366284,
    401.6117430466872,
    401.00184748722955,
    400.9728998037485,
    400.6854013296274,
    400.10684262789215,
    399.3933792114258
  ],
  "val_loss": [
    375.044669015067,
    374.9285779680525,
    374.36145455496654,
    373.279307774135,
    373.6971675327846,
    373.6289367675781,
    372.80536978585377,
    372.3364475795201,
    371.50716073172435,
    371.4503631591797
  ],
  "val_acc": [
    0.04395604395604396,
    0.0463980463980464,
    0.052503052503052504,
    0.0463980463980464,
    0.047619047619047616,
    0.0463980463980464,
    0.0463980463980464,
    0.042735042735042736,
    0.047619047619047616,
    0.047619047619047616
  ],
  "delay_mean": [
    0.0,
    0.0,
    0.0,
    0.0,
    0.0,
    0.0,
    0.0,
    0.0,
    0.0,
    0.0
  ]
}