{
  "0.0": {
    "mean": 0.5811623246492986,
    "std": 0.0,
    "values": [
      0.5811623246492986,
      0.5811623246492986,
      0.5811623246492986
    ]
  },
  "0.2": {
    "mean": 0.5397461589846358,
    "std": 0.00786618647635522,
    "values": [
      0.5370741482965932,
      0.5317301269205077,
      0.5504342017368069
    ]
  },
  "0.4": {
    "mean": 0.5419728345580049,
    "std": 0.004638758997105236,
    "values": [
      0.541750167000668,
      0.5477621910487642,
      0.5364061456245826
    ]
  },
  "0.6": {
    "mean": 0.49832999331997324,
    "std": 0.008034566267053532,
    "values": [
      0.509686038744155,
      0.49298597194388777,
      0.4923179692718771
    ]
  },
  "0.8": {
    "mean": 0.4408817635270541,
    "std": 0.006430429337872916,
    "values": [
      0.44956579826319304,
      0.43420173680694724,
      0.43887775551102204
    ]
  }
}