{
  "epoch": [
    0.0,
    1.0,
    2.0,
    3.0,
    4.0,
    5.0,
    6.0,
    7.0,
    8.0,
    9.0
  ],
  "train_loss": [
    441.7730972614694,
    402.93751363551365,
    401.0476730022025,
    397.01065258269614,
    392.62378708859706,
    387.9333093521443,
    384.94086212807514,
    380.08926586394614,
    374.60171378927026,
    370.45580470308346
  ],
  "val_loss": [
    395.8464635213216,
    393.7852198282878,
    390.9448064168294,
    387.768549601237,
    383.0666809082031,
    376.9223047892253,
    376.4679209391276,
    371.72104899088544,
    364.05729420979816,
    362.5147933959961
  ],
  "val_acc": [
    0.0534045393858478,
    0.056742323097463285,
    0.056074766355140186,
    0.08811748998664887,
    0.12750333778371162,
    0.15620827770360482,
    0.1602136181575434,
    0.19492656875834447,
    0.2409879839786382,
    0.2970627503337784
  ],
  "delay_mean": [
    0.3183487057685852,
    0.33062589168548584,
    0.3907339870929718,
    0.4154397249221802,
    0.5107988119125366,
    0.7673227787017822,
    1.0780680179595947,
    1.3584166765213013,
    1.5925666093826294,
    1.8159925937652588
  ]
}