{
  "0.0": {
    "mean": 0.5042735042735043,
    "std": 0.0,
    "values": [
      0.5042735042735043,
      0.5042735042735043,
      0.5042735042735043
    ]
  },
  "0.2": {
    "mean": 0.4460724460724461,
    "std": 0.004029098468299426,
    "values": [
      0.4468864468864469,
      0.45054945054945056,
      0.44078144078144077
    ]
  },
  "0.4": {
    "mean": 0.3378103378103378,
    "std": 0.00678605291026987,
    "values": [
      0.32844932844932845,
      0.3443223443223443,
      0.34065934065934067
    ]
  },
  "0.6": {
    "mean": 0.24338624338624337,
    "std": 0.005668859697673636,
    "values": [
      0.23565323565323565,
      0.2490842490842491,
      0.2454212454212454
    ]
  },
  "0.8": {
    "mean": 0.1615791615791616,
    "std": 0.011026631814525092,
    "values": [
      0.15995115995115994,
      0.14896214896214896,
      0.17582417582417584
    ]
  }
}