{
  "epoch": [
    0.0,
    1.0,
    2.0,
    3.0,
    4.0,
    5.0,
    6.0,
    7.0,
    8.0,
    9.0
  ],
  "train_loss": [
    562.3073208148663,
    405.39356583815356,
    404.9381848848783,
    404.1993466890775,
    403.28309161846454,
    403.4696332491361,
    402.6193430973933,
    402.4303993811974,
    401.16463235708386,
    400.4699202317458
  ],
  "val_loss": [
    374.8982195172991,
    376.35928780691967,
    375.0492924281529,
    375.9725145612444,
    375.9925319126674,
    375.03930010114397,
    374.19644601004467,
    372.5571594238281,
    373.0907244001116,
    371.29786464146207
  ],
  "val_acc": [
    0.03540903540903541,
    0.047619047619047616,
    0.04884004884004884,
    0.05128205128205128,
    0.03907203907203907,
    0.04395604395604396,
    0.04884004884004884,
    0.05616605616605617,
    0.045177045177045176,
    0.06105006105006105
  ],
  "delay_mean": [
    0.26677894592285156,
    0.27938079833984375,
    0.28171467781066895,
    0.27183032035827637,
    0.28611519932746887,
    0.2887633740901947,
    0.3058421015739441,
    0.37599730491638184,
    0.411786288022995,
    0.42535287141799927
  ]
}