{
  "epoch": [
    0.0,
    1.0,
    2.0,
    3.0,
    4.0,
    5.0,
    6.0,
    7.0,
    8.0,
    9.0
  ],
  "train_loss": [
    441.79368753636135,
    402.9512900494515,
    399.7478339012633,
    395.7026204859957,
    393.44612543633644,
    392.8667699935588,
    391.1556006898271,
    388.51256869701626,
    385.59442593189,
    382.260062359749
  ],
  "val_loss": [
    396.0447998046875,
    393.5787658691406,
    389.1352183024089,
    386.2933400472005,
    384.66231028238934,
    383.09334564208984,
    381.0650100708008,
    379.3697992960612,
    376.64500935872394,
    372.876469930013
  ],
  "val_acc": [
    0.04672897196261682,
    0.05473965287049399,
    0.07810413885180241,
    0.07409879839786382,
    0.10347129506008011,
    0.11081441922563418,
    0.10947930574098798,
    0.12416555407209613,
    0.1375166889185581,
    0.157543391188251
  ],
  "delay_mean": [
    0.0,
    0.0,
    0.0,
    0.0,
    0.0,
    0.0,
    0.0,
    0.0,
    0.0,
    0.0
  ]
}