{
  "epoch": [
    0.0,
    1.0,
    2.0,
    3.0,
    4.0,
    5.0,
    6.0,
    7.0,
    8.0,
    9.0,
    10.0,
    11.0,
    12.0,
    13.0,
    14.0,
    15.0,
    16.0,
    17.0,
    18.0,
    19.0
  ],
  "train_loss": [
    606.6468369504239,
    565.6455233959441,
    511.87356242727725,
    501.9140462672457,
    466.06937944128157,
    424.8524630932098,
    419.779056630236,
    417.3578906769448,
    415.51980460958276,
    413.7348054926446,
    412.90118602996176,
    411.9112918934924,
    409.78762297934674,
    410.10730564847904,
    408.6440598508145,
    407.2260190273853,
    406.93171594498006,
    406.48485678814825,
    406.0918234967171,
    405.7083649330951
  ],
  "val_loss": [
    591.1333516438802,
    517.1431121826172,
    493.95291900634766,
    487.78333791097003,
    423.58251953125,
    413.20230865478516,
    409.2723083496094,
    408.4600118001302,
    405.8887710571289,
    406.8181406656901,
    403.9452184041341,
    402.6906382242839,
    402.3664779663086,
    399.9168879191081,
    399.73688252766925,
    398.3416798909505,
    398.4058481852214,
    397.8945999145508,
    398.7056350708008,
    398.5743993123372
  ],
  "val_acc": [
    0.05540720961281709,
    0.048731642189586116,
    0.0534045393858478,
    0.04806408544726302,
    0.042723631508678236,
    0.04606141522029372,
    0.04606141522029372,
    0.0514018691588785,
    0.06074766355140187,
    0.050066755674232306,
    0.05874499332443257,
    0.06608811748998665,
    0.05941255006675567,
    0.07676902536715621,
    0.0794392523364486,
    0.07810413885180241,
    0.0814419225634179,
    0.07610146862483311,
    0.07810413885180241,
    0.0801068090787717
  ],
  "delay_mean": [
    0.4840496778488159,
    0.48096877336502075,
    0.48691317439079285,
    0.4890429973602295,
    0.4787551760673523,
    0.4787551760673523,
    0.4853179156780243,
    0.5019530057907104,
    0.49458956718444824,
    0.5013333559036255,
    0.5311027765274048,
    0.5900856256484985,
    0.6185503602027893,
    0.6038526892662048,
    0.6433845162391663,
    0.6248103380203247,
    0.6225200295448303,
    0.6257694959640503,
    0.6413393020629883,
    0.6354387998580933
  ]
}