{
  "0.0": {
    "mean": 0.47741147741147744,
    "std": 0.0,
    "values": [
      0.47741147741147744,
      0.47741147741147744,
      0.47741147741147744
    ]
  },
  "0.2": {
    "mean": 0.4411884411884412,
    "std": 0.002075303017335273,
    "values": [
      0.4432234432234432,
      0.43833943833943834,
      0.442002442002442
    ]
  },
  "0.4": {
    "mean": 0.3764753764753765,
    "std": 0.015455301217783891,
    "values": [
      0.36874236874236876,
      0.398046398046398,
      0.3626373626373626
    ]
  },
  "0.6": {
    "mean": 0.23076923076923075,
    "std": 0.011323099506099766,
    "values": [
      0.22466422466422467,
      0.221001221001221,
      0.24664224664224665
    ]
  },
  "0.8": {
    "mean": 0.25274725274725274,
    "std": 0.015347747362608726,
    "values": [
      0.27350427350427353,
      0.24786324786324787,
      0.23687423687423687
    ]
  }
}