{
  "0.0": {
    "mean": 0.20634920634920637,
    "std": 2.7755575615628914e-17,
    "values": [
      0.20634920634920634,
      0.20634920634920634,
      0.20634920634920634
    ]
  },
  "0.2": {
    "mean": 0.16809116809116809,
    "std": 0.0028779274773567285,
    "values": [
      0.17216117216117216,
      0.16605616605616605,
      0.16605616605616605
    ]
  },
  "0.4": {
    "mean": 0.16687016687016687,
    "std": 0.00449546642946164,
    "values": [
      0.16117216117216118,
      0.16727716727716727,
      0.17216117216117216
    ]
  },
  "0.6": {
    "mean": 0.15384615384615385,
    "std": 0.0035945302671257003,
    "values": [
      0.1575091575091575,
      0.14896214896214896,
      0.15506715506715507
    ]
  },
  "0.8": {
    "mean": 0.1229141229141229,
    "std": 0.004029098468299413,
    "values": [
      0.11843711843711843,
      0.1282051282051282,
      0.1221001221001221
    ]
  }
}