{
  "epoch": [
    0.0,
    1.0,
    2.0,
    3.0,
    4.0,
    5.0,
    6.0,
    7.0,
    8.0,
    9.0
  ],
  "train_loss": [
    459.9720288790189,
    404.09876896784857,
    401.6012620192308,
    401.41289696326623,
    400.45261441744293,
    399.1320307804988,
    396.4554936335637,
    395.24434251051684,
    393.15588026780347,
    389.89241497333234
  ],
  "val_loss": [
    375.6478751046317,
    373.7800031389509,
    374.18286786760603,
    372.9168134416853,
    372.0996573311942,
    370.54894583565846,
    366.85538155691967,
    365.1121564592634,
    362.7946515764509,
    362.13928876604353
  ],
  "val_acc": [
    0.052503052503052504,
    0.047619047619047616,
    0.0463980463980464,
    0.050061050061050064,
    0.047619047619047616,
    0.057387057387057384,
    0.07203907203907203,
    0.08791208791208792,
    0.09645909645909646,
    0.0989010989010989
  ],
  "delay_mean": [
    0.39685261249542236,
    0.48391273617744446,
    0.5571582317352295,
    0.6266428828239441,
    0.6607996225357056,
    0.6190687417984009,
    0.6694246530532837,
    0.6699044704437256,
    0.7811245918273926,
    0.853753387928009
  ]
}