{
  "0.0": {
    "mean": 0.20634920634920637,
    "std": 2.7755575615628914e-17,
    "values": [
      0.20634920634920634,
      0.20634920634920634,
      0.20634920634920634
    ]
  },
  "0.2": {
    "mean": 0.18477818477818478,
    "std": 0.010659992554911511,
    "values": [
      0.199023199023199,
      0.17338217338217338,
      0.18192918192918192
    ]
  },
  "0.4": {
    "mean": 0.18966218966218965,
    "std": 0.0035011498848362336,
    "values": [
      0.19413919413919414,
      0.18925518925518925,
      0.1855921855921856
    ]
  },
  "0.6": {
    "mean": 0.15954415954415954,
    "std": 0.005115915787536232,
    "values": [
      0.15262515262515264,
      0.16117216117216118,
      0.16483516483516483
    ]
  },
  "0.8": {
    "mean": 0.13186813186813187,
    "std": 0.009137136475638435,
    "values": [
      0.12942612942612944,
      0.1221001221001221,
      0.14407814407814407
    ]
  }
}