{
  "epoch": [
    0.0,
    1.0,
    2.0,
    3.0,
    4.0,
    5.0,
    6.0,
    7.0,
    8.0,
    9.0
  ],
  "train_loss": [
    599.7600261981671,
    599.7600285456731,
    599.7600285456731,
    599.7600261981671,
    599.7600285456731,
    463.26702998234674,
    395.7259721022386,
    392.42366379957934,
    391.9706814105694,
    390.83299431434045
  ],
  "val_loss": [
    556.9200265066964,
    556.9200265066964,
    556.9200265066964,
    556.9200265066964,
    556.9200265066964,
    370.17358834402904,
    364.2864467075893,
    363.389659336635,
    363.34822518484935,
    362.8742980957031
  ],
  "val_acc": [
    0.0463980463980464,
    0.0463980463980464,
    0.0463980463980464,
    0.0463980463980464,
    0.0463980463980464,
    0.03663003663003663,
    0.045177045177045176,
    0.052503052503052504,
    0.05982905982905983,
    0.05372405372405373
  ],
  "delay_mean": [
    0.48096615076065063,
    0.48115620017051697,
    0.4812637269496918,
    0.48039957880973816,
    0.4593702554702759,
    0.494064599275589,
    0.527541995048523,
    0.5795384645462036,
    0.64095139503479,
    0.68196702003479
  ]
}