{
  "epoch": [
    0.0,
    1.0,
    2.0,
    3.0,
    4.0,
    5.0,
    6.0,
    7.0,
    8.0,
    9.0
  ],
  "train_loss": [
    599.7600261981671,
    599.7600261981671,
    599.7600261981671,
    599.7600285456731,
    599.7600261981671,
    599.7600285456731,
    551.1050943227915,
    422.206655062162,
    398.526362492488,
    397.82019805908203
  ],
  "val_loss": [
    556.9200265066964,
    556.9200265066964,
    556.9200265066964,
    556.9200265066964,
    556.9200265066964,
    556.9200265066964,
    438.371095929827,
    370.2714407784598,
    368.4978703090123,
    368.64144025530135
  ],
  "val_acc": [
    0.0463980463980464,
    0.0463980463980464,
    0.0463980463980464,
    0.0463980463980464,
    0.0463980463980464,
    0.0463980463980464,
    0.052503052503052504,
    0.047619047619047616,
    0.050061050061050064,
    0.05372405372405373
  ],
  "delay_mean": [
    0.0,
    0.0,
    0.0,
    0.0,
    0.0,
    0.0,
    0.0,
    0.0,
    0.0,
    0.0
  ]
}