{
  "epoch": [
    0.0,
    1.0,
    2.0,
    3.0,
    4.0,
    5.0,
    6.0,
    7.0,
    8.0,
    9.0
  ],
  "train_loss": [
    599.7600261981671,
    599.7600285456731,
    599.7600285456731,
    457.22953326885516,
    393.8946216289814,
    390.574341407189,
    388.65596888615534,
    387.52145092303937,
    387.1111661470853,
    384.2085712139423
  ],
  "val_loss": [
    556.9200265066964,
    556.9200265066964,
    556.9200265066964,
    365.6850106375558,
    364.1807207380022,
    361.79144287109375,
    360.68929181780135,
    359.3843035016741,
    358.35143607003346,
    356.3100128173828
  ],
  "val_acc": [
    0.0463980463980464,
    0.0463980463980464,
    0.0463980463980464,
    0.04884004884004884,
    0.0463980463980464,
    0.07326007326007326,
    0.07814407814407814,
    0.06837606837606838,
    0.07814407814407814,
    0.11721611721611722
  ],
  "delay_mean": [
    0.4810860753059387,
    0.480937123298645,
    0.4729505181312561,
    0.5250738859176636,
    0.7251803874969482,
    1.0031042098999023,
    1.1825358867645264,
    1.302505612373352,
    1.4437377452850342,
    1.5339171886444092
  ]
}