{
  "0.0": {
    "mean": 0.8710754843019372,
    "std": 0.0,
    "values": [
      0.8710754843019372,
      0.8710754843019372,
      0.8710754843019372
    ]
  },
  "0.2": {
    "mean": 0.8027165441995101,
    "std": 0.0025775633272745913,
    "values": [
      0.8002672010688042,
      0.8016032064128257,
      0.8062792251169004
    ]
  },
  "0.4": {
    "mean": 0.6624359830772656,
    "std": 0.005983090110240187,
    "values": [
      0.6666666666666666,
      0.6539746158984636,
      0.6666666666666666
    ]
  },
  "0.6": {
    "mean": 0.4424404364284124,
    "std": 0.006202800390640888,
    "values": [
      0.44021376085504343,
      0.45090180360721444,
      0.4362057448229793
    ]
  },
  "0.8": {
    "mean": 0.201291471832554,
    "std": 0.0011353862199048772,
    "values": [
      0.2017368069472278,
      0.19973279893119572,
      0.20240480961923848
    ]
  }
}