{
  "epoch": [
    0.0,
    1.0,
    2.0,
    3.0,
    4.0,
    5.0,
    6.0,
    7.0,
    8.0,
    9.0
  ],
  "train_loss": [
    490.9858716599485,
    406.5047464573637,
    404.74512173267124,
    402.3302833070146,
    399.6135753875083,
    397.713097105635,
    395.53134414997504,
    393.88794075174536,
    393.2995274320562,
    392.9361786537982
  ],
  "val_loss": [
    399.2552185058594,
    397.0414632161458,
    394.7420934041341,
    393.55834197998047,
    390.9564793904622,
    388.2781448364258,
    385.61398061116535,
    385.1770935058594,
    384.2402114868164,
    384.2133433024089
  ],
  "val_acc": [
    0.0520694259012016,
    0.05473965287049399,
    0.06008010680907877,
    0.056742323097463285,
    0.06675567423230974,
    0.0774365821094793,
    0.1081441922563418,
    0.09946595460614152,
    0.11815754339118825,
    0.11615487316421896
  ],
  "delay_mean": [
    0.0,
    0.0,
    0.0,
    0.0,
    0.0,
    0.0,
    0.0,
    0.0,
    0.0,
    0.0
  ]
}