{
  "epoch": [
    0.0,
    1.0,
    2.0,
    3.0,
    4.0,
    5.0,
    6.0,
    7.0,
    8.0,
    9.0
  ],
  "train_loss": [
    433.8403391736619,
    401.293738831865,
    396.08698029213764,
    390.66783369348406,
    386.38900367249835,
    379.3910749719498,
    372.2477767619681,
    367.22740140874333,
    363.7825096617354,
    359.1324553794049
  ],
  "val_loss": [
    395.57647196451825,
    390.6131337483724,
    386.40105692545575,
    382.0239613850911,
    374.5310541788737,
    366.44188181559247,
    361.8610560099284,
    358.9414647420247,
    353.2512613932292,
    349.6341781616211
  ],
  "val_acc": [
    0.050066755674232306,
    0.06475300400534045,
    0.09546061415220294,
    0.11481975967957277,
    0.18891855807743657,
    0.17489986648865152,
    0.22830440587449932,
    0.23965287049399198,
    0.3030707610146863,
    0.3684913217623498
  ],
  "delay_mean": [
    0.3612821698188782,
    0.3828560709953308,
    0.4383973479270935,
    0.6519342064857483,
    1.0266705751419067,
    1.3263213634490967,
    1.4696632623672485,
    1.6609896421432495,
    1.8729504346847534,
    2.075518846511841
  ]
}