{
  "0.0": {
    "mean": 0.6265865063460254,
    "std": 0.0,
    "values": [
      0.6265865063460254,
      0.6265865063460254,
      0.6265865063460254
    ]
  },
  "0.2": {
    "mean": 0.10777109775105768,
    "std": 0.0008331457107045021,
    "values": [
      0.10688042752171009,
      0.10888443553774214,
      0.10754843019372078
    ]
  },
  "0.4": {
    "mean": 0.08550434201736808,
    "std": 0.004847815866639332,
    "values": [
      0.09018036072144289,
      0.0788243152972612,
      0.08750835003340013
    ]
  },
  "0.6": {
    "mean": 0.08550434201736808,
    "std": 0.003036780604984603,
    "values": [
      0.08149632598530394,
      0.08617234468937876,
      0.08884435537742151
    ]
  },
  "0.8": {
    "mean": 0.050990870630149183,
    "std": 0.00491888711520252,
    "values": [
      0.05678022712090848,
      0.05143620574482298,
      0.0447561790247161
    ]
  }
}