{
  "0": {
    "mean": 0.8897795591182365,
    "std": 0.0,
    "values": [
      0.8897795591182365,
      0.8897795591182365,
      0.8897795591182365
    ]
  },
  "1": {
    "mean": 0.8833221999554666,
    "std": 0.005463301779730694,
    "values": [
      0.8837675350701403,
      0.8897795591182365,
      0.8764195056780227
    ]
  },
  "3": {
    "mean": 0.8710754843019372,
    "std": 0.004363375181978516,
    "values": [
      0.8657314629258517,
      0.8710754843019372,
      0.8764195056780227
    ]
  },
  "5": {
    "mean": 0.8594967713204187,
    "std": 0.0008331457107045046,
    "values": [
      0.8583834335337341,
      0.8603874415497662,
      0.8597194388777555
    ]
  },
  "10": {
    "mean": 0.7742150968603875,
    "std": 0.0019665466190888206,
    "values": [
      0.7748830995323981,
      0.7762191048764195,
      0.7715430861723447
    ]
  },
  "17": {
    "mean": 0.6457359162769984,
    "std": 0.005729093890121807,
    "values": [
      0.6526386105544422,
      0.6459585838343354,
      0.6386105544422178
    ]
  },
  "25": {
    "mean": 0.5914050322867958,
    "std": 0.0038309175092596753,
    "values": [
      0.5918503674014696,
      0.5958583834335337,
      0.5865063460253841
    ]
  }
}