{
  "0": {
    "mean": 0.7655677655677655,
    "std": 0.0,
    "values": [
      0.7655677655677655,
      0.7655677655677655,
      0.7655677655677655
    ]
  },
  "1": {
    "mean": 0.7594627594627594,
    "std": 0.0029908299667682167,
    "values": [
      0.7631257631257631,
      0.7557997557997558,
      0.7594627594627594
    ]
  },
  "3": {
    "mean": 0.7366707366707367,
    "std": 0.004495466429461672,
    "values": [
      0.7423687423687424,
      0.7362637362637363,
      0.7313797313797313
    ]
  },
  "5": {
    "mean": 0.6939356939356939,
    "std": 0.0032047244094472052,
    "values": [
      0.6923076923076923,
      0.6910866910866911,
      0.6984126984126984
    ]
  },
  "10": {
    "mean": 0.5645095645095645,
    "std": 0.002075303017335273,
    "values": [
      0.5665445665445665,
      0.5653235653235653,
      0.5616605616605617
    ]
  },
  "17": {
    "mean": 0.4810744810744811,
    "std": 0.0009969433222560722,
    "values": [
      0.4810744810744811,
      0.4822954822954823,
      0.47985347985347987
    ]
  },
  "25": {
    "mean": 0.4440374440374441,
    "std": 0.007548733004066506,
    "values": [
      0.45054945054945056,
      0.4481074481074481,
      0.43345543345543347
    ]
  }
}