{
  "0": {
    "mean": 0.23931623931623933,
    "std": 0.0,
    "values": [
      0.23931623931623933,
      0.23931623931623933,
      0.23931623931623933
    ]
  },
  "1": {
    "mean": 0.2258852258852259,
    "std": 0.009818753017350282,
    "values": [
      0.21611721611721613,
      0.23931623931623933,
      0.2222222222222222
    ]
  },
  "3": {
    "mean": 0.2087912087912088,
    "std": 0.0069070259456561435,
    "values": [
      0.21367521367521367,
      0.199023199023199,
      0.21367521367521367
    ]
  },
  "5": {
    "mean": 0.20024420024420023,
    "std": 0.008861026071256503,
    "values": [
      0.1916971916971917,
      0.21245421245421245,
      0.19658119658119658
    ]
  },
  "10": {
    "mean": 0.18762718762718764,
    "std": 0.009263171898039114,
    "values": [
      0.19291819291819293,
      0.1746031746031746,
      0.19536019536019536
    ]
  },
  "17": {
    "mean": 0.15547415547415547,
    "std": 0.004917804629057622,
    "values": [
      0.15262515262515264,
      0.1514041514041514,
      0.1623931623931624
    ]
  },
  "25": {
    "mean": 0.14122914122914124,
    "std": 0.0023023419818853723,
    "values": [
      0.14285714285714285,
      0.14285714285714285,
      0.13797313797313798
    ]
  }
}