{
  "0": {
    "mean": 0.5042735042735043,
    "std": 0.0,
    "values": [
      0.5042735042735043,
      0.5042735042735043,
      0.5042735042735043
    ]
  },
  "1": {
    "mean": 0.5042735042735043,
    "std": 0.00996943322256079,
    "values": [
      0.5164835164835165,
      0.49206349206349204,
      0.5042735042735043
    ]
  },
  "3": {
    "mean": 0.47334147334147336,
    "std": 0.004029098468299426,
    "values": [
      0.4725274725274725,
      0.46886446886446886,
      0.47863247863247865
    ]
  },
  "5": {
    "mean": 0.4363044363044363,
    "std": 0.007614280396365364,
    "values": [
      0.4444444444444444,
      0.4261294261294261,
      0.43833943833943834
    ]
  },
  "10": {
    "mean": 0.3553113553113553,
    "std": 0.0026376641019160915,
    "values": [
      0.3516483516483517,
      0.35653235653235654,
      0.35775335775335776
    ]
  },
  "17": {
    "mean": 0.3292633292633293,
    "std": 0.005490735678971126,
    "values": [
      0.3247863247863248,
      0.326007326007326,
      0.336996336996337
    ]
  },
  "25": {
    "mean": 0.31013431013431014,
    "std": 0.002637664101916092,
    "values": [
      0.3076923076923077,
      0.3137973137973138,
      0.3089133089133089
    ]
  }
}