{
  "0.0": {
    "mean": 0.2290807063871926,
    "std": 0.0,
    "values": [
      0.2290807063871926,
      0.2290807063871926,
      0.2290807063871926
    ]
  },
  "0.2": {
    "mean": 0.07960609561533806,
    "std": 0.001945059088921569,
    "values": [
      0.07823073114375309,
      0.07823073114375309,
      0.082356824558508
    ]
  },
  "0.4": {
    "mean": 0.06711778621334653,
    "std": 0.0006647436856243937,
    "values": [
      0.06766793200198053,
      0.06618253837266876,
      0.06750288826539033
    ]
  },
  "0.6": {
    "mean": 0.06200143037905045,
    "std": 0.000678265280625951,
    "values": [
      0.06189140122132365,
      0.061231226274962865,
      0.06288166364086482
    ]
  },
  "0.8": {
    "mean": 0.058755570226109916,
    "std": 0.001985104093378304,
    "values": [
      0.05826043901633933,
      0.056610001650437364,
      0.06139627001155306
    ]
  },
  "1.0": {
    "mean": 0.05600484128293998,
    "std": 0.0005610408223131185,
    "values": [
      0.05578478296748638,
      0.05677504538702756,
      0.05545469549430599
    ]
  }
}