{
  "0.0": {
    "mean": 0.4700445618088794,
    "std": 0.0,
    "values": [
      0.4700445618088794,
      0.4700445618088794,
      0.4700445618088794
    ]
  },
  "0.2": {
    "mean": 0.3485723716784948,
    "std": 0.004591657944625709,
    "values": [
      0.35500907740551246,
      0.34461132200033007,
      0.34609671562964184
    ]
  },
  "0.4": {
    "mean": 0.22588986081311546,
    "std": 0.0031033294330572564,
    "values": [
      0.23007096880673378,
      0.22495461297243768,
      0.22264400066017495
    ]
  },
  "0.6": {
    "mean": 0.11877647576607801,
    "std": 0.0016632245648710972,
    "values": [
      0.11652087803267866,
      0.12048192771084337,
      0.11932662155471199
    ]
  },
  "0.8": {
    "mean": 0.06178137206359685,
    "std": 0.0018930132072492996,
    "values": [
      0.0595807889090609,
      0.0642020135335864,
      0.061561313748143255
    ]
  },
  "1.0": {
    "mean": 0.04885294603069814,
    "std": 0.0007502988225221908,
    "values": [
      0.04984320845023931,
      0.04802772734774715,
      0.04868790229410794
    ]
  }
}