{
  "0.0": {
    "mean": 0.4819277108433735,
    "std": 0.0,
    "values": [
      0.4819277108433735,
      0.4819277108433735,
      0.4819277108433735
    ]
  },
  "0.2": {
    "mean": 0.4532651152555427,
    "std": 0.0023197632879251727,
    "values": [
      0.4520547945205479,
      0.45651097540848323,
      0.451229575837597
    ]
  },
  "0.4": {
    "mean": 0.4135996038950322,
    "std": 0.003970208186756612,
    "values": [
      0.41062881663640866,
      0.410958904109589,
      0.41921109093909886
    ]
  },
  "0.6": {
    "mean": 0.35902514166254057,
    "std": 0.0009465066036246535,
    "values": [
      0.36012543323980856,
      0.35913517082026736,
      0.3578148209275458
    ]
  },
  "0.8": {
    "mean": 0.25147163998459593,
    "std": 0.000664743685624391,
    "values": [
      0.2518567420366397,
      0.2520217857732299,
      0.25053639214391815
    ]
  },
  "1.0": {
    "mean": 0.15338064587115585,
    "std": 0.00435901585289989,
    "values": [
      0.14738405677504537,
      0.15514111239478462,
      0.15761676844363756
    ]
  }
}