{
  "0.0": {
    "mean": 0.364592573818274,
    "std": 0.0,
    "values": [
      0.364592573818274,
      0.364592573818274,
      0.364592573818274
    ]
  },
  "0.2": {
    "mean": 0.3966755375322097,
    "std": 0.00035215925316886283,
    "values": [
      0.3971613230262324,
      0.39633759979723737,
      0.3965276897731593
    ]
  },
  "0.4": {
    "mean": 0.3989354961348372,
    "std": 0.0015751872886397207,
    "values": [
      0.399315676086681,
      0.3968445063996959,
      0.4006463059181346
    ]
  },
  "0.6": {
    "mean": 0.29142905419676424,
    "std": 0.0016630777413111568,
    "values": [
      0.2899505766062603,
      0.293752376124699,
      0.2905842098593334
    ]
  },
  "0.8": {
    "mean": 0.3081992142947662,
    "std": 0.0007515079151209019,
    "values": [
      0.30724876441515653,
      0.3090863008490686,
      0.3082625776200735
    ]
  },
  "1.0": {
    "mean": 0.12155197904786043,
    "std": 0.002376664399391891,
    "values": [
      0.11823596502344443,
      0.12273476112026359,
      0.12368521099987327
    ]
  }
}