{
  "0.0": {
    "mean": 0.4819277108433735,
    "std": 0.0,
    "values": [
      0.4819277108433735,
      0.4819277108433735,
      0.4819277108433735
    ]
  },
  "0.2": {
    "mean": 0.45183473620509434,
    "std": 0.002941093998926919,
    "values": [
      0.447928701105793,
      0.45254992573031855,
      0.45502558177917146
    ]
  },
  "0.4": {
    "mean": 0.41035374374209166,
    "std": 0.004490349106543847,
    "values": [
      0.40534741706552235,
      0.40947351048027725,
      0.4162403036804753
    ]
  },
  "0.6": {
    "mean": 0.3978654343401001,
    "std": 0.0012521105437356074,
    "values": [
      0.39610496781647136,
      0.39858062386532433,
      0.3989107113385047
    ]
  },
  "0.8": {
    "mean": 0.3844418770974308,
    "std": 0.002729743352600596,
    "values": [
      0.38818286846014194,
      0.38339660009902626,
      0.3817461627331243
    ]
  },
  "1.0": {
    "mean": 0.3685976783847719,
    "std": 0.003425955323087488,
    "values": [
      0.3731638884304341,
      0.36491170160092423,
      0.36771744512295756
    ]
  }
}