{
  "0.0": {
    "mean": 0.5796476999112914,
    "std": 0.0,
    "values": [
      0.5796476999112914,
      0.5796476999112914,
      0.5796476999112914
    ]
  },
  "0.2": {
    "mean": 0.5499725425590335,
    "std": 0.0027082829033941206,
    "values": [
      0.5474591306551768,
      0.5537320998606007,
      0.548726397161323
    ]
  },
  "0.4": {
    "mean": 0.5143623537363241,
    "std": 0.0013943131368309306,
    "values": [
      0.514003294892916,
      0.5128627550373843,
      0.5162210112786719
    ]
  },
  "0.6": {
    "mean": 0.47161323026232416,
    "std": 0.001752161124653094,
    "values": [
      0.4692054239006463,
      0.4733240400456216,
      0.4723102268407046
    ]
  },
  "0.8": {
    "mean": 0.36609217251721365,
    "std": 0.001016888701661014,
    "values": [
      0.3668736535293372,
      0.3646559371435813,
      0.36674692687872257
    ]
  },
  "1.0": {
    "mean": 0.2543615088919866,
    "std": 0.002871383425596502,
    "values": [
      0.2508554048916487,
      0.25788873400076034,
      0.2543403877835509
    ]
  }
}