{
  "0.0": {
    "mean": 0.18022776035649446,
    "std": 0.0,
    "values": [
      0.18022776035649446,
      0.18022776035649446,
      0.18022776035649446
    ]
  },
  "0.2": {
    "mean": 0.04522198382571382,
    "std": 0.0006175371161534797,
    "values": [
      0.04604720250866479,
      0.045056940089123615,
      0.04456180887935303
    ]
  },
  "0.4": {
    "mean": 0.04467183803707983,
    "std": 0.0005446165448980413,
    "values": [
      0.04538702756230401,
      0.04456180887935303,
      0.04406667766958244
    ]
  },
  "0.6": {
    "mean": 0.0459921879298014,
    "std": 0.00156187154828392,
    "values": [
      0.04819277108433735,
      0.045056940089123615,
      0.044726852615943224
    ]
  },
  "0.8": {
    "mean": 0.04527699840457722,
    "std": 0.0010203684321390435,
    "values": [
      0.044396765142762834,
      0.044726852615943224,
      0.04670737745502558
    ]
  },
  "1.0": {
    "mean": 0.04258128404027067,
    "std": 0.0014576268140498161,
    "values": [
      0.04307641525004126,
      0.040600759201188316,
      0.04406667766958244
    ]
  }
}