{
  "0.0": {
    "mean": 0.17560653573196897,
    "std": 0.0,
    "values": [
      0.17560653573196897,
      0.17560653573196897,
      0.17560653573196897
    ]
  },
  "0.2": {
    "mean": 0.16108268691203168,
    "std": 0.0014004425440235335,
    "values": [
      0.15910216207294933,
      0.16207294933157287,
      0.16207294933157287
    ]
  },
  "0.4": {
    "mean": 0.14578863398800682,
    "std": 0.002040736864278087,
    "values": [
      0.1429278758871101,
      0.14754910051163558,
      0.1468889255652748
    ]
  },
  "0.6": {
    "mean": 0.138361665841448,
    "std": 0.001972869128793643,
    "values": [
      0.14094735104802772,
      0.13616108268691204,
      0.1379765637894042
    ]
  },
  "0.8": {
    "mean": 0.11355009077405513,
    "std": 0.0016885084725997528,
    "values": [
      0.11338504703746492,
      0.11156956593497276,
      0.11569565934972768
    ]
  },
  "1.0": {
    "mean": 0.14474335698960225,
    "std": 0.0023841061429301265,
    "values": [
      0.14523848819937282,
      0.1416075259943885,
      0.14738405677504537
    ]
  }
}