{
  "0.0": {
    "mean": 0.3569896022445948,
    "std": 0.0,
    "values": [
      0.3569896022445948,
      0.3569896022445948,
      0.3569896022445948
    ]
  },
  "0.2": {
    "mean": 0.3129779391538758,
    "std": 0.0018394953509710643,
    "values": [
      0.312592837101832,
      0.31539858062386533,
      0.31094239973593
    ]
  },
  "0.4": {
    "mean": 0.28563569345876655,
    "std": 0.0029900815847942104,
    "values": [
      0.28618583924740054,
      0.2817296583594653,
      0.2889915827694339
    ]
  },
  "0.6": {
    "mean": 0.2673158386972548,
    "std": 0.0018688769050407743,
    "values": [
      0.26671067832975737,
      0.2698465093249711,
      0.2653903284370358
    ]
  },
  "0.8": {
    "mean": 0.26340980359795346,
    "std": 0.003988462113746341,
    "values": [
      0.2577983165538868,
      0.2657204159102162,
      0.26671067832975737
    ]
  },
  "1.0": {
    "mean": 0.25009627551301095,
    "std": 0.005820116039143182,
    "values": [
      0.2568080541343456,
      0.2508664796170985,
      0.2426142927875887
    ]
  }
}