{
  "0.0": {
    "mean": 0.1970599417057407,
    "std": 0.0,
    "values": [
      0.1970599417057407,
      0.1970599417057407,
      0.1970599417057407
    ]
  },
  "0.2": {
    "mean": 0.16645545558230898,
    "std": 0.002354411556854422,
    "values": [
      0.169306805221138,
      0.16651881890761627,
      0.1635407426181726
    ]
  },
  "0.4": {
    "mean": 0.16615976006420818,
    "std": 0.0017516518495007255,
    "values": [
      0.1646179191483969,
      0.16860980864275757,
      0.16525155240147002
    ]
  },
  "0.6": {
    "mean": 0.12193215899970429,
    "std": 0.0006889497076965348,
    "values": [
      0.12248130781903434,
      0.12235458116841971,
      0.12096058801165885
    ]
  },
  "0.8": {
    "mean": 0.07844379673045242,
    "std": 0.00028805351448878705,
    "values": [
      0.0783804334051451,
      0.07812698010391585,
      0.07882397668229629
    ]
  },
  "1.0": {
    "mean": 0.028513496388290458,
    "std": 0.001033424561544804,
    "values": [
      0.027056139906222278,
      0.029337219617285516,
      0.029147129641363578
    ]
  }
}