{
  "0.0": {
    "mean": 0.2376629806898828,
    "std": 0.0,
    "values": [
      0.2376629806898828,
      0.2376629806898828,
      0.2376629806898828
    ]
  },
  "0.2": {
    "mean": 0.22599988997084228,
    "std": 0.0015618715482839135,
    "values": [
      0.22379930681630633,
      0.22693513781152005,
      0.22726522528470045
    ]
  },
  "0.4": {
    "mean": 0.21378665346316775,
    "std": 0.0015734554267563575,
    "values": [
      0.21208120151840237,
      0.2158772074599769,
      0.21340155141112394
    ]
  },
  "0.6": {
    "mean": 0.22660505033833966,
    "std": 0.0021178826599461075,
    "values": [
      0.22544974418220828,
      0.2247895692358475,
      0.2295758375969632
    ]
  },
  "0.8": {
    "mean": 0.22952082301809976,
    "std": 0.0025366434248552494,
    "values": [
      0.23106123122627495,
      0.23155636243604555,
      0.22594487539197888
    ]
  },
  "1.0": {
    "mean": 0.24971117346096716,
    "std": 0.0019009905422424998,
    "values": [
      0.24723551741211422,
      0.2500412609341475,
      0.2518567420366397
    ]
  }
}