{
  "0.0": {
    "mean": 0.17560653573196897,
    "std": 0.0,
    "values": [
      0.17560653573196897,
      0.17560653573196897,
      0.17560653573196897
    ]
  },
  "0.2": {
    "mean": 0.17093029652858008,
    "std": 0.0015734554267563454,
    "values": [
      0.17263574847334542,
      0.17131539858062386,
      0.16883974253177092
    ]
  },
  "0.4": {
    "mean": 0.15343566045001925,
    "std": 0.005945139207657377,
    "values": [
      0.1511800627166199,
      0.16157781812180227,
      0.14754910051163558
    ]
  },
  "0.6": {
    "mean": 0.13885679705121856,
    "std": 0.0013294873712487874,
    "values": [
      0.136986301369863,
      0.13962700115530616,
      0.13995708862848655
    ]
  },
  "0.8": {
    "mean": 0.09291962370028058,
    "std": 0.0016831224669393568,
    "values": [
      0.09060901138801783,
      0.09357979864664136,
      0.09457006106618254
    ]
  },
  "1.0": {
    "mean": 0.10980909941134402,
    "std": 0.002419390815568688,
    "values": [
      0.11090939098861198,
      0.10645321010067668,
      0.11206469714474336
    ]
  }
}