{
  "0.0": {
    "mean": 0.3569896022445948,
    "std": 0.0,
    "values": [
      0.3569896022445948,
      0.3569896022445948,
      0.3569896022445948
    ]
  },
  "0.2": {
    "mean": 0.349287561203719,
    "std": 0.0017587464777626429,
    "values": [
      0.35154315893711835,
      0.3490675028882654,
      0.34725202178577325
    ]
  },
  "0.4": {
    "mean": 0.29823403201848486,
    "std": 0.0015541009948644533,
    "values": [
      0.30021455685756726,
      0.2980689882818947,
      0.29641855091599273
    ]
  },
  "0.6": {
    "mean": 0.24118391373714032,
    "std": 0.0033482145688954,
    "values": [
      0.23865324310942398,
      0.24591516751939263,
      0.2389833305826044
    ]
  },
  "0.8": {
    "mean": 0.15277548550365846,
    "std": 0.004056928880362347,
    "values": [
      0.1472190130384552,
      0.15431589371183363,
      0.15679154976068657
    ]
  },
  "1.0": {
    "mean": 0.09693568795730868,
    "std": 0.0007896077512464776,
    "values": [
      0.09622049843208451,
      0.09803597953457666,
      0.0965505859052649
    ]
  }
}