{
  "0.0": {
    "mean": 0.1970599417057407,
    "std": 0.0,
    "values": [
      0.1970599417057407,
      0.1970599417057407,
      0.1970599417057407
    ]
  },
  "0.2": {
    "mean": 0.21729396358720907,
    "std": 0.0017075472421245893,
    "values": [
      0.2193638322139146,
      0.215181852743632,
      0.21733620580408058
    ]
  },
  "0.4": {
    "mean": 0.21325983187597686,
    "std": 0.0017114615452103997,
    "values": [
      0.21252059308072488,
      0.21163350652642252,
      0.21562539602078318
    ]
  },
  "0.6": {
    "mean": 0.16704684661851055,
    "std": 0.0010454415300776873,
    "values": [
      0.16683563553415284,
      0.16841971866683564,
      0.16588518565454316
    ]
  },
  "0.8": {
    "mean": 0.18250749799349472,
    "std": 0.0009317258057750617,
    "values": [
      0.18172601698137117,
      0.1838170067165125,
      0.18197947028260042
    ]
  },
  "1.0": {
    "mean": 0.22122248975626238,
    "std": 0.00221278263907553,
    "values": [
      0.22063109872006084,
      0.2188569256114561,
      0.2241794449372703
    ]
  }
}