{
  "0.0": {
    "mean": 0.3657369202838752,
    "std": 0.0,
    "values": [
      0.3657369202838752,
      0.3657369202838752,
      0.3657369202838752
    ]
  },
  "0.2": {
    "mean": 0.2713319029542829,
    "std": 0.0023379577885102878,
    "values": [
      0.2746327776860868,
      0.2695164218517907,
      0.2698465093249711
    ]
  },
  "0.4": {
    "mean": 0.17472630247015455,
    "std": 0.0016849197151470017,
    "values": [
      0.17709192936128074,
      0.17329592341970623,
      0.1737910546294768
    ]
  },
  "0.6": {
    "mean": 0.09313968201573418,
    "std": 0.0010203684321390435,
    "values": [
      0.09258953622710019,
      0.0922594487539198,
      0.09457006106618254
    ]
  },
  "0.8": {
    "mean": 0.04940309181933212,
    "std": 0.0018394953509710597,
    "values": [
      0.04736755240138637,
      0.05182373328932167,
      0.04901798976728833
    ]
  },
  "1.0": {
    "mean": 0.04049073004346152,
    "std": 0.001753576217253589,
    "values": [
      0.04258128404027067,
      0.03829014688892556,
      0.040600759201188316
    ]
  }
}