{
  "0.0": {
    "mean": 0.2376629806898828,
    "std": 0.0,
    "values": [
      0.2376629806898828,
      0.2376629806898828,
      0.2376629806898828
    ]
  },
  "0.2": {
    "mean": 0.23221653738240633,
    "std": 0.00507269023809562,
    "values": [
      0.2376629806898828,
      0.22544974418220828,
      0.23353688727512792
    ]
  },
  "0.4": {
    "mean": 0.21131099741431478,
    "std": 0.003973256331686816,
    "values": [
      0.21505198877702592,
      0.2058095395279749,
      0.21307146393794354
    ]
  },
  "0.6": {
    "mean": 0.16746437806018596,
    "std": 0.0033072868713625273,
    "values": [
      0.1650437365901964,
      0.1652087803267866,
      0.17214061726357485
    ]
  },
  "0.8": {
    "mean": 0.19777741101391869,
    "std": 0.0012736795843967935,
    "values": [
      0.1972272652252847,
      0.19953787753754745,
      0.1965670902789239
    ]
  },
  "1.0": {
    "mean": 0.18121802277603563,
    "std": 0.003842365646747918,
    "values": [
      0.17659679815151014,
      0.18105297903944545,
      0.18600429113715133
    ]
  }
}