{
  "0.0": {
    "mean": 0.09523809523809523,
    "std": 0.0,
    "values": [
      0.09523809523809523,
      0.09523809523809523,
      0.09523809523809523
    ]
  }
}