{
  "0.0": {
    "mean": 0.09401709401709402,
    "std": 0.0,
    "values": [
      0.09401709401709402,
      0.09401709401709402,
      0.09401709401709402
    ]
  },
  "0.2": {
    "mean": 0.08465608465608465,
    "std": 0.004029098468299415,
    "values": [
      0.08180708180708181,
      0.09035409035409035,
      0.08180708180708181
    ]
  }
}