{
  "0.0": {
    "mean": 0.057387057387057384,
    "std": 0.0,
    "values": [
      0.057387057387057384,
      0.057387057387057384,
      0.057387057387057384
    ]
  }
}