{
  "0.0": {
    "mean": 0.21509686038744155,
    "std": 0.0,
    "values": [
      0.21509686038744155,
      0.21509686038744155,
      0.21509686038744155
    ]
  },
  "0.2": {
    "mean": 0.19305277221108885,
    "std": 0.004998874264227047,
    "values": [
      0.19839679358717435,
      0.18637274549098196,
      0.19438877755511022
    ]
  }
}