{
  "0.0": {
    "mean": 0.10020040080160321,
    "std": 0.0,
    "values": [
      0.10020040080160321,
      0.10020040080160321,
      0.10020040080160321
    ]
  }
}