{
  "0.0": {
    "mean": 0.37362637362637363,
    "std": 0.0,
    "values": [
      0.37362637362637363,
      0.37362637362637363,
      0.37362637362637363
    ]
  },
  "0.2": {
    "mean": 0.4985754985754986,
    "std": 0.008595324412675158,
    "values": [
      0.5006105006105006,
      0.48717948717948717,
      0.5079365079365079
    ]
  }
}