{
  "0.0": {
    "mean": 0.10012210012210014,
    "std": 1.3877787807814457e-17,
    "values": [
      0.10012210012210013,
      0.10012210012210013,
      0.10012210012210013
    ]
  }
}