{
  "0.0": {
    "mean": 0.2899131596526386,
    "std": 0.0,
    "values": [
      0.2899131596526386,
      0.2899131596526386,
      0.2899131596526386
    ]
  }
}