{
  "0.0": {
    "epoch": [
      0.0,
      1.0,
      2.0,
      3.0,
      4.0,
      5.0,
      6.0,
      7.0,
      8.0,
      9.0
    ],
    "train_loss": [
      500.8959702711839,
      449.9195368840144,
      448.92510751577527,
      438.9159768911508,
      435.97972224308893,
      434.79713087815503,
      428.69270676832934,
      425.09501295823316,
      415.90885749230017,
      412.52472628079926
    ],
    "val_loss": [
      416.8100128173828,
      416.6753670828683,
      412.8964320591518,
      402.9707249232701,
      400.99286978585377,
      399.99607631138394,
      394.13072204589844,
      392.78465053013394,
      382.32572065080916,
      381.380373273577
    ],
    "val_acc": [
      0.05372405372405373,
      0.052503052503052504,
      0.05616605616605617,
      0.04151404151404151,
      0.054945054945054944,
      0.06227106227106227,
      0.0463980463980464,
      0.05372405372405373,
      0.08058608058608059,
      0.08180708180708181
    ],
    "delay_mean": [
      0.508751630783081,
      0.5512837767601013,
      0.6064240336418152,
      0.6698964238166809,
      0.7559229731559753,
      0.8373809456825256,
      0.9185445308685303,
      0.979058027267456,
      1.0343117713928223,
      1.1074132919311523
    ],
    "f": 0.0,
    "perturb_layer": 2
  }
}