{
  "0.0": {
    "epoch": [
      0.0,
      1.0,
      2.0,
      3.0,
      4.0,
      5.0,
      6.0,
      7.0,
      8.0,
      9.0
    ],
    "train_loss": [
      624.3218231201172,
      459.88597576434796,
      447.5378018892728,
      438.4303001990685,
      436.1863520695613,
      433.8990419827975,
      420.2242490328275,
      399.9407747708834,
      397.79510791485126,
      395.86539870042066
    ],
    "val_loss": [
      435.539297921317,
      420.5960889543806,
      416.23321751185824,
      406.6985844203404,
      405.74821908133373,
      404.63751438685824,
      383.93534197126115,
      373.5496520996094,
      372.04679434640065,
      371.51143973214283
    ],
    "val_acc": [
      0.054945054945054944,
      0.045177045177045176,
      0.047619047619047616,
      0.05372405372405373,
      0.06593406593406594,
      0.09157509157509157,
      0.10622710622710622,
      0.10866910866910867,
      0.08424908424908426,
      0.10622710622710622
    ],
    "delay_mean": [
      0.46548160910606384,
      0.4993879497051239,
      0.5176079273223877,
      0.5201720595359802,
      0.5409054160118103,
      0.5660426616668701,
      0.6091947555541992,
      0.6538398265838623,
      0.6900901198387146,
      0.7239274382591248
    ],
    "f": 0.0,
    "perturb_layer": 2
  }
}