{
  "0.0": {
    "epoch": [
      0.0,
      1.0,
      2.0,
      3.0,
      4.0,
      5.0,
      6.0,
      7.0,
      8.0,
      9.0
    ],
    "train_loss": [
      546.8120324966756,
      401.43347232899765,
      389.04883591672206,
      386.2603850669049,
      383.7494273084275,
      380.42814928420046,
      377.24426399393286,
      371.1119209451878,
      363.6876662234043,
      354.64314497278093
    ],
    "val_loss": [
      400.8185501098633,
      381.83063252766925,
      381.7739741007487,
      375.64772542317706,
      374.34979756673175,
      369.34813435872394,
      368.3677215576172,
      358.3048044840495,
      351.66771697998047,
      345.19687906901044
    ],
    "val_acc": [
      0.06341789052069426,
      0.1081441922563418,
      0.11882510013351134,
      0.16421895861148197,
      0.13351134846461948,
      0.16421895861148197,
      0.19826435246995994,
      0.21562082777036048,
      0.2530040053404539,
      0.29906542056074764
    ],
    "delay_mean": [
      0.4786618947982788,
      0.5088370442390442,
      0.5793742537498474,
      0.6606767773628235,
      0.7741345763206482,
      0.9008397459983826,
      1.0826294422149658,
      1.3362281322479248,
      1.621025562286377,
      1.8624529838562012
    ],
    "f": 0.0,
    "perturb_layer": 4
  }
}