{
  "0.0": {
    "epoch": [
      0.0,
      1.0,
      2.0,
      3.0,
      4.0,
      5.0,
      6.0,
      7.0,
      8.0,
      9.0
    ],
    "train_loss": [
      606.2206537774268,
      452.8068756752826,
      452.10049308614526,
      451.93187372735207,
      451.95432038002826,
      445.82400252971246,
      441.45096929022606,
      440.8043245356134,
      440.1022442756815,
      440.0719292823305
    ],
    "val_loss": [
      451.28605397542316,
      441.21875762939453,
      442.87771860758465,
      441.91125742594403,
      441.2958501180013,
      434.2850163777669,
      431.27918497721356,
      431.65001424153644,
      429.92481486002606,
      431.99729410807294
    ],
    "val_acc": [
      0.03404539385847797,
      0.049399198931909215,
      0.0520694259012016,
      0.0534045393858478,
      0.05874499332443257,
      0.08077436582109479,
      0.10881174899866489,
      0.1041388518024032,
      0.10347129506008011,
      0.10347129506008011
    ],
    "delay_mean": [
      0.0,
      0.0,
      0.0,
      0.0,
      0.0,
      0.0,
      0.0,
      0.0,
      0.0,
      0.0
    ],
    "f": 0.0,
    "perturb_layer": 2
  }
}