{
  "0.0": {
    "mean": 0.1282051282051282,
    "std": 0.0,
    "values": [
      0.1282051282051282,
      0.1282051282051282,
      0.1282051282051282
    ]
  },
  "0.2": {
    "mean": 0.07895807895807895,
    "std": 0.0011511709909426927,
    "values": [
      0.07814407814407814,
      0.07814407814407814,
      0.08058608058608059
    ]
  }
}