{
  "0.0": {
    "epoch": [
      0.0,
      1.0,
      2.0,
      3.0,
      4.0,
      5.0,
      6.0,
      7.0,
      8.0,
      9.0
    ],
    "train_loss": [
      478.89203585111176,
      430.9989541860727,
      423.04174217811,
      423.0394357534555,
      423.24732032189,
      421.3194392277644,
      417.3355971116286,
      407.9078052227314,
      408.22751089242786,
      408.34761399489184
    ],
    "val_loss": [
      412.0139378138951,
      389.0778612409319,
      390.1003744942801,
      389.57287161690846,
      389.2953665597098,
      386.9921569824219,
      378.97144862583707,
      379.67679268973217,
      377.10786873953685,
      377.4000047956194
    ],
    "val_acc": [
      0.05860805860805861,
      0.06471306471306472,
      0.05982905982905983,
      0.04395604395604396,
      0.06593406593406594,
      0.06349206349206349,
      0.04395604395604396,
      0.05128205128205128,
      0.06227106227106227,
      0.057387057387057384
    ],
    "delay_mean": [
      0.0,
      0.0,
      0.0,
      0.0,
      0.0,
      0.0,
      0.0,
      0.0,
      0.0,
      0.0
    ],
    "f": 0.0,
    "perturb_layer": 2
  }
}