{
  "0.0": {
    "mean": 0.3772893772893773,
    "std": 0.0,
    "values": [
      0.3772893772893773,
      0.3772893772893773,
      0.3772893772893773
    ]
  },
  "0.2": {
    "mean": 0.3378103378103378,
    "std": 0.008058196936598828,
    "values": [
      0.32722832722832723,
      0.33943833943833945,
      0.34676434676434675
    ]
  }
}