{
  "0.0": {
    "mean": 0.09768009768009768,
    "std": 0.0,
    "values": [
      0.09768009768009768,
      0.09768009768009768,
      0.09768009768009768
    ]
  }
}