{
  "0.0": {
    "epoch": [
      0.0,
      1.0,
      2.0,
      3.0,
      4.0,
      5.0,
      6.0,
      7.0,
      8.0,
      9.0
    ],
    "train_loss": [
      631.9251227745643,
      442.70741976224457,
      432.0927980863131,
      427.2990534855769,
      427.88923997145434,
      427.5022183931791,
      427.32212946965143,
      426.52068387545074,
      410.66510596642127,
      401.2680892944336
    ],
    "val_loss": [
      426.01000540597096,
      403.68571908133373,
      393.2482256208147,
      393.12501525878906,
      393.4082227434431,
      393.9889351981027,
      392.78179713657926,
      383.05750819614957,
      371.3835885184152,
      370.2196568080357
    ],
    "val_acc": [
      0.03418803418803419,
      0.0463980463980464,
      0.06227106227106227,
      0.05128205128205128,
      0.06349206349206349,
      0.040293040293040296,
      0.06471306471306472,
      0.05372405372405373,
      0.06593406593406594,
      0.09401709401709402
    ],
    "delay_mean": [
      0.0,
      0.0,
      0.0,
      0.0,
      0.0,
      0.0,
      0.0,
      0.0,
      0.0,
      0.0
    ],
    "f": 0.0,
    "perturb_layer": 4
  }
}