{
  "0.0": {
    "mean": 0.6412825651302605,
    "std": 0.0,
    "values": [
      0.6412825651302605,
      0.6412825651302605,
      0.6412825651302605
    ]
  },
  "0.2": {
    "mean": 0.6619906479625918,
    "std": 0.0033176718828214972,
    "values": [
      0.657314629258517,
      0.663994655978624,
      0.6646626586506346
    ]
  }
}