{
  "0": {
    "mean": 0.20634920634920637,
    "std": 2.7755575615628914e-17,
    "values": [
      0.20634920634920634,
      0.20634920634920634,
      0.20634920634920634
    ]
  },
  "1": {
    "mean": 0.21001221001221002,
    "std": 0.00359453026712571,
    "values": [
      0.20634920634920634,
      0.2148962148962149,
      0.2087912087912088
    ]
  },
  "3": {
    "mean": 0.2144892144892145,
    "std": 0.00893548978433054,
    "values": [
      0.20757020757020758,
      0.2271062271062271,
      0.2087912087912088
    ]
  },
  "5": {
    "mean": 0.19576719576719578,
    "std": 0.006091424317092294,
    "values": [
      0.2039072039072039,
      0.18925518925518925,
      0.19413919413919414
    ]
  },
  "10": {
    "mean": 0.16442816442816444,
    "std": 0.001522856079273068,
    "values": [
      0.16483516483516483,
      0.16605616605616605,
      0.1623931623931624
    ]
  },
  "17": {
    "mean": 0.185999185999186,
    "std": 0.00799628925697537,
    "values": [
      0.18681318681318682,
      0.19536019536019536,
      0.17582417582417584
    ]
  },
  "25": {
    "mean": 0.15181115181115182,
    "std": 0.00805819693659883,
    "values": [
      0.1575091575091575,
      0.14041514041514042,
      0.1575091575091575
    ]
  }
}