{
  "0": {
    "mean": 0.47741147741147744,
    "std": 0.0,
    "values": [
      0.47741147741147744,
      0.47741147741147744,
      0.47741147741147744
    ]
  },
  "1": {
    "mean": 0.3797313797313797,
    "std": 0.0052753282038322,
    "values": [
      0.3724053724053724,
      0.38461538461538464,
      0.38217338217338215
    ]
  },
  "3": {
    "mean": 0.4285714285714286,
    "std": 0.004568568237819229,
    "values": [
      0.42246642246642246,
      0.4297924297924298,
      0.43345543345543347
    ]
  },
  "5": {
    "mean": 0.3569393569393569,
    "std": 0.007002299769672467,
    "values": [
      0.34798534798534797,
      0.35775335775335776,
      0.36507936507936506
    ]
  },
  "10": {
    "mean": 0.3231583231583231,
    "std": 0.010376515086676393,
    "values": [
      0.3089133089133089,
      0.3333333333333333,
      0.32722832722832723
    ]
  },
  "17": {
    "mean": 0.3251933251933252,
    "std": 0.011026631814525092,
    "values": [
      0.3235653235653236,
      0.33943833943833945,
      0.3125763125763126
    ]
  },
  "25": {
    "mean": 0.2796092796092796,
    "std": 0.004345575194151922,
    "values": [
      0.28205128205128205,
      0.27350427350427353,
      0.28327228327228327
    ]
  }
}