{
  "0": {
    "mean": 0.7728937728937729,
    "std": 0.0,
    "values": [
      0.7728937728937729,
      0.7728937728937729,
      0.7728937728937729
    ]
  },
  "1": {
    "mean": 0.7708587708587707,
    "std": 0.006637975755107918,
    "values": [
      0.7619047619047619,
      0.7728937728937729,
      0.7777777777777778
    ]
  },
  "3": {
    "mean": 0.7374847374847375,
    "std": 0.007189060534251426,
    "values": [
      0.73992673992674,
      0.7277167277167277,
      0.7448107448107448
    ]
  },
  "5": {
    "mean": 0.7326007326007327,
    "std": 0.005275328203832234,
    "values": [
      0.73992673992674,
      0.7301587301587301,
      0.7277167277167277
    ]
  },
  "10": {
    "mean": 0.676027676027676,
    "std": 0.008478903807895686,
    "values": [
      0.6764346764346765,
      0.6654456654456654,
      0.6862026862026862
    ]
  },
  "17": {
    "mean": 0.599104599104599,
    "std": 0.0020753030173352735,
    "values": [
      0.5982905982905983,
      0.6019536019536019,
      0.5970695970695971
    ]
  },
  "25": {
    "mean": 0.568986568986569,
    "std": 0.013036725582455798,
    "values": [
      0.57997557997558,
      0.5763125763125763,
      0.5506715506715507
    ]
  }
}