{
  "0": {
    "mean": 0.43345543345543347,
    "std": 0.0,
    "values": [
      0.43345543345543347,
      0.43345543345543347,
      0.43345543345543347
    ]
  },
  "1": {
    "mean": 0.4122914122914123,
    "std": 0.005668859697673639,
    "values": [
      0.42002442002442003,
      0.41025641025641024,
      0.4065934065934066
    ]
  },
  "3": {
    "mean": 0.4110704110704111,
    "std": 0.005115915787536238,
    "values": [
      0.4126984126984127,
      0.4163614163614164,
      0.40415140415140416
    ]
  },
  "5": {
    "mean": 0.3838013838013838,
    "std": 0.01756243305689166,
    "values": [
      0.3956043956043956,
      0.3968253968253968,
      0.358974358974359
    ]
  },
  "10": {
    "mean": 0.4285714285714286,
    "std": 0.008517887479225206,
    "values": [
      0.4175824175824176,
      0.4297924297924298,
      0.43833943833943834
    ]
  },
  "17": {
    "mean": 0.40374440374440373,
    "std": 0.010566345124743328,
    "values": [
      0.4017094017094017,
      0.4175824175824176,
      0.39194139194139194
    ]
  },
  "25": {
    "mean": 0.36100936100936104,
    "std": 0.005490735678971122,
    "values": [
      0.3614163614163614,
      0.36752136752136755,
      0.3540903540903541
    ]
  }
}