{
  "0": {
    "mean": 0.20634920634920637,
    "std": 2.7755575615628914e-17,
    "values": [
      0.20634920634920634,
      0.20634920634920634,
      0.20634920634920634
    ]
  },
  "1": {
    "mean": 0.23768823768823769,
    "std": 0.007072912982084967,
    "values": [
      0.22832722832722832,
      0.23931623931623933,
      0.2454212454212454
    ]
  },
  "3": {
    "mean": 0.23117623117623118,
    "std": 0.012018577989607981,
    "values": [
      0.21733821733821734,
      0.22954822954822954,
      0.24664224664224665
    ]
  },
  "5": {
    "mean": 0.24623524623524626,
    "std": 0.005841554779978566,
    "values": [
      0.2490842490842491,
      0.2515262515262515,
      0.23809523809523808
    ]
  },
  "10": {
    "mean": 0.2555962555962556,
    "std": 0.007072912982084967,
    "values": [
      0.26495726495726496,
      0.25396825396825395,
      0.24786324786324787
    ]
  },
  "17": {
    "mean": 0.15873015873015872,
    "std": 0.006225909052005833,
    "values": [
      0.1562881562881563,
      0.16727716727716727,
      0.15262515262515264
    ]
  },
  "25": {
    "mean": 0.16564916564916565,
    "std": 0.005115915787536241,
    "values": [
      0.16727716727716727,
      0.17094017094017094,
      0.15873015873015872
    ]
  }
}