{
  "0": {
    "mean": 0.43345543345543347,
    "std": 0.0,
    "values": [
      0.43345543345543347,
      0.43345543345543347,
      0.43345543345543347
    ]
  },
  "1": {
    "mean": 0.4582824582824583,
    "std": 0.015836448073539858,
    "values": [
      0.4358974358974359,
      0.46886446886446886,
      0.4700854700854701
    ]
  },
  "3": {
    "mean": 0.37484737484737485,
    "std": 0.0071890605342514015,
    "values": [
      0.36752136752136755,
      0.3724053724053724,
      0.38461538461538464
    ]
  },
  "5": {
    "mean": 0.42287342287342283,
    "std": 0.004029098468299402,
    "values": [
      0.4236874236874237,
      0.42735042735042733,
      0.4175824175824176
    ]
  },
  "10": {
    "mean": 0.4521774521774522,
    "std": 0.001522856079273068,
    "values": [
      0.4542124542124542,
      0.45054945054945056,
      0.4517704517704518
    ]
  },
  "17": {
    "mean": 0.4664224664224664,
    "std": 0.009137136475638453,
    "values": [
      0.45665445665445664,
      0.47863247863247865,
      0.463980463980464
    ]
  },
  "25": {
    "mean": 0.4533984533984534,
    "std": 0.0049178046290576025,
    "values": [
      0.44932844932844934,
      0.45054945054945056,
      0.4603174603174603
    ]
  }
}