{
  "0.0": {
    "mean": 0.73992673992674,
    "std": 0.0,
    "values": [
      0.73992673992674,
      0.73992673992674,
      0.73992673992674
    ]
  },
  "0.2": {
    "mean": 0.6597476597476598,
    "std": 0.00377436650203324,
    "values": [
      0.6617826617826618,
      0.663003663003663,
      0.6544566544566545
    ]
  },
  "0.4": {
    "mean": 0.5811965811965812,
    "std": 0.015476722296973161,
    "values": [
      0.5628815628815629,
      0.57997557997558,
      0.6007326007326007
    ]
  },
  "0.6": {
    "mean": 0.5128205128205128,
    "std": 0.004984716611280407,
    "values": [
      0.518925518925519,
      0.5128205128205128,
      0.5067155067155067
    ]
  },
  "0.8": {
    "mean": 0.36752136752136755,
    "std": 0.00981875301735027,
    "values": [
      0.3772893772893773,
      0.3540903540903541,
      0.3711843711843712
    ]
  },
  "1.0": {
    "mean": 0.3467643467643468,
    "std": 0.006537394547907616,
    "values": [
      0.34554334554334554,
      0.33943833943833945,
      0.3553113553113553
    ]
  }
}