{
  "0.0": {
    "mean": 0.571810287241149,
    "std": 0.0,
    "values": [
      0.571810287241149,
      0.571810287241149,
      0.571810287241149
    ]
  },
  "0.2": {
    "mean": 0.5339568024938767,
    "std": 0.007891358337416764,
    "values": [
      0.5277221108884436,
      0.5450901803607214,
      0.5290581162324649
    ]
  },
  "0.4": {
    "mean": 0.5283901135604542,
    "std": 0.003036780604984588,
    "values": [
      0.5290581162324649,
      0.5317301269205077,
      0.5243820975283902
    ]
  },
  "0.6": {
    "mean": 0.5393008238699621,
    "std": 0.006081719119905439,
    "values": [
      0.5337341349365398,
      0.5364061456245826,
      0.5477621910487642
    ]
  },
  "0.8": {
    "mean": 0.5519928746381653,
    "std": 0.0020649339780663017,
    "values": [
      0.5537742150968604,
      0.5531062124248497,
      0.5490981963927856
    ]
  },
  "1.0": {
    "mean": 0.6020930750389668,
    "std": 0.001574497397431672,
    "values": [
      0.6032064128256514,
      0.5998663994655978,
      0.6032064128256514
    ]
  }
}