{
  "0.0": 0.9944444444444445,
  "0.2": 0.9518518518518518,
  "0.4": 0.8222222222222222,
  "0.6": 0.6555555555555556,
  "0.8": 0.5314814814814814,
  "1.0": 0.48518518518518516
}