{
  "0.0": 0.9962962962962963,
  "0.2": 0.9722222222222222,
  "0.4": 0.8444444444444444,
  "0.6": 0.7,
  "0.8": 0.5777777777777777,
  "1.0": 0.48333333333333334
}