{
  "0.0": {
    "0.0": {
      "mean": 0.9733333333333333,
      "std": 1.1102230246251565e-16,
      "values": [
        0.9733333333333334,
        0.9733333333333334,
        0.9733333333333334
      ]
    },
    "0.2": {
      "mean": 0.9973333333333333,
      "std": 0.0,
      "values": [
        0.9973333333333333,
        0.9973333333333333,
        0.9973333333333333
      ]
    },
    "0.4": {
      "mean": 0.9848888888888889,
      "std": 0.0012570787221094365,
      "values": [
        0.9866666666666667,
        0.984,
        0.984
      ]
    },
    "0.6": {
      "mean": 0.9342222222222222,
      "std": 0.003325917677132392,
      "values": [
        0.9306666666666666,
        0.9333333333333333,
        0.9386666666666666
      ]
    },
    "0.8": {
      "mean": 0.8355555555555555,
      "std": 0.006285393610547077,
      "values": [
        0.8266666666666667,
        0.84,
        0.84
      ]
    },
    "1.0": {
      "mean": 0.8044444444444445,
      "std": 0.005479479113750192,
      "values": [
        0.8106666666666666,
        0.7973333333333333,
        0.8053333333333333
      ]
    }
  },
  "0.2": {
    "0.0": {
      "mean": 0.8133333333333334,
      "std": 0.0,
      "values": [
        0.8133333333333334,
        0.8133333333333334,
        0.8133333333333334
      ]
    },
    "0.2": {
      "mean": 0.8666666666666667,
      "std": 0.007850454103402509,
      "values": [
        0.8586666666666667,
        0.8773333333333333,
        0.864
      ]
    },
    "0.4": {
      "mean": 0.7120000000000001,
      "std": 0.010886621079036372,
      "values": [
        0.7253333333333334,
        0.6986666666666667,
        0.712
      ]
    },
    "0.6": {
      "mean": 0.5448888888888889,
      "std": 0.003325917677132392,
      "values": [
        0.544,
        0.5493333333333333,
        0.5413333333333333
      ]
    },
    "0.8": {
      "mean": 0.45333333333333337,
      "std": 0.0021773242158072787,
      "values": [
        0.456,
        0.45066666666666666,
        0.4533333333333333
      ]
    },
    "1.0": {
      "mean": 0.4275555555555555,
      "std": 0.005028314888437667,
      "values": [
        0.424,
        0.43466666666666665,
        0.424
      ]
    }
  },
  "0.4": {
    "0.0": {
      "mean": 0.35200000000000004,
      "std": 5.551115123125783e-17,
      "values": [
        0.352,
        0.352,
        0.352
      ]
    },
    "0.2": {
      "mean": 0.36977777777777776,
      "std": 0.0012570787221094103,
      "values": [
        0.37066666666666664,
        0.368,
        0.37066666666666664
      ]
    },
    "0.4": {
      "mean": 0.3644444444444444,
      "std": 0.004532461789860244,
      "values": [
        0.3626666666666667,
        0.36,
        0.37066666666666664
      ]
    },
    "0.6": {
      "mean": 0.36800000000000005,
      "std": 0.0065319726474218145,
      "values": [
        0.36,
        0.368,
        0.376
      ]
    },
    "0.8": {
      "mean": 0.36800000000000005,
      "std": 0.002177324215807256,
      "values": [
        0.368,
        0.36533333333333334,
        0.37066666666666664
      ]
    },
    "1.0": {
      "mean": 0.36977777777777776,
      "std": 0.003325917677132392,
      "values": [
        0.36533333333333334,
        0.37066666666666664,
        0.37333333333333335
      ]
    }
  },
  "0.6": {
    "0.0": {
      "mean": 0.30933333333333335,
      "std": 0.0,
      "values": [
        0.30933333333333335,
        0.30933333333333335,
        0.30933333333333335
      ]
    },
    "0.2": {
      "mean": 0.31733333333333336,
      "std": 0.0021773242158072787,
      "values": [
        0.31466666666666665,
        0.32,
        0.31733333333333336
      ]
    },
    "0.4": {
      "mean": 0.312,
      "std": 0.002177324215807256,
      "values": [
        0.312,
        0.31466666666666665,
        0.30933333333333335
      ]
    },
    "0.6": {
      "mean": 0.3128888888888889,
      "std": 0.004532461789860269,
      "values": [
        0.31466666666666665,
        0.30666666666666664,
        0.31733333333333336
      ]
    },
    "0.8": {
      "mean": 0.30933333333333335,
      "std": 0.0,
      "values": [
        0.30933333333333335,
        0.30933333333333335,
        0.30933333333333335
      ]
    },
    "1.0": {
      "mean": 0.30933333333333335,
      "std": 0.0065319726474218145,
      "values": [
        0.30933333333333335,
        0.30133333333333334,
        0.31733333333333336
      ]
    }
  },
  "0.8": {
    "0.0": {
      "mean": 0.3253333333333333,
      "std": 0.0,
      "values": [
        0.3253333333333333,
        0.3253333333333333,
        0.3253333333333333
      ]
    },
    "0.2": {
      "mean": 0.3164444444444445,
      "std": 0.0012570787221094365,
      "values": [
        0.31733333333333336,
        0.31733333333333336,
        0.31466666666666665
      ]
    },
    "0.4": {
      "mean": 0.31822222222222224,
      "std": 0.0025141574442188465,
      "values": [
        0.32,
        0.32,
        0.31466666666666665
      ]
    },
    "0.6": {
      "mean": 0.31733333333333336,
      "std": 0.005760658398584756,
      "values": [
        0.32,
        0.32266666666666666,
        0.30933333333333335
      ]
    },
    "0.8": {
      "mean": 0.31466666666666665,
      "std": 0.0021773242158072787,
      "values": [
        0.31733333333333336,
        0.312,
        0.31466666666666665
      ]
    },
    "1.0": {
      "mean": 0.31377777777777777,
      "std": 0.0012570787221094103,
      "values": [
        0.31466666666666665,
        0.312,
        0.31466666666666665
      ]
    }
  },
  "1.0": {
    "0.0": {
      "mean": 0.3546666666666667,
      "std": 0.0,
      "values": [
        0.3546666666666667,
        0.3546666666666667,
        0.3546666666666667
      ]
    },
    "0.2": {
      "mean": 0.3502222222222222,
      "std": 0.0025141574442188205,
      "values": [
        0.3466666666666667,
        0.352,
        0.352
      ]
    },
    "0.4": {
      "mean": 0.35200000000000004,
      "std": 5.551115123125783e-17,
      "values": [
        0.352,
        0.352,
        0.352
      ]
    },
    "0.6": {
      "mean": 0.3502222222222222,
      "std": 0.003325917677132397,
      "values": [
        0.3466666666666667,
        0.3546666666666667,
        0.34933333333333333
      ]
    },
    "0.8": {
      "mean": 0.3511111111111111,
      "std": 0.0012570787221094103,
      "values": [
        0.34933333333333333,
        0.352,
        0.352
      ]
    },
    "1.0": {
      "mean": 0.3484444444444444,
      "std": 0.0025141574442188205,
      "values": [
        0.3466666666666667,
        0.352,
        0.3466666666666667
      ]
    }
  }
}