{
  "0.0": {
    "mean": 0.43345543345543347,
    "std": 0.0,
    "values": [
      0.43345543345543347,
      0.43345543345543347,
      0.43345543345543347
    ]
  },
  "0.2": {
    "mean": 0.3549043549043549,
    "std": 0.010936124413955545,
    "values": [
      0.3626373626373626,
      0.3626373626373626,
      0.33943833943833945
    ]
  },
  "0.4": {
    "mean": 0.34961334961334956,
    "std": 0.007482611441127484,
    "values": [
      0.34065934065934067,
      0.358974358974359,
      0.3492063492063492
    ]
  },
  "0.6": {
    "mean": 0.3072853072853073,
    "std": 0.005755854954713457,
    "values": [
      0.31135531135531136,
      0.29914529914529914,
      0.31135531135531136
    ]
  },
  "0.8": {
    "mean": 0.2893772893772894,
    "std": 0.0075267570243821415,
    "values": [
      0.2796092796092796,
      0.2905982905982906,
      0.2979242979242979
    ]
  }
}