{
  "0.0": {
    "mean": 0.8891115564462257,
    "std": 0.0,
    "values": [
      0.8891115564462257,
      0.8891115564462257,
      0.8891115564462257
    ]
  },
  "0.2": {
    "mean": 0.8570474281897127,
    "std": 0.0014430507010483177,
    "values": [
      0.8590514362057449,
      0.8557114228456913,
      0.8563794255177021
    ]
  },
  "0.4": {
    "mean": 0.8490313961255844,
    "std": 0.002499437132113524,
    "values": [
      0.8496993987975952,
      0.845691382765531,
      0.8517034068136272
    ]
  },
  "0.6": {
    "mean": 0.773101759073703,
    "std": 0.008096040508883465,
    "values": [
      0.7755511022044088,
      0.7621910487641951,
      0.781563126252505
    ]
  },
  "0.8": {
    "mean": 0.7105321754620352,
    "std": 0.004702452033387402,
    "values": [
      0.7054108216432866,
      0.7167668670674683,
      0.7094188376753507
    ]
  }
}