{
  "0": {
    "mean": 0.5299145299145299,
    "std": 0.0,
    "values": [
      0.5299145299145299,
      0.5299145299145299,
      0.5299145299145299
    ]
  },
  "1": {
    "mean": 0.501017501017501,
    "std": 0.006486519108876342,
    "values": [
      0.5006105006105006,
      0.5091575091575091,
      0.4932844932844933
    ]
  },
  "3": {
    "mean": 0.3219373219373219,
    "std": 0.006637975755107894,
    "values": [
      0.315018315018315,
      0.3199023199023199,
      0.3308913308913309
    ]
  },
  "5": {
    "mean": 0.19576719576719578,
    "std": 0.0025089190081273726,
    "values": [
      0.19291819291819293,
      0.199023199023199,
      0.19536019536019536
    ]
  },
  "10": {
    "mean": 0.11803011803011802,
    "std": 0.004711370330805952,
    "values": [
      0.12454212454212454,
      0.11355311355311355,
      0.115995115995116
    ]
  },
  "17": {
    "mean": 0.0989010989010989,
    "std": 0.0035945302671257008,
    "values": [
      0.09401709401709402,
      0.10256410256410256,
      0.10012210012210013
    ]
  },
  "25": {
    "mean": 0.10337810337810338,
    "std": 0.006486519108876364,
    "values": [
      0.09523809523809523,
      0.10378510378510379,
      0.1111111111111111
    ]
  }
}