{
  "0": {
    "mean": 0.571810287241149,
    "std": 0.0,
    "values": [
      0.571810287241149,
      0.571810287241149,
      0.571810287241149
    ]
  },
  "1": {
    "mean": 0.5644622578490314,
    "std": 0.0067022564877722065,
    "values": [
      0.5738142952571811,
      0.561122244488978,
      0.5584502338009352
    ]
  },
  "3": {
    "mean": 0.4782899131596526,
    "std": 0.002181687590989235,
    "values": [
      0.47828991315965264,
      0.48096192384769537,
      0.4756179024716099
    ]
  },
  "5": {
    "mean": 0.40904030282787796,
    "std": 0.0003148994794863187,
    "values": [
      0.4088176352705411,
      0.4094856379425518,
      0.4088176352705411
    ]
  },
  "10": {
    "mean": 0.34914272990425294,
    "std": 0.0035487369072610127,
    "values": [
      0.34468937875751504,
      0.34936539746158984,
      0.353373413493654
    ]
  },
  "17": {
    "mean": 0.33177466043197507,
    "std": 0.0027452300169089144,
    "values": [
      0.3353373413493654,
      0.33132932531730125,
      0.3286573146292585
    ]
  },
  "25": {
    "mean": 0.2936985081273658,
    "std": 0.0008331457107045047,
    "values": [
      0.2939211756847027,
      0.2925851703406814,
      0.29458917835671344
    ]
  }
}