{
  "0": {
    "mean": 0.42735042735042733,
    "std": 0.0,
    "values": [
      0.42735042735042733,
      0.42735042735042733,
      0.42735042735042733
    ]
  },
  "1": {
    "mean": 0.38339438339438336,
    "std": 0.011234980660840247,
    "values": [
      0.39194139194139194,
      0.36752136752136755,
      0.3907203907203907
    ]
  },
  "3": {
    "mean": 0.3125763125763126,
    "std": 0.004345575194151923,
    "values": [
      0.3089133089133089,
      0.31013431013431014,
      0.31868131868131866
    ]
  },
  "5": {
    "mean": 0.27676027676027676,
    "std": 0.011893886199594984,
    "values": [
      0.28327228327228327,
      0.2600732600732601,
      0.2869352869352869
    ]
  },
  "10": {
    "mean": 0.22425722425722427,
    "std": 0.01338777712934353,
    "values": [
      0.24297924297924298,
      0.21245421245421245,
      0.21733821733821734
    ]
  },
  "17": {
    "mean": 0.2022792022792023,
    "std": 0.005755854954713444,
    "values": [
      0.20634920634920634,
      0.19413919413919414,
      0.20634920634920634
    ]
  },
  "25": {
    "mean": 0.17094017094017097,
    "std": 0.0039877732890243114,
    "values": [
      0.17094017094017094,
      0.16605616605616605,
      0.17582417582417584
    ]
  }
}