{
  "0": {
    "mean": 0.73992673992674,
    "std": 0.0,
    "values": [
      0.73992673992674,
      0.73992673992674,
      0.73992673992674
    ]
  },
  "1": {
    "mean": 0.7212047212047211,
    "std": 0.006331440450184774,
    "values": [
      0.7301587301587301,
      0.7167277167277167,
      0.7167277167277167
    ]
  },
  "3": {
    "mean": 0.5811965811965812,
    "std": 0.011234980660840275,
    "values": [
      0.5653235653235653,
      0.5885225885225885,
      0.5897435897435898
    ]
  },
  "5": {
    "mean": 0.4277574277574277,
    "std": 0.004495466429461652,
    "values": [
      0.42735042735042733,
      0.42246642246642246,
      0.43345543345543347
    ]
  },
  "10": {
    "mean": 0.25071225071225073,
    "std": 0.014527121121346957,
    "values": [
      0.23076923076923078,
      0.26495726495726496,
      0.2564102564102564
    ]
  },
  "17": {
    "mean": 0.19943019943019946,
    "std": 0.011977158298381889,
    "values": [
      0.21367521367521367,
      0.18437118437118438,
      0.20024420024420025
    ]
  },
  "25": {
    "mean": 0.1762311762311762,
    "std": 0.0049178046290576155,
    "values": [
      0.18315018315018314,
      0.17338217338217338,
      0.17216117216117216
    ]
  }
}