{
  "0.0": {
    "mean": 0.87374749498998,
    "std": 0.0,
    "values": [
      0.87374749498998,
      0.87374749498998,
      0.87374749498998
    ]
  },
  "0.2": {
    "mean": 0.8572700957470496,
    "std": 0.006081719119905439,
    "values": [
      0.85437541750167,
      0.8517034068136272,
      0.8657314629258517
    ]
  },
  "0.4": {
    "mean": 0.8258739701625474,
    "std": 0.009357337514785418,
    "values": [
      0.8136272545090181,
      0.8276553106212425,
      0.8363393453573814
    ]
  },
  "0.6": {
    "mean": 0.7488309953239813,
    "std": 0.004329152103144867,
    "values": [
      0.7428189712758851,
      0.7528390113560455,
      0.7508350033400134
    ]
  },
  "0.8": {
    "mean": 0.5219327543976843,
    "std": 0.006906284755854292,
    "values": [
      0.5123580494321978,
      0.5250501002004008,
      0.5283901135604543
    ]
  }
}