{
  "0.0": {
    "mean": 0.5201465201465202,
    "std": 0.0,
    "values": [
      0.5201465201465202,
      0.5201465201465202,
      0.5201465201465202
    ]
  },
  "0.2": {
    "mean": 0.48473748473748474,
    "std": 0.004345575194151922,
    "values": [
      0.48717948717948717,
      0.47863247863247865,
      0.4884004884004884
    ]
  },
  "0.4": {
    "mean": 0.4208384208384208,
    "std": 0.011683109559957123,
    "values": [
      0.41514041514041516,
      0.41025641025641024,
      0.4371184371184371
    ]
  },
  "0.6": {
    "mean": 0.32275132275132273,
    "std": 0.01375396438641905,
    "values": [
      0.3418803418803419,
      0.31013431013431014,
      0.3162393162393162
    ]
  },
  "0.8": {
    "mean": 0.21001221001221002,
    "std": 0.012491664023787388,
    "values": [
      0.22466422466422467,
      0.21123321123321123,
      0.19413919413919414
    ]
  }
}