{
  "0.0": {
    "mean": 0.21611721611721613,
    "std": 0.0,
    "values": [
      0.21611721611721613,
      0.21611721611721613,
      0.21611721611721613
    ]
  },
  "0.2": {
    "mean": 0.21123321123321123,
    "std": 0.008972489900304673,
    "values": [
      0.21123321123321123,
      0.2222222222222222,
      0.20024420024420025
    ]
  },
  "0.4": {
    "mean": 0.1925111925111925,
    "std": 0.003204724409447218,
    "values": [
      0.18803418803418803,
      0.19536019536019536,
      0.19413919413919414
    ]
  },
  "0.6": {
    "mean": 0.14774114774114774,
    "std": 0.004345575194151943,
    "values": [
      0.15384615384615385,
      0.1452991452991453,
      0.14407814407814407
    ]
  },
  "0.8": {
    "mean": 0.11070411070411072,
    "std": 0.007548733004066503,
    "values": [
      0.11721611721611722,
      0.11477411477411477,
      0.10012210012210013
    ]
  }
}