{
  "0.0": {
    "mean": 0.7680097680097681,
    "std": 0.0,
    "values": [
      0.7680097680097681,
      0.7680097680097681,
      0.7680097680097681
    ]
  },
  "0.2": {
    "mean": 0.7464387464387464,
    "std": 0.002075303017335273,
    "values": [
      0.7472527472527473,
      0.7435897435897436,
      0.7484737484737485
    ]
  },
  "0.4": {
    "mean": 0.6914936914936914,
    "std": 0.007996289256975347,
    "values": [
      0.6923076923076923,
      0.6813186813186813,
      0.7008547008547008
    ]
  },
  "0.6": {
    "mean": 0.553927553927554,
    "std": 0.012623575432861887,
    "values": [
      0.5372405372405372,
      0.5677655677655677,
      0.5567765567765568
    ]
  },
  "0.8": {
    "mean": 0.28652828652828655,
    "std": 0.017161716436555154,
    "values": [
      0.2954822954822955,
      0.30158730158730157,
      0.2625152625152625
    ]
  }
}