{
  "0.0": {
    "mean": 0.4664224664224664,
    "std": 5.551115123125783e-17,
    "values": [
      0.46642246642246643,
      0.46642246642246643,
      0.46642246642246643
    ]
  },
  "0.2": {
    "mean": 0.4057794057794058,
    "std": 0.007482611441127487,
    "values": [
      0.4004884004884005,
      0.4004884004884005,
      0.4163614163614164
    ]
  },
  "0.4": {
    "mean": 0.3707773707773708,
    "std": 0.008119632618339437,
    "values": [
      0.36385836385836384,
      0.3663003663003663,
      0.38217338217338215
    ]
  },
  "0.6": {
    "mean": 0.28530728530728533,
    "std": 0.01979712903054995,
    "values": [
      0.2661782661782662,
      0.2771672771672772,
      0.3125763125763126
    ]
  },
  "0.8": {
    "mean": 0.19291819291819293,
    "std": 0.009137136475638442,
    "values": [
      0.19536019536019536,
      0.2026862026862027,
      0.1807081807081807
    ]
  }
}