{
  "0.0": {
    "mean": 0.5577822311289246,
    "std": 0.0,
    "values": [
      0.5577822311289246,
      0.5577822311289246,
      0.5577822311289246
    ]
  },
  "0.2": {
    "mean": 0.5368514807392563,
    "std": 0.00834929114195175,
    "values": [
      0.5484301937207748,
      0.5290581162324649,
      0.533066132264529
    ]
  },
  "0.4": {
    "mean": 0.49231796927187704,
    "std": 0.012329430594439673,
    "values": [
      0.4749498997995992,
      0.49966599866399464,
      0.5023380093520374
    ]
  },
  "0.6": {
    "mean": 0.4337564016922735,
    "std": 0.004638758997105242,
    "values": [
      0.42952571810287243,
      0.44021376085504343,
      0.4315297261189045
    ]
  },
  "0.8": {
    "mean": 0.306167891338232,
    "std": 0.003003949579877976,
    "values": [
      0.3026052104208417,
      0.3059452237808951,
      0.30995323981295925
    ]
  }
}