{
  "0": {
    "mean": 0.8430193720774883,
    "std": 0.0,
    "values": [
      0.8430193720774883,
      0.8430193720774883,
      0.8430193720774883
    ]
  },
  "1": {
    "mean": 0.852148741928301,
    "std": 0.004638758997105235,
    "values": [
      0.8577154308617234,
      0.8463593854375417,
      0.8523714094856379
    ]
  },
  "3": {
    "mean": 0.8663994655978624,
    "std": 0.003317671882821527,
    "values": [
      0.8617234468937875,
      0.8690714762859052,
      0.8684034736138945
    ]
  },
  "5": {
    "mean": 0.869516811400579,
    "std": 0.0019154587546298138,
    "values": [
      0.8670674682698731,
      0.8697394789579158,
      0.8717434869739479
    ]
  },
  "10": {
    "mean": 0.8474727232242262,
    "std": 0.003506572199515401,
    "values": [
      0.8443553774215097,
      0.8523714094856379,
      0.845691382765531
    ]
  },
  "17": {
    "mean": 0.7613003785348474,
    "std": 0.0070343215314768405,
    "values": [
      0.770875083500334,
      0.7541750167000668,
      0.7588510354041417
    ]
  },
  "25": {
    "mean": 0.6902694277443776,
    "std": 0.006202800390640876,
    "values": [
      0.6840347361389446,
      0.6987307949231797,
      0.6880427521710086
    ]
  }
}