{
  "0": {
    "mean": 0.5250501002004008,
    "std": 0.0,
    "values": [
      0.5250501002004008,
      0.5250501002004008,
      0.5250501002004008
    ]
  },
  "1": {
    "mean": 0.5649075929637052,
    "std": 0.010135655022704118,
    "values": [
      0.5511022044088176,
      0.5751503006012024,
      0.5684702738810955
    ]
  },
  "3": {
    "mean": 0.6234691605433088,
    "std": 0.005067827511352052,
    "values": [
      0.625250501002004,
      0.6165664662658651,
      0.6285905143620575
    ]
  },
  "5": {
    "mean": 0.6461812513916723,
    "std": 0.006202800390640863,
    "values": [
      0.6546426185704742,
      0.6439545758183033,
      0.6399465597862392
    ]
  },
  "10": {
    "mean": 0.6555332887998219,
    "std": 0.006819591552488769,
    "values": [
      0.6459585838343354,
      0.6613226452905812,
      0.6593186372745491
    ]
  },
  "17": {
    "mean": 0.633711868180806,
    "std": 0.002745230016908893,
    "values": [
      0.6372745490981964,
      0.6332665330661322,
      0.6305945223780896
    ]
  },
  "25": {
    "mean": 0.6256958361166778,
    "std": 0.0006297989589726898,
    "values": [
      0.6265865063460254,
      0.625250501002004,
      0.625250501002004
    ]
  }
}