{
  "0": {
    "mean": 0.7411477411477412,
    "std": 0.0,
    "values": [
      0.7411477411477412,
      0.7411477411477412,
      0.7411477411477412
    ]
  },
  "1": {
    "mean": 0.741961741961742,
    "std": 0.004029098468299402,
    "values": [
      0.7448107448107448,
      0.7448107448107448,
      0.7362637362637363
    ]
  },
  "3": {
    "mean": 0.7777777777777778,
    "std": 0.0069070259456561174,
    "values": [
      0.7728937728937729,
      0.7875457875457875,
      0.7728937728937729
    ]
  },
  "5": {
    "mean": 0.7842897842897844,
    "std": 0.004150606034670547,
    "values": [
      0.78998778998779,
      0.7802197802197802,
      0.7826617826617827
    ]
  },
  "10": {
    "mean": 0.7533577533577533,
    "std": 0.00816033278622847,
    "values": [
      0.7423687423687424,
      0.7557997557997558,
      0.7619047619047619
    ]
  },
  "17": {
    "mean": 0.6422466422466423,
    "std": 0.012491664023787388,
    "values": [
      0.6410256410256411,
      0.6581196581196581,
      0.6275946275946276
    ]
  },
  "25": {
    "mean": 0.555962555962556,
    "std": 0.008119632618339463,
    "values": [
      0.5604395604395604,
      0.5445665445665445,
      0.5628815628815629
    ]
  }
}