{
  "0": {
    "mean": 0.20268620268620272,
    "std": 2.7755575615628914e-17,
    "values": [
      0.2026862026862027,
      0.2026862026862027,
      0.2026862026862027
    ]
  },
  "1": {
    "mean": 0.23076923076923075,
    "std": 0.005275328203832196,
    "values": [
      0.23321123321123322,
      0.23565323565323565,
      0.22344322344322345
    ]
  },
  "3": {
    "mean": 0.27391127391127396,
    "std": 0.005017838016254769,
    "values": [
      0.2673992673992674,
      0.27472527472527475,
      0.2796092796092796
    ]
  },
  "5": {
    "mean": 0.2783882783882784,
    "std": 0.003594530267125688,
    "values": [
      0.27350427350427353,
      0.2796092796092796,
      0.28205128205128205
    ]
  },
  "10": {
    "mean": 0.2775742775742776,
    "std": 0.014458542668564594,
    "values": [
      0.2954822954822955,
      0.2600732600732601,
      0.2771672771672772
    ]
  },
  "17": {
    "mean": 0.25518925518925517,
    "std": 0.004345575194151949,
    "values": [
      0.2515262515262515,
      0.25274725274725274,
      0.2612942612942613
    ]
  },
  "25": {
    "mean": 0.2336182336182336,
    "std": 0.004604683963770758,
    "values": [
      0.2271062271062271,
      0.23687423687423687,
      0.23687423687423687
    ]
  }
}