{
  "0": {
    "mean": 0.33577533577533575,
    "std": 0.0,
    "values": [
      0.33577533577533575,
      0.33577533577533575,
      0.33577533577533575
    ]
  },
  "1": {
    "mean": 0.3781033781033781,
    "std": 0.008058196936598825,
    "values": [
      0.36752136752136755,
      0.3797313797313797,
      0.38705738705738707
    ]
  },
  "3": {
    "mean": 0.4367114367114367,
    "std": 0.0028779274773567155,
    "values": [
      0.44078144078144077,
      0.4346764346764347,
      0.4346764346764347
    ]
  },
  "5": {
    "mean": 0.4582824582824583,
    "std": 0.004495466429461652,
    "values": [
      0.45787545787545786,
      0.463980463980464,
      0.452991452991453
    ]
  },
  "10": {
    "mean": 0.45584045584045585,
    "std": 0.004150606034670572,
    "values": [
      0.4517704517704518,
      0.4542124542124542,
      0.46153846153846156
    ]
  },
  "17": {
    "mean": 0.428978428978429,
    "std": 0.007996289256975372,
    "values": [
      0.4297924297924298,
      0.4188034188034188,
      0.43833943833943834
    ]
  },
  "25": {
    "mean": 0.40740740740740744,
    "std": 0.0011511709909426862,
    "values": [
      0.4065934065934066,
      0.4065934065934066,
      0.409035409035409
    ]
  }
}