{
  "0": {
    "mean": 0.4163614163614164,
    "std": 0.0,
    "values": [
      0.4163614163614164,
      0.4163614163614164,
      0.4163614163614164
    ]
  },
  "1": {
    "mean": 0.44607244607244606,
    "std": 0.003204724409447231,
    "values": [
      0.4444444444444444,
      0.4432234432234432,
      0.45054945054945056
    ]
  },
  "3": {
    "mean": 0.4737484737484737,
    "std": 0.0019938866445121444,
    "values": [
      0.4713064713064713,
      0.47374847374847373,
      0.47619047619047616
    ]
  },
  "5": {
    "mean": 0.47130647130647124,
    "std": 0.0055507455014187496,
    "values": [
      0.47863247863247865,
      0.4652014652014652,
      0.4700854700854701
    ]
  },
  "10": {
    "mean": 0.3744403744403744,
    "std": 0.005017838016254745,
    "values": [
      0.36874236874236876,
      0.37362637362637363,
      0.38095238095238093
    ]
  },
  "17": {
    "mean": 0.27553927553927554,
    "std": 0.009422740661611898,
    "values": [
      0.2796092796092796,
      0.2625152625152625,
      0.2844932844932845
    ]
  },
  "25": {
    "mean": 0.24582824582824583,
    "std": 0.00449546642946164,
    "values": [
      0.24053724053724054,
      0.2515262515262515,
      0.2454212454212454
    ]
  }
}