{
  "0": {
    "mean": 0.8503674014696059,
    "std": 0.0,
    "values": [
      0.8503674014696059,
      0.8503674014696059,
      0.8503674014696059
    ]
  },
  "1": {
    "mean": 0.8419060342908038,
    "std": 0.0026905023321297152,
    "values": [
      0.8403473613894455,
      0.845691382765531,
      0.8396793587174348
    ]
  },
  "3": {
    "mean": 0.8485860610109107,
    "std": 0.006368447849510205,
    "values": [
      0.8416833667334669,
      0.8570474281897128,
      0.8470273881095525
    ]
  },
  "5": {
    "mean": 0.8245379648185259,
    "std": 0.0041657285535225425,
    "values": [
      0.8189712758851035,
      0.8256513026052105,
      0.8289913159652639
    ]
  },
  "10": {
    "mean": 0.7303495880650189,
    "std": 0.010830894239158588,
    "values": [
      0.7348029392117569,
      0.7408149632598531,
      0.7154308617234469
    ]
  },
  "17": {
    "mean": 0.5684702738810955,
    "std": 0.008034566267053534,
    "values": [
      0.5597862391449566,
      0.5664662658650634,
      0.5791583166332666
    ]
  },
  "25": {
    "mean": 0.4493431307058562,
    "std": 0.0077198556327587155,
    "values": [
      0.44355377421509684,
      0.44422177688710757,
      0.46025384101536404
    ]
  }
}