{
  "0": {
    "mean": 0.17460317460317457,
    "std": 2.7755575615628914e-17,
    "values": [
      0.1746031746031746,
      0.1746031746031746,
      0.1746031746031746
    ]
  },
  "1": {
    "mean": 0.18355718355718356,
    "std": 0.002075303017335286,
    "values": [
      0.1855921855921856,
      0.18437118437118438,
      0.1807081807081807
    ]
  },
  "3": {
    "mean": 0.2271062271062271,
    "std": 0.005981659933536456,
    "values": [
      0.21978021978021978,
      0.23443223443223443,
      0.2271062271062271
    ]
  },
  "5": {
    "mean": 0.23361823361823364,
    "std": 0.007348583673287659,
    "values": [
      0.23687423687423687,
      0.22344322344322345,
      0.24053724053724054
    ]
  },
  "10": {
    "mean": 0.2087912087912088,
    "std": 0.014134110992417858,
    "values": [
      0.18925518925518925,
      0.2148962148962149,
      0.2222222222222222
    ]
  },
  "17": {
    "mean": 0.18355718355718356,
    "std": 0.007548733004066506,
    "values": [
      0.17704517704517705,
      0.1794871794871795,
      0.19413919413919414
    ]
  },
  "25": {
    "mean": 0.16361416361416362,
    "std": 0.005550745501418748,
    "values": [
      0.1562881562881563,
      0.16483516483516483,
      0.16971916971916973
    ]
  }
}