{
  "0": {
    "mean": 0.38217338217338215,
    "std": 0.0,
    "values": [
      0.38217338217338215,
      0.38217338217338215,
      0.38217338217338215
    ]
  },
  "1": {
    "mean": 0.39804639804639813,
    "std": 0.004568568237819229,
    "values": [
      0.40293040293040294,
      0.39194139194139194,
      0.3992673992673993
    ]
  },
  "3": {
    "mean": 0.41391941391941395,
    "std": 0.004568568237819229,
    "values": [
      0.41514041514041516,
      0.4078144078144078,
      0.4188034188034188
    ]
  },
  "5": {
    "mean": 0.4118844118844119,
    "std": 0.002075303017335273,
    "values": [
      0.409035409035409,
      0.4139194139194139,
      0.4126984126984127
    ]
  },
  "10": {
    "mean": 0.3557183557183557,
    "std": 0.005841554779978557,
    "values": [
      0.3528693528693529,
      0.36385836385836384,
      0.3504273504273504
    ]
  },
  "17": {
    "mean": 0.291005291005291,
    "std": 0.007743710863020123,
    "values": [
      0.28327228327228327,
      0.28815628815628813,
      0.30158730158730157
    ]
  },
  "25": {
    "mean": 0.24827024827024827,
    "std": 0.003204724409447213,
    "values": [
      0.2454212454212454,
      0.25274725274725274,
      0.24664224664224665
    ]
  }
}