{
  "0": {
    "mean": 0.5511022044088176,
    "std": 0.0,
    "values": [
      0.5511022044088176,
      0.5511022044088176,
      0.5511022044088176
    ]
  },
  "1": {
    "mean": 0.5430861723446894,
    "std": 0.010646210721783062,
    "values": [
      0.5557782231128925,
      0.5437541750167001,
      0.5297261189044756
    ]
  },
  "3": {
    "mean": 0.57604097083055,
    "std": 0.0019154587546298181,
    "values": [
      0.5784903139612558,
      0.575818303273213,
      0.5738142952571811
    ]
  },
  "5": {
    "mean": 0.5891783567134268,
    "std": 0.00545421897747311,
    "values": [
      0.58249832999332,
      0.5958583834335337,
      0.5891783567134269
    ]
  },
  "10": {
    "mean": 0.5490981963927856,
    "std": 0.0016362656932419376,
    "values": [
      0.5511022044088176,
      0.5470941883767535,
      0.5490981963927856
    ]
  },
  "17": {
    "mean": 0.4558004898686261,
    "std": 0.005983090110240213,
    "values": [
      0.4515698062792251,
      0.4642618570474282,
      0.4515698062792251
    ]
  },
  "25": {
    "mean": 0.3907815631262525,
    "std": 0.00946271625957505,
    "values": [
      0.4034736138944556,
      0.38810955243820977,
      0.3807615230460922
    ]
  }
}