{
  "0": {
    "mean": 0.3321123321123321,
    "std": 0.0,
    "values": [
      0.3321123321123321,
      0.3321123321123321,
      0.3321123321123321
    ]
  },
  "1": {
    "mean": 0.3711843711843712,
    "std": 0.007526757024382139,
    "values": [
      0.3626373626373626,
      0.38095238095238093,
      0.36996336996337
    ]
  },
  "3": {
    "mean": 0.4273504273504274,
    "std": 0.0026376641019161175,
    "values": [
      0.4249084249084249,
      0.43101343101343104,
      0.4261294261294261
    ]
  },
  "5": {
    "mean": 0.4542124542124542,
    "std": 0.0029908299667682167,
    "values": [
      0.45054945054945056,
      0.45787545787545786,
      0.4542124542124542
    ]
  },
  "10": {
    "mean": 0.4253154253154254,
    "std": 0.004150606034670572,
    "values": [
      0.43101343101343104,
      0.42124542124542125,
      0.4236874236874237
    ]
  },
  "17": {
    "mean": 0.3630443630443631,
    "std": 0.004029098468299423,
    "values": [
      0.35775335775335776,
      0.36752136752136755,
      0.36385836385836384
    ]
  },
  "25": {
    "mean": 0.3028083028083028,
    "std": 0.0026376641019161175,
    "values": [
      0.30036630036630035,
      0.30158730158730157,
      0.3064713064713065
    ]
  }
}