{
  "0": {
    "mean": 0.7362637362637363,
    "std": 0.0,
    "values": [
      0.7362637362637363,
      0.7362637362637363,
      0.7362637362637363
    ]
  },
  "1": {
    "mean": 0.7411477411477412,
    "std": 0.009969433222560768,
    "values": [
      0.7411477411477412,
      0.7289377289377289,
      0.7533577533577533
    ]
  },
  "3": {
    "mean": 0.7476597476597476,
    "std": 0.00947533311096685,
    "values": [
      0.7472527472527473,
      0.7594627594627594,
      0.7362637362637363
    ]
  },
  "5": {
    "mean": 0.7362637362637363,
    "std": 0.005275328203832235,
    "values": [
      0.7313797313797313,
      0.7338217338217338,
      0.7435897435897436
    ]
  },
  "10": {
    "mean": 0.6308506308506309,
    "std": 0.006486519108876342,
    "values": [
      0.6227106227106227,
      0.6385836385836385,
      0.6312576312576312
    ]
  },
  "17": {
    "mean": 0.4533984533984534,
    "std": 0.012059855425339076,
    "values": [
      0.4700854700854701,
      0.4481074481074481,
      0.442002442002442
    ]
  },
  "25": {
    "mean": 0.3475783475783476,
    "std": 0.00836086226462116,
    "values": [
      0.3540903540903541,
      0.33577533577533575,
      0.3528693528693529
    ]
  }
}