{
  "0": {
    "mean": 0.8710754843019372,
    "std": 0.0,
    "values": [
      0.8710754843019372,
      0.8710754843019372,
      0.8710754843019372
    ]
  },
  "1": {
    "mean": 0.8403473613894455,
    "std": 0.0023774389338746854,
    "values": [
      0.8370073480293921,
      0.8423513694054776,
      0.8416833667334669
    ]
  },
  "3": {
    "mean": 0.6481852594077043,
    "std": 0.003287647085333645,
    "values": [
      0.648630594522378,
      0.6439545758183033,
      0.6519706078824316
    ]
  },
  "5": {
    "mean": 0.4958806501892674,
    "std": 0.008867649856040912,
    "values": [
      0.49966599866399464,
      0.5043420173680695,
      0.48363393453573816
    ]
  },
  "10": {
    "mean": 0.3395680249387664,
    "std": 0.0036315979582053166,
    "values": [
      0.34335337341349365,
      0.3406813627254509,
      0.3346693386773547
    ]
  },
  "17": {
    "mean": 0.27031841460699174,
    "std": 0.0013726150084544676,
    "values": [
      0.2685370741482966,
      0.27054108216432865,
      0.27187708750835005
    ]
  },
  "25": {
    "mean": 0.22578490313961255,
    "std": 0.0021816875909892466,
    "values": [
      0.22845691382765532,
      0.22311289245156982,
      0.22578490313961255
    ]
  }
}