{
  "0": {
    "mean": 0.42246642246642246,
    "std": 0.0,
    "values": [
      0.42246642246642246,
      0.42246642246642246,
      0.42246642246642246
    ]
  },
  "1": {
    "mean": 0.34757834757834755,
    "std": 0.00449546642946165,
    "values": [
      0.3528693528693529,
      0.3418803418803419,
      0.34798534798534797
    ]
  },
  "3": {
    "mean": 0.21896621896621896,
    "std": 0.01205985542533907,
    "values": [
      0.21367521367521367,
      0.23565323565323565,
      0.20757020757020758
    ]
  },
  "5": {
    "mean": 0.14204314204314203,
    "std": 0.003204724409447218,
    "values": [
      0.14652014652014653,
      0.14041514041514042,
      0.1391941391941392
    ]
  },
  "10": {
    "mean": 0.09401709401709402,
    "std": 0.0009969433222560722,
    "values": [
      0.09523809523809523,
      0.09401709401709402,
      0.0927960927960928
    ]
  },
  "17": {
    "mean": 0.0866910866910867,
    "std": 0.005550745501418749,
    "values": [
      0.08791208791208792,
      0.07936507936507936,
      0.0927960927960928
    ]
  },
  "25": {
    "mean": 0.10012210012210014,
    "std": 0.0017267564864140359,
    "values": [
      0.10134310134310134,
      0.09768009768009768,
      0.10134310134310134
    ]
  }
}