{
  "0": {
    "mean": 0.5274725274725275,
    "std": 0.0,
    "values": [
      0.5274725274725275,
      0.5274725274725275,
      0.5274725274725275
    ]
  },
  "1": {
    "mean": 0.47985347985347987,
    "std": 0.008972489900304673,
    "values": [
      0.46886446886446886,
      0.47985347985347987,
      0.4908424908424908
    ]
  },
  "3": {
    "mean": 0.2816442816442817,
    "std": 0.006409448818894436,
    "values": [
      0.27594627594627597,
      0.2783882783882784,
      0.2905982905982906
    ]
  },
  "5": {
    "mean": 0.1562881562881563,
    "std": 0.006978603255792528,
    "values": [
      0.14774114774114774,
      0.1562881562881563,
      0.16483516483516483
    ]
  },
  "10": {
    "mean": 0.08262108262108261,
    "std": 0.002508919008127384,
    "values": [
      0.07936507936507936,
      0.08302808302808302,
      0.08547008547008547
    ]
  },
  "17": {
    "mean": 0.06512006512006513,
    "std": 0.0005755854954713431,
    "values": [
      0.06471306471306472,
      0.06471306471306472,
      0.06593406593406594
    ]
  },
  "25": {
    "mean": 0.06552706552706551,
    "std": 0.0015228560792730742,
    "values": [
      0.06715506715506715,
      0.06349206349206349,
      0.06593406593406594
    ]
  }
}