{
  "0": {
    "mean": 0.24664224664224665,
    "std": 0.0,
    "values": [
      0.24664224664224665,
      0.24664224664224665,
      0.24664224664224665
    ]
  },
  "1": {
    "mean": 0.21978021978021978,
    "std": 0.0035945302671257008,
    "values": [
      0.21855921855921856,
      0.22466422466422467,
      0.21611721611721613
    ]
  },
  "3": {
    "mean": 0.16483516483516483,
    "std": 0.0017267564864140294,
    "values": [
      0.16361416361416362,
      0.16361416361416362,
      0.16727716727716727
    ]
  },
  "5": {
    "mean": 0.1054131054131054,
    "std": 0.010183146929749129,
    "values": [
      0.09645909645909646,
      0.11965811965811966,
      0.10012210012210013
    ]
  },
  "10": {
    "mean": 0.07122507122507123,
    "std": 0.004150606034670564,
    "values": [
      0.07692307692307693,
      0.06715506715506715,
      0.0695970695970696
    ]
  },
  "17": {
    "mean": 0.06349206349206349,
    "std": 0.001993886644512153,
    "values": [
      0.06593406593406594,
      0.06349206349206349,
      0.06105006105006105
    ]
  },
  "25": {
    "mean": 0.06593406593406594,
    "std": 0.0009969433222560722,
    "values": [
      0.06593406593406594,
      0.06471306471306472,
      0.06715506715506715
    ]
  }
}