{
  "0": {
    "mean": 0.5731462925851704,
    "std": 0.0,
    "values": [
      0.5731462925851704,
      0.5731462925851704,
      0.5731462925851704
    ]
  },
  "1": {
    "mean": 0.5223780895123581,
    "std": 0.006194801934198873,
    "values": [
      0.5190380761523046,
      0.531062124248497,
      0.5170340681362725
    ]
  },
  "3": {
    "mean": 0.3883322199955466,
    "std": 0.0065070760170128856,
    "values": [
      0.37942551770207084,
      0.3907815631262525,
      0.39478957915831664
    ]
  },
  "5": {
    "mean": 0.3026052104208417,
    "std": 0.006290112176275012,
    "values": [
      0.30861723446893785,
      0.2939211756847027,
      0.30527722110888444
    ]
  },
  "10": {
    "mean": 0.2400356268091739,
    "std": 0.0017532860997576955,
    "values": [
      0.24248496993987975,
      0.23847695390781562,
      0.23914495657982632
    ]
  },
  "17": {
    "mean": 0.20351814740592297,
    "std": 0.0017532860997577005,
    "values": [
      0.2010688042752171,
      0.20507682030728122,
      0.20440881763527055
    ]
  },
  "25": {
    "mean": 0.17791137831217993,
    "std": 0.005832019974931555,
    "values": [
      0.17167668670674682,
      0.17635270541082165,
      0.18570474281897129
    ]
  }
}