{
  "0": {
    "mean": 0.7411477411477412,
    "std": 0.0,
    "values": [
      0.7411477411477412,
      0.7411477411477412,
      0.7411477411477412
    ]
  },
  "1": {
    "mean": 0.7049247049247049,
    "std": 0.0049178046290576545,
    "values": [
      0.7008547008547008,
      0.702075702075702,
      0.7118437118437119
    ]
  },
  "3": {
    "mean": 0.4371184371184371,
    "std": 0.004345575194151923,
    "values": [
      0.43956043956043955,
      0.44078144078144077,
      0.43101343101343104
    ]
  },
  "5": {
    "mean": 0.2625152625152625,
    "std": 0.005550745501418745,
    "values": [
      0.2698412698412698,
      0.2612942612942613,
      0.2564102564102564
    ]
  },
  "10": {
    "mean": 0.12576312576312576,
    "std": 0.0019938866445121444,
    "values": [
      0.12576312576312576,
      0.12332112332112333,
      0.1282051282051282
    ]
  },
  "17": {
    "mean": 0.07326007326007326,
    "std": 0.002637664101916098,
    "values": [
      0.0757020757020757,
      0.0695970695970696,
      0.07448107448107448
    ]
  },
  "25": {
    "mean": 0.07163207163207164,
    "std": 0.0020753030173352796,
    "values": [
      0.07081807081807082,
      0.0695970695970696,
      0.07448107448107448
    ]
  }
}