{
  "0": {
    "mean": 0.7655677655677655,
    "std": 0.0,
    "values": [
      0.7655677655677655,
      0.7655677655677655,
      0.7655677655677655
    ]
  },
  "1": {
    "mean": 0.7509157509157509,
    "std": 0.00897248990030465,
    "values": [
      0.7509157509157509,
      0.73992673992674,
      0.7619047619047619
    ]
  },
  "3": {
    "mean": 0.6870166870166869,
    "std": 0.00761428039636534,
    "values": [
      0.684981684981685,
      0.6971916971916972,
      0.6788766788766789
    ]
  },
  "5": {
    "mean": 0.6068376068376069,
    "std": 0.00653739454790764,
    "values": [
      0.6056166056166056,
      0.6153846153846154,
      0.5995115995115995
    ]
  },
  "10": {
    "mean": 0.4521774521774522,
    "std": 0.007482611441127505,
    "values": [
      0.4517704517704518,
      0.46153846153846156,
      0.4432234432234432
    ]
  },
  "17": {
    "mean": 0.35938135938135934,
    "std": 0.0049178046290576025,
    "values": [
      0.3663003663003663,
      0.35653235653235654,
      0.3553113553113553
    ]
  },
  "25": {
    "mean": 0.31013431013431014,
    "std": 0.005275328203832184,
    "values": [
      0.3076923076923077,
      0.3052503052503053,
      0.31746031746031744
    ]
  }
}