{
  "0": {
    "mean": 0.5042735042735043,
    "std": 0.0,
    "values": [
      0.5042735042735043,
      0.5042735042735043,
      0.5042735042735043
    ]
  },
  "1": {
    "mean": 0.49491249491249495,
    "std": 0.0023023419818853723,
    "values": [
      0.4932844932844933,
      0.4981684981684982,
      0.4932844932844933
    ]
  },
  "3": {
    "mean": 0.42612942612942617,
    "std": 0.0060641694854502845,
    "values": [
      0.43101343101343104,
      0.4297924297924298,
      0.4175824175824176
    ]
  },
  "5": {
    "mean": 0.36223036223036226,
    "std": 0.009475333110966894,
    "values": [
      0.37362637362637363,
      0.3626373626373626,
      0.3504273504273504
    ]
  },
  "10": {
    "mean": 0.29588929588929586,
    "std": 0.004029098468299402,
    "values": [
      0.29304029304029305,
      0.30158730158730157,
      0.29304029304029305
    ]
  },
  "17": {
    "mean": 0.25478225478225475,
    "std": 0.006486519108876363,
    "values": [
      0.24664224664224665,
      0.2625152625152625,
      0.25518925518925517
    ]
  },
  "25": {
    "mean": 0.23768823768823769,
    "std": 0.00904603612978953,
    "values": [
      0.23931623931623933,
      0.24786324786324787,
      0.2258852258852259
    ]
  }
}