{
  "0": {
    "mean": 0.23931623931623933,
    "std": 0.0,
    "values": [
      0.23931623931623933,
      0.23931623931623933,
      0.23931623931623933
    ]
  },
  "1": {
    "mean": 0.22385022385022388,
    "std": 0.013387777129343534,
    "values": [
      0.23076923076923078,
      0.20512820512820512,
      0.23565323565323565
    ]
  },
  "3": {
    "mean": 0.19413919413919412,
    "std": 0.004568568237819216,
    "values": [
      0.19536019536019536,
      0.18803418803418803,
      0.199023199023199
    ]
  },
  "5": {
    "mean": 0.17908017908017906,
    "std": 0.006637975755107891,
    "values": [
      0.17704517704517705,
      0.17216117216117216,
      0.18803418803418803
    ]
  },
  "10": {
    "mean": 0.13878713878713878,
    "std": 0.010659992554911516,
    "values": [
      0.15384615384615385,
      0.13064713064713065,
      0.13186813186813187
    ]
  },
  "17": {
    "mean": 0.12454212454212454,
    "std": 0.006064169485450278,
    "values": [
      0.1330891330891331,
      0.12087912087912088,
      0.11965811965811966
    ]
  },
  "25": {
    "mean": 0.11273911273911275,
    "std": 0.010471860260698903,
    "values": [
      0.12576312576312576,
      0.11233211233211234,
      0.10012210012210013
    ]
  }
}