{
  "0": {
    "mean": 0.5838343353373413,
    "std": 0.0,
    "values": [
      0.5838343353373413,
      0.5838343353373413,
      0.5838343353373413
    ]
  },
  "1": {
    "mean": 0.5657982631930528,
    "std": 0.008658304206289734,
    "values": [
      0.5738142952571811,
      0.5537742150968604,
      0.569806279225117
    ]
  },
  "3": {
    "mean": 0.5047873524827432,
    "std": 0.004888554531307106,
    "values": [
      0.5016700066800267,
      0.501002004008016,
      0.511690046760187
    ]
  },
  "5": {
    "mean": 0.47094188376753504,
    "std": 0.006073561209969204,
    "values": [
      0.47227788911155644,
      0.46292585170340683,
      0.47762191048764197
    ]
  },
  "10": {
    "mean": 0.36806947227788916,
    "std": 0.006812317319429245,
    "values": [
      0.36138944555778224,
      0.3653974615898464,
      0.37742150968603877
    ]
  },
  "17": {
    "mean": 0.2667557336896014,
    "std": 0.001259597917945301,
    "values": [
      0.2685370741482966,
      0.26586506346025385,
      0.26586506346025385
    ]
  },
  "25": {
    "mean": 0.21888220886216878,
    "std": 0.008331457107045068,
    "values": [
      0.22110888443553775,
      0.20774883099532399,
      0.22778891115564462
    ]
  }
}