{
  "0": {
    "mean": 0.45054945054945056,
    "std": 0.0,
    "values": [
      0.45054945054945056,
      0.45054945054945056,
      0.45054945054945056
    ]
  },
  "1": {
    "mean": 0.4098494098494099,
    "std": 0.010183146929749143,
    "values": [
      0.3956043956043956,
      0.4188034188034188,
      0.41514041514041516
    ]
  },
  "3": {
    "mean": 0.34025234025234025,
    "std": 0.004029098468299427,
    "values": [
      0.33455433455433453,
      0.3431013431013431,
      0.3431013431013431
    ]
  },
  "5": {
    "mean": 0.31786731786731787,
    "std": 0.001522856079273068,
    "values": [
      0.3199023199023199,
      0.3162393162393162,
      0.31746031746031744
    ]
  },
  "10": {
    "mean": 0.2743182743182743,
    "std": 0.0015228560792730926,
    "values": [
      0.27228327228327226,
      0.27472527472527475,
      0.27594627594627597
    ]
  },
  "17": {
    "mean": 0.21245421245421245,
    "std": 0.0069070259456561435,
    "values": [
      0.21733821733821734,
      0.2026862026862027,
      0.21733821733821734
    ]
  },
  "25": {
    "mean": 0.17989417989417988,
    "std": 0.0020753030173352735,
    "values": [
      0.17704517704517705,
      0.18192918192918192,
      0.1807081807081807
    ]
  }
}