{
  "no_reversal": {
    "0.0": {
      "mean": 0.6984126984126983,
      "std": 1.1102230246251565e-16,
      "values": [
        0.6984126984126984,
        0.6984126984126984,
        0.6984126984126984
      ]
    },
    "0.2": {
      "mean": 0.5046805046805046,
      "std": 0.004495466429461629,
      "values": [
        0.5103785103785103,
        0.4993894993894994,
        0.5042735042735043
      ]
    },
    "0.4": {
      "mean": 0.34188034188034183,
      "std": 0.013849979265098532,
      "values": [
        0.3528693528693529,
        0.3504273504273504,
        0.32234432234432236
      ]
    },
    "0.6": {
      "mean": 0.2271062271062271,
      "std": 0.013705704713457657,
      "values": [
        0.21245421245421245,
        0.22344322344322345,
        0.2454212454212454
      ]
    },
    "0.8": {
      "mean": 0.16524216524216526,
      "std": 0.001522856079273068,
      "values": [
        0.16361416361416362,
        0.16727716727716727,
        0.16483516483516483
      ]
    },
    "1.0": {
      "mean": 0.1457061457061457,
      "std": 0.002075303017335286,
      "values": [
        0.14285714285714285,
        0.14774114774114774,
        0.14652014652014653
      ]
    }
  },
  "reversal": {
    "0.0": {
      "mean": 0.6190476190476191,
      "std": 0.0,
      "values": [
        0.6190476190476191,
        0.6190476190476191,
        0.6190476190476191
      ]
    },
    "0.2": {
      "mean": 0.3374033374033374,
      "std": 0.012623575432861887,
      "values": [
        0.3235653235653236,
        0.33455433455433453,
        0.3540903540903541
      ]
    },
    "0.4": {
      "mean": 0.27228327228327226,
      "std": 0.006537394547907616,
      "values": [
        0.28083028083028083,
        0.27106227106227104,
        0.26495726495726496
      ]
    },
    "0.6": {
      "mean": 0.1986161986161986,
      "std": 0.0011511709909426994,
      "values": [
        0.1978021978021978,
        0.1978021978021978,
        0.20024420024420025
      ]
    },
    "0.8": {
      "mean": 0.16483516483516483,
      "std": 0.0026376641019161045,
      "values": [
        0.1684981684981685,
        0.16361416361416362,
        0.1623931623931624
      ]
    },
    "1.0": {
      "mean": 0.15343915343915346,
      "std": 0.007743710863020133,
      "values": [
        0.1562881562881563,
        0.14285714285714285,
        0.16117216117216118
      ]
    }
  }
}