{
  "no_reversal": {
    "0.0": {
      "mean": 0.24664224664224665,
      "std": 0.0,
      "values": [
        0.24664224664224665,
        0.24664224664224665,
        0.24664224664224665
      ]
    },
    "0.2": {
      "mean": 0.11477411477411477,
      "std": 0.005180269459242101,
      "values": [
        0.11843711843711843,
        0.11843711843711843,
        0.10744810744810745
      ]
    },
    "0.4": {
      "mean": 0.10785510785510787,
      "std": 0.009046036129789532,
      "values": [
        0.115995115995116,
        0.11233211233211234,
        0.09523809523809523
      ]
    },
    "0.6": {
      "mean": 0.08913308913308915,
      "std": 0.006064169485450279,
      "values": [
        0.09768009768009768,
        0.08424908424908426,
        0.08547008547008547
      ]
    },
    "0.8": {
      "mean": 0.0704110704110704,
      "std": 0.001522856079273068,
      "values": [
        0.06837606837606838,
        0.07203907203907203,
        0.07081807081807082
      ]
    },
    "1.0": {
      "mean": 0.06552706552706554,
      "std": 0.0005755854954713431,
      "values": [
        0.06593406593406594,
        0.06593406593406594,
        0.06471306471306472
      ]
    }
  },
  "reversal": {
    "0.0": {
      "mean": 0.21855921855921856,
      "std": 0.0,
      "values": [
        0.21855921855921856,
        0.21855921855921856,
        0.21855921855921856
      ]
    },
    "0.2": {
      "mean": 0.10622710622710622,
      "std": 0.010503449654508699,
      "values": [
        0.10744810744810745,
        0.11843711843711843,
        0.0927960927960928
      ]
    },
    "0.4": {
      "mean": 0.10582010582010581,
      "std": 0.006091424317092296,
      "values": [
        0.11233211233211234,
        0.09768009768009768,
        0.10744810744810745
      ]
    },
    "0.6": {
      "mean": 0.08913308913308914,
      "std": 0.005550745501418748,
      "values": [
        0.08302808302808302,
        0.08791208791208792,
        0.09645909645909646
      ]
    },
    "0.8": {
      "mean": 0.0704110704110704,
      "std": 0.0011511709909426862,
      "values": [
        0.0695970695970696,
        0.0695970695970696,
        0.07203907203907203
      ]
    },
    "1.0": {
      "mean": 0.06634106634106635,
      "std": 0.0015228560792730742,
      "values": [
        0.06837606837606838,
        0.06471306471306472,
        0.06593406593406594
      ]
    }
  }
}