{
  "no_reversal": {
    "0.0": {
      "mean": 0.5551102204408818,
      "std": 0.0,
      "values": [
        0.5551102204408818,
        0.5551102204408818,
        0.5551102204408818
      ]
    },
    "0.2": {
      "mean": 0.25406368292139836,
      "std": 0.0030039495798779977,
      "values": [
        0.2578490313961256,
        0.250501002004008,
        0.25384101536406145
      ]
    },
    "0.4": {
      "mean": 0.24270763749721666,
      "std": 0.0027988877955859516,
      "values": [
        0.24649298597194388,
        0.24181696726786908,
        0.23981295925183702
      ]
    },
    "0.6": {
      "mean": 0.2253395680249388,
      "std": 0.009777109062614184,
      "values": [
        0.2177688710754843,
        0.23914495657982632,
        0.21910487641950568
      ]
    },
    "0.8": {
      "mean": 0.21398352260075706,
      "std": 0.004093693233322256,
      "values": [
        0.21376085504342018,
        0.21910487641950568,
        0.20908483633934535
      ]
    },
    "1.0": {
      "mean": 0.20418615007793364,
      "std": 0.0016662914214090167,
      "values": [
        0.20240480961923848,
        0.20641282565130262,
        0.20374081496325985
      ]
    }
  },
  "reversal": {
    "0.0": {
      "mean": 0.34936539746158984,
      "std": 0.0,
      "values": [
        0.34936539746158984,
        0.34936539746158984,
        0.34936539746158984
      ]
    },
    "0.2": {
      "mean": 0.17523936762413717,
      "std": 0.004638758997105247,
      "values": [
        0.17501670006680026,
        0.18102872411489646,
        0.16967267869071476
      ]
    },
    "0.4": {
      "mean": 0.19973279893119575,
      "std": 0.00475487786774942,
      "values": [
        0.1957247828991316,
        0.19706078824315298,
        0.20641282565130262
      ]
    },
    "0.6": {
      "mean": 0.20930750389668226,
      "std": 0.008277724469134313,
      "values": [
        0.21108884435537742,
        0.218436873747495,
        0.19839679358717435
      ]
    },
    "0.8": {
      "mean": 0.2117568470273881,
      "std": 0.00839666338675787,
      "values": [
        0.21442885771543085,
        0.20040080160320642,
        0.22044088176352705
      ]
    },
    "1.0": {
      "mean": 0.21376085504342016,
      "std": 0.0035765705642861263,
      "values": [
        0.2177688710754843,
        0.21442885771543085,
        0.20908483633934535
      ]
    }
  }
}