{
  "0.0": {
    "mean": 0.9148148148148149,
    "std": 0.0,
    "values": [
      0.9148148148148149,
      0.9148148148148149,
      0.9148148148148149
    ]
  },
  "0.1": {
    "mean": 0.9203703703703704,
    "std": 0.003024061410843434,
    "values": [
      0.924074074074074,
      0.9203703703703704,
      0.9166666666666666
    ]
  },
  "0.2": {
    "mean": 0.9197530864197532,
    "std": 0.002309665053564199,
    "values": [
      0.9203703703703704,
      0.9166666666666666,
      0.9222222222222223
    ]
  },
  "0.3": {
    "mean": 0.9234567901234568,
    "std": 0.007458670354070712,
    "values": [
      0.9277777777777778,
      0.9296296296296296,
      0.912962962962963
    ]
  },
  "0.4": {
    "mean": 0.9265432098765433,
    "std": 0.00230966505356415,
    "values": [
      0.924074074074074,
      0.9296296296296296,
      0.9259259259259259
    ]
  },
  "0.5": {
    "mean": 0.9277777777777777,
    "std": 0.005237828008789223,
    "values": [
      0.9314814814814815,
      0.9314814814814815,
      0.9203703703703704
    ]
  },
  "0.6": {
    "mean": 0.9228395061728395,
    "std": 0.0008729713347981688,
    "values": [
      0.924074074074074,
      0.9222222222222223,
      0.9222222222222223
    ]
  },
  "0.7": {
    "mean": 0.9265432098765433,
    "std": 0.00230966505356415,
    "values": [
      0.924074074074074,
      0.9259259259259259,
      0.9296296296296296
    ]
  },
  "0.8": {
    "mean": 0.9253086419753087,
    "std": 0.0008729713347982211,
    "values": [
      0.924074074074074,
      0.9259259259259259,
      0.9259259259259259
    ]
  },
  "0.9": {
    "mean": 0.9277777777777777,
    "std": 0.003024061410843434,
    "values": [
      0.9277777777777778,
      0.9314814814814815,
      0.924074074074074
    ]
  },
  "1.0": {
    "mean": 0.924074074074074,
    "std": 0.005237828008789275,
    "values": [
      0.9166666666666666,
      0.9277777777777778,
      0.9277777777777778
    ]
  }
}