{
  "0.0": {
    "mean": 0.9796296296296297,
    "std": 1.1102230246251565e-16,
    "values": [
      0.9796296296296296,
      0.9796296296296296,
      0.9796296296296296
    ]
  },
  "0.1": {
    "mean": 0.9790123456790124,
    "std": 0.0017459426695964424,
    "values": [
      0.9777777777777777,
      0.9814814814814815,
      0.9777777777777777
    ]
  },
  "0.2": {
    "mean": 0.9685185185185187,
    "std": 0.0015120307054216943,
    "values": [
      0.9703703703703703,
      0.9666666666666667,
      0.9685185185185186
    ]
  },
  "0.3": {
    "mean": 0.9549382716049384,
    "std": 0.0008729713347982211,
    "values": [
      0.9537037037037037,
      0.9555555555555556,
      0.9555555555555556
    ]
  },
  "0.4": {
    "mean": 0.9450617283950619,
    "std": 0.0008729713347982211,
    "values": [
      0.9444444444444444,
      0.9462962962962963,
      0.9444444444444444
    ]
  },
  "0.5": {
    "mean": 0.9222222222222222,
    "std": 0.004536092116265174,
    "values": [
      0.9222222222222223,
      0.9166666666666666,
      0.9277777777777778
    ]
  },
  "0.6": {
    "mean": 0.9141975308641976,
    "std": 0.005724455861417143,
    "values": [
      0.9092592592592592,
      0.9111111111111111,
      0.9222222222222223
    ]
  },
  "0.7": {
    "mean": 0.9006172839506172,
    "std": 0.005724455861417092,
    "values": [
      0.9055555555555556,
      0.8925925925925926,
      0.9037037037037037
    ]
  },
  "0.8": {
    "mean": 0.8839506172839506,
    "std": 0.010067596561913663,
    "values": [
      0.8870370370370371,
      0.8944444444444445,
      0.8703703703703703
    ]
  },
  "0.9": {
    "mean": 0.8851851851851852,
    "std": 0.009442628728875531,
    "values": [
      0.8722222222222222,
      0.8888888888888888,
      0.8944444444444445
    ]
  },
  "1.0": {
    "mean": 0.8728395061728396,
    "std": 0.00486049868766164,
    "values": [
      0.8703703703703703,
      0.8796296296296297,
      0.8685185185185185
    ]
  }
}