{
  "0.0": {
    "mean": 0.9092592592592593,
    "std": 1.1102230246251565e-16,
    "values": [
      0.9092592592592592,
      0.9092592592592592,
      0.9092592592592592
    ]
  },
  "0.1": {
    "mean": 0.9203703703703704,
    "std": 0.0015120307054217396,
    "values": [
      0.9222222222222223,
      0.9185185185185185,
      0.9203703703703704
    ]
  },
  "0.2": {
    "mean": 0.8987654320987654,
    "std": 0.0023096650535641993,
    "values": [
      0.8962962962962963,
      0.8981481481481481,
      0.9018518518518519
    ]
  },
  "0.3": {
    "mean": 0.8728395061728396,
    "std": 0.0008729713347982212,
    "values": [
      0.8740740740740741,
      0.8722222222222222,
      0.8722222222222222
    ]
  },
  "0.4": {
    "mean": 0.8432098765432099,
    "std": 0.0008729713347982212,
    "values": [
      0.8444444444444444,
      0.8425925925925926,
      0.8425925925925926
    ]
  },
  "0.5": {
    "mean": 0.8061728395061728,
    "std": 0.00230966505356415,
    "values": [
      0.8037037037037037,
      0.8092592592592592,
      0.8055555555555556
    ]
  },
  "0.6": {
    "mean": 0.7716049382716049,
    "std": 0.00230966505356416,
    "values": [
      0.7722222222222223,
      0.7685185185185185,
      0.774074074074074
    ]
  },
  "0.7": {
    "mean": 0.7462962962962963,
    "std": 0.0040004572212394346,
    "values": [
      0.7407407407407407,
      0.7481481481481481,
      0.75
    ]
  },
  "0.8": {
    "mean": 0.7364197530864197,
    "std": 0.0023096650535641993,
    "values": [
      0.7333333333333333,
      0.737037037037037,
      0.7388888888888889
    ]
  },
  "0.9": {
    "mean": 0.7283950617283951,
    "std": 0.007458670354070742,
    "values": [
      0.7388888888888889,
      0.7222222222222222,
      0.7240740740740741
    ]
  },
  "1.0": {
    "mean": 0.7191358024691358,
    "std": 0.0068181240846834695,
    "values": [
      0.7111111111111111,
      0.7277777777777777,
      0.7185185185185186
    ]
  }
}