{
  "0.0": {
    "mean": 0.8796296296296297,
    "std": 0.0,
    "values": [
      0.8796296296296297,
      0.8796296296296297,
      0.8796296296296297
    ]
  },
  "0.1": {
    "mean": 0.8709876543209877,
    "std": 0.0017459426695964424,
    "values": [
      0.8685185185185185,
      0.8722222222222222,
      0.8722222222222222
    ]
  },
  "0.2": {
    "mean": 0.8240740740740741,
    "std": 0.006048122821686868,
    "values": [
      0.8166666666666667,
      0.8240740740740741,
      0.8314814814814815
    ]
  },
  "0.3": {
    "mean": 0.775925925925926,
    "std": 0.009197323719599587,
    "values": [
      0.7888888888888889,
      0.7703703703703704,
      0.7685185185185185
    ]
  },
  "0.4": {
    "mean": 0.7123456790123456,
    "std": 0.008859691416300827,
    "values": [
      0.7,
      0.7166666666666667,
      0.7203703703703703
    ]
  },
  "0.5": {
    "mean": 0.6296296296296297,
    "std": 0.01343922287473902,
    "values": [
      0.6111111111111112,
      0.6425925925925926,
      0.6351851851851852
    ]
  },
  "0.6": {
    "mean": 0.5722222222222223,
    "std": 0.01512030705421717,
    "values": [
      0.5907407407407408,
      0.5722222222222222,
      0.5537037037037037
    ]
  },
  "0.7": {
    "mean": 0.5499999999999999,
    "std": 0.006928995160692499,
    "values": [
      0.5407407407407407,
      0.5518518518518518,
      0.5574074074074075
    ]
  },
  "0.8": {
    "mean": 0.5179012345679013,
    "std": 0.00714557833505571,
    "values": [
      0.5111111111111111,
      0.5148148148148148,
      0.5277777777777778
    ]
  },
  "0.9": {
    "mean": 0.5074074074074074,
    "std": 0.010584214937952023,
    "values": [
      0.512962962962963,
      0.5166666666666667,
      0.4925925925925926
    ]
  },
  "1.0": {
    "mean": 0.508641975308642,
    "std": 0.00230966505356416,
    "values": [
      0.5111111111111111,
      0.5055555555555555,
      0.5092592592592593
    ]
  }
}