{
  "0.0": 0.987037037037037,
  "0.2": 0.9629629629629629,
  "0.4": 0.7925925925925926,
  "0.6": 0.5851851851851851,
  "0.8": 0.5166666666666667,
  "1.0": 0.4722222222222222
}