{
  "0.0": 0.9888888888888889,
  "0.2": 0.8925925925925926,
  "0.4": 0.7129629629629629,
  "0.6": 0.5444444444444444,
  "0.8": 0.5148148148148148,
  "1.0": 0.4740740740740741
}