{
  "0.0": 0.9907407407407407,
  "0.2": 0.8981481481481481,
  "0.4": 0.8796296296296297,
  "0.6": 0.725925925925926,
  "0.8": 0.6037037037037037,
  "1.0": 0.6259259259259259
}