{
  "0.0": 0.912962962962963,
  "0.2": 0.912962962962963,
  "0.4": 0.8796296296296297,
  "0.6": 0.7314814814814815,
  "0.8": 0.6481481481481481,
  "1.0": 0.6425925925925926
}