{
  "0": {
    "mean": 0.5811623246492986,
    "std": 0.0,
    "values": [
      0.5811623246492986,
      0.5811623246492986,
      0.5811623246492986
    ]
  },
  "1": {
    "mean": 0.5784903139612559,
    "std": 0.0014430507010482834,
    "values": [
      0.5798263193052772,
      0.5791583166332666,
      0.5764863059452238
    ]
  },
  "3": {
    "mean": 0.6268091739033622,
    "std": 0.00529742919321771,
    "values": [
      0.6212424849699398,
      0.625250501002004,
      0.633934535738143
    ]
  },
  "5": {
    "mean": 0.644622578490314,
    "std": 0.008071506996389168,
    "values": [
      0.6559786239144957,
      0.6379425517702071,
      0.6399465597862392
    ]
  },
  "10": {
    "mean": 0.6101091071030951,
    "std": 0.00794770353933408,
    "values": [
      0.6179024716098864,
      0.5991983967935872,
      0.6132264529058116
    ]
  },
  "17": {
    "mean": 0.5744822979291917,
    "std": 0.00713231680162413,
    "values": [
      0.5784903139612558,
      0.5804943219772879,
      0.5644622578490314
    ]
  },
  "25": {
    "mean": 0.5401914940993098,
    "std": 0.0041657285535225425,
    "values": [
      0.5357381429525718,
      0.5457581830327322,
      0.5390781563126252
    ]
  }
}