{
  "0": {
    "mean": 0.47741147741147744,
    "std": 0.0,
    "values": [
      0.47741147741147744,
      0.47741147741147744,
      0.47741147741147744
    ]
  },
  "1": {
    "mean": 0.42328042328042326,
    "std": 0.004029098468299402,
    "values": [
      0.4188034188034188,
      0.42857142857142855,
      0.42246642246642246
    ]
  },
  "3": {
    "mean": 0.3691493691493692,
    "std": 0.007482611441127483,
    "values": [
      0.3601953601953602,
      0.36874236874236876,
      0.3785103785103785
    ]
  },
  "5": {
    "mean": 0.3142043142043142,
    "std": 0.005490735678971123,
    "values": [
      0.32112332112332115,
      0.3076923076923077,
      0.3137973137973138
    ]
  },
  "10": {
    "mean": 0.25071225071225073,
    "std": 0.0067860529102698785,
    "values": [
      0.24786324786324787,
      0.2600732600732601,
      0.2442002442002442
    ]
  },
  "17": {
    "mean": 0.21245421245421248,
    "std": 0.0039877732890243,
    "values": [
      0.21733821733821734,
      0.20757020757020758,
      0.21245421245421245
    ]
  },
  "25": {
    "mean": 0.19210419210419208,
    "std": 0.00449546642946164,
    "values": [
      0.1916971916971917,
      0.18681318681318682,
      0.1978021978021978
    ]
  }
}