{
  "0": {
    "mean": 0.8891115564462257,
    "std": 0.0,
    "values": [
      0.8891115564462257,
      0.8891115564462257,
      0.8891115564462257
    ]
  },
  "1": {
    "mean": 0.8641727900244934,
    "std": 0.0008331457107045047,
    "values": [
      0.863059452237809,
      0.8650634602538411,
      0.8643954575818303
    ]
  },
  "3": {
    "mean": 0.8456913827655311,
    "std": 0.0033176718828214972,
    "values": [
      0.8430193720774883,
      0.8503674014696059,
      0.843687374749499
    ]
  },
  "5": {
    "mean": 0.8049432197728791,
    "std": 0.007337901159333814,
    "values": [
      0.8122912491649966,
      0.8076152304609219,
      0.7949231796927188
    ]
  },
  "10": {
    "mean": 0.7189935426408373,
    "std": 0.002459443557601262,
    "values": [
      0.7221108884435538,
      0.7187708750835003,
      0.7160988643954576
    ]
  },
  "17": {
    "mean": 0.6399465597862392,
    "std": 0.003317671882821527,
    "values": [
      0.6379425517702071,
      0.644622578490314,
      0.6372745490981964
    ]
  },
  "25": {
    "mean": 0.5678022712090849,
    "std": 0.0052598582992730925,
    "values": [
      0.5651302605210421,
      0.56312625250501,
      0.5751503006012024
    ]
  }
}