{
  "0.0": {
    "mean": 0.9888888888888889,
    "std": 0.0,
    "values": [
      0.9888888888888889,
      0.9888888888888889,
      0.9888888888888889
    ]
  },
  "0.2": {
    "mean": 0.9950617283950618,
    "std": 0.0008729713347982212,
    "values": [
      0.9944444444444445,
      0.9962962962962963,
      0.9944444444444445
    ]
  },
  "0.4": {
    "mean": 0.9839506172839506,
    "std": 0.00230966505356416,
    "values": [
      0.9814814814814815,
      0.987037037037037,
      0.9833333333333333
    ]
  },
  "0.6": {
    "mean": 0.9919753086419753,
    "std": 0.00486049868766164,
    "values": [
      0.9851851851851852,
      0.9962962962962963,
      0.9944444444444445
    ]
  },
  "0.8": {
    "mean": 0.9895061728395061,
    "std": 0.00230966505356415,
    "values": [
      0.987037037037037,
      0.9888888888888889,
      0.9925925925925926
    ]
  },
  "1.0": {
    "mean": 0.9827160493827161,
    "std": 0.0038051938289932097,
    "values": [
      0.9833333333333333,
      0.987037037037037,
      0.9777777777777777
    ]
  }
}