{
  "0.0": {
    "mean": 0.9962962962962963,
    "std": 0.0,
    "values": [
      0.9962962962962963,
      0.9962962962962963,
      0.9962962962962963
    ]
  },
  "0.2": {
    "mean": 0.9746913580246913,
    "std": 0.0008729713347982211,
    "values": [
      0.9740740740740741,
      0.975925925925926,
      0.9740740740740741
    ]
  },
  "0.4": {
    "mean": 0.9685185185185184,
    "std": 0.0040004572212394346,
    "values": [
      0.9740740740740741,
      0.9666666666666667,
      0.9648148148148148
    ]
  },
  "0.6": {
    "mean": 0.9888888888888889,
    "std": 0.0015120307054216943,
    "values": [
      0.9907407407407407,
      0.987037037037037,
      0.9888888888888889
    ]
  },
  "0.8": {
    "mean": 0.9364197530864198,
    "std": 0.0038051938289932097,
    "values": [
      0.9407407407407408,
      0.937037037037037,
      0.9314814814814815
    ]
  },
  "1.0": {
    "mean": 0.9709876543209877,
    "std": 0.00230966505356416,
    "values": [
      0.9740740740740741,
      0.9703703703703703,
      0.9685185185185186
    ]
  }
}