{
  "0.0": 0.9796296296296296,
  "0.2": 0.8666666666666667,
  "0.4": 0.8185185185185185,
  "0.6": 0.7222222222222222,
  "0.8": 0.6148148148148148,
  "1.0": 0.6148148148148148
}