{
  "0.0": 0.9462962962962963,
  "0.2": 0.8814814814814815,
  "0.4": 0.8333333333333334,
  "0.6": 0.7203703703703703,
  "0.8": 0.6259259259259259,
  "1.0": 0.6203703703703703
}