{
  "0.0": {
    "mean": 0.5811623246492986,
    "std": 0.0,
    "values": [
      0.5811623246492986,
      0.5811623246492986,
      0.5811623246492986
    ]
  },
  "0.2": {
    "mean": 0.5584502338009352,
    "std": 0.0016362656932419376,
    "values": [
      0.5564462257849031,
      0.5604542418169672,
      0.5584502338009352
    ]
  },
  "0.4": {
    "mean": 0.554887552883545,
    "std": 0.0022042963564043246,
    "values": [
      0.5577822311289246,
      0.554442217768871,
      0.552438209752839
    ]
  },
  "0.6": {
    "mean": 0.6158984635938544,
    "std": 0.003036780604984596,
    "values": [
      0.6152304609218436,
      0.612558450233801,
      0.6199064796259185
    ]
  },
  "0.8": {
    "mean": 0.6214651525272767,
    "std": 0.008473078419256503,
    "values": [
      0.6098864395457582,
      0.6245824983299934,
      0.6299265197060788
    ]
  },
  "1.0": {
    "mean": 0.6047650857270096,
    "std": 0.006202800390640863,
    "values": [
      0.6132264529058116,
      0.6025384101536406,
      0.5985303941215765
    ]
  }
}