{
  "0.0": {
    "mean": 0.9277777777777777,
    "std": 1.1102230246251565e-16,
    "values": [
      0.9277777777777778,
      0.9277777777777778,
      0.9277777777777778
    ]
  },
  "0.2": {
    "mean": 0.9141975308641975,
    "std": 0.004860498687661589,
    "values": [
      0.9074074074074074,
      0.9166666666666666,
      0.9185185185185185
    ]
  },
  "0.4": {
    "mean": 0.9549382716049383,
    "std": 0.00230966505356416,
    "values": [
      0.9518518518518518,
      0.9555555555555556,
      0.9574074074074074
    ]
  },
  "0.6": {
    "mean": 0.9604938271604939,
    "std": 0.0038051938289931676,
    "values": [
      0.9611111111111111,
      0.9648148148148148,
      0.9555555555555556
    ]
  },
  "0.8": {
    "mean": 0.9364197530864198,
    "std": 0.0031475429096251765,
    "values": [
      0.9333333333333333,
      0.9351851851851852,
      0.9407407407407408
    ]
  },
  "1.0": {
    "mean": 0.954320987654321,
    "std": 0.0008729713347982212,
    "values": [
      0.9537037037037037,
      0.9537037037037037,
      0.9555555555555556
    ]
  }
}