{
  "0.0": {
    "mean": 0.8796296296296297,
    "std": 0.0,
    "values": [
      0.8796296296296297,
      0.8796296296296297,
      0.8796296296296297
    ]
  },
  "0.2": {
    "mean": 1.0,
    "std": 0.0,
    "values": [
      1.0,
      1.0,
      1.0
    ]
  },
  "0.4": {
    "mean": 0.9691358024691358,
    "std": 0.004619330107128349,
    "values": [
      0.9740740740740741,
      0.9703703703703703,
      0.9629629629629629
    ]
  },
  "0.6": {
    "mean": 0.9660493827160493,
    "std": 0.0023096650535641993,
    "values": [
      0.9629629629629629,
      0.9666666666666667,
      0.9685185185185186
    ]
  },
  "0.8": {
    "mean": 0.9654320987654321,
    "std": 0.0023096650535641993,
    "values": [
      0.9629629629629629,
      0.9648148148148148,
      0.9685185185185186
    ]
  },
  "1.0": {
    "mean": 0.9512345679012345,
    "std": 0.0038051938289932097,
    "values": [
      0.9518518518518518,
      0.9555555555555556,
      0.9462962962962963
    ]
  }
}