{
  "0.0": {
    "mean": 0.937037037037037,
    "std": 0.0,
    "values": [
      0.937037037037037,
      0.937037037037037,
      0.937037037037037
    ]
  },
  "0.1": {
    "mean": 0.9197530864197532,
    "std": 0.004860498687661607,
    "values": [
      0.912962962962963,
      0.9222222222222223,
      0.924074074074074
    ]
  },
  "0.2": {
    "mean": 0.8635802469135802,
    "std": 0.00911408830878606,
    "values": [
      0.8518518518518519,
      0.8740740740740741,
      0.8648148148148148
    ]
  },
  "0.3": {
    "mean": 0.8135802469135802,
    "std": 0.006110799343587451,
    "values": [
      0.8148148148148148,
      0.8055555555555556,
      0.8203703703703704
    ]
  },
  "0.4": {
    "mean": 0.7395061728395061,
    "std": 0.006110799343587451,
    "values": [
      0.7407407407407407,
      0.7462962962962963,
      0.7314814814814815
    ]
  },
  "0.5": {
    "mean": 0.6876543209876543,
    "std": 0.007458670354070742,
    "values": [
      0.6833333333333333,
      0.6814814814814815,
      0.6981481481481482
    ]
  },
  "0.6": {
    "mean": 0.6475308641975309,
    "std": 0.006295085819250368,
    "values": [
      0.6537037037037037,
      0.65,
      0.6388888888888888
    ]
  },
  "0.7": {
    "mean": 0.608641975308642,
    "std": 0.008327615779772845,
    "values": [
      0.6018518518518519,
      0.6203703703703703,
      0.6037037037037037
    ]
  },
  "0.8": {
    "mean": 0.5808641975308642,
    "std": 0.006110799343587458,
    "values": [
      0.5888888888888889,
      0.5740740740740741,
      0.5796296296296296
    ]
  },
  "0.9": {
    "mean": 0.5814814814814815,
    "std": 0.0040004572212394,
    "values": [
      0.575925925925926,
      0.5851851851851851,
      0.5833333333333334
    ]
  },
  "1.0": {
    "mean": 0.5777777777777777,
    "std": 0.0075601535271085625,
    "values": [
      0.587037037037037,
      0.5685185185185185,
      0.5777777777777777
    ]
  }
}