{
  "0.0": {
    "mean": 0.9185185185185185,
    "std": 0.0,
    "values": [
      0.9185185185185185,
      0.9185185185185185,
      0.9185185185185185
    ]
  },
  "0.2": {
    "mean": 0.6981481481481482,
    "std": 0.008000914442478834,
    "values": [
      0.7092592592592593,
      0.6944444444444444,
      0.6907407407407408
    ]
  },
  "0.4": {
    "mean": 0.5993827160493826,
    "std": 0.004364856673991001,
    "values": [
      0.5962962962962963,
      0.6055555555555555,
      0.5962962962962963
    ]
  },
  "0.6": {
    "mean": 0.558641975308642,
    "std": 0.00714557833505571,
    "values": [
      0.5518518518518518,
      0.5555555555555556,
      0.5685185185185185
    ]
  },
  "0.8": {
    "mean": 0.5259259259259259,
    "std": 0.0015120307054217396,
    "values": [
      0.5277777777777778,
      0.524074074074074,
      0.5259259259259259
    ]
  },
  "1.0": {
    "mean": 0.5191358024691358,
    "std": 0.0071455783350556756,
    "values": [
      0.5092592592592593,
      0.5222222222222223,
      0.5259259259259259
    ]
  }
}