{
  "0.0": {
    "mean": 0.9796296296296297,
    "std": 1.1102230246251565e-16,
    "values": [
      0.9796296296296296,
      0.9796296296296296,
      0.9796296296296296
    ]
  },
  "0.2": {
    "mean": 0.7104938271604939,
    "std": 0.004619330107128309,
    "values": [
      0.7092592592592593,
      0.7166666666666667,
      0.7055555555555556
    ]
  },
  "0.4": {
    "mean": 0.7037037037037037,
    "std": 0.0026189140043946634,
    "values": [
      0.7,
      0.7055555555555556,
      0.7055555555555556
    ]
  },
  "0.6": {
    "mean": 0.725925925925926,
    "std": 0.0015120307054216943,
    "values": [
      0.725925925925926,
      0.7277777777777777,
      0.7240740740740741
    ]
  },
  "0.8": {
    "mean": 0.721604938271605,
    "std": 0.0068181240846835155,
    "values": [
      0.7296296296296296,
      0.7129629629629629,
      0.7222222222222222
    ]
  },
  "1.0": {
    "mean": 0.7049382716049383,
    "std": 0.0071455783350556756,
    "values": [
      0.7148148148148148,
      0.7018518518518518,
      0.6981481481481482
    ]
  }
}