{
  "0.0": {
    "mean": 0.9888888888888889,
    "std": 0.0,
    "values": [
      0.9888888888888889,
      0.9888888888888889,
      0.9888888888888889
    ]
  },
  "0.2": {
    "mean": 0.7185185185185187,
    "std": 0.006590789044463777,
    "values": [
      0.7222222222222222,
      0.7092592592592593,
      0.7240740740740741
    ]
  },
  "0.4": {
    "mean": 0.6475308641975309,
    "std": 0.0034918853391928324,
    "values": [
      0.65,
      0.65,
      0.6425925925925926
    ]
  },
  "0.6": {
    "mean": 0.6524691358024691,
    "std": 0.00174594266959639,
    "values": [
      0.6537037037037037,
      0.65,
      0.6537037037037037
    ]
  },
  "0.8": {
    "mean": 0.674074074074074,
    "std": 0.012001371663718252,
    "values": [
      0.6796296296296296,
      0.6851851851851852,
      0.6574074074074074
    ]
  },
  "1.0": {
    "mean": 0.6913580246913581,
    "std": 0.011348627352376694,
    "values": [
      0.6907407407407408,
      0.7055555555555556,
      0.6777777777777778
    ]
  }
}