{
  "0.0": {
    "mean": 0.9740740740740742,
    "std": 1.1102230246251565e-16,
    "values": [
      0.9740740740740741,
      0.9740740740740741,
      0.9740740740740741
    ]
  },
  "0.2": {
    "mean": 0.9185185185185185,
    "std": 0.0015120307054217396,
    "values": [
      0.9185185185185185,
      0.9166666666666666,
      0.9203703703703704
    ]
  },
  "0.4": {
    "mean": 0.8061728395061728,
    "std": 0.00486049868766164,
    "values": [
      0.8018518518518518,
      0.812962962962963,
      0.8037037037037037
    ]
  },
  "0.6": {
    "mean": 0.6790123456790124,
    "std": 0.004364856673991053,
    "values": [
      0.6851851851851852,
      0.6759259259259259,
      0.6759259259259259
    ]
  },
  "0.8": {
    "mean": 0.6030864197530864,
    "std": 0.004619330107128349,
    "values": [
      0.6092592592592593,
      0.5981481481481481,
      0.6018518518518519
    ]
  },
  "1.0": {
    "mean": 0.5814814814814814,
    "std": 0.003024061410843434,
    "values": [
      0.5814814814814815,
      0.5851851851851851,
      0.5777777777777777
    ]
  }
}