{
  "0.0": {
    "mean": 0.9462962962962963,
    "std": 0.0,
    "values": [
      0.9462962962962963,
      0.9462962962962963,
      0.9462962962962963
    ]
  },
  "0.1": {
    "mean": 0.924074074074074,
    "std": 0.004536092116265129,
    "values": [
      0.9185185185185185,
      0.924074074074074,
      0.9296296296296296
    ]
  },
  "0.2": {
    "mean": 0.9216049382716051,
    "std": 0.00230966505356416,
    "values": [
      0.924074074074074,
      0.9222222222222223,
      0.9185185185185185
    ]
  },
  "0.3": {
    "mean": 0.9160493827160493,
    "std": 0.00230966505356415,
    "values": [
      0.912962962962963,
      0.9185185185185185,
      0.9166666666666666
    ]
  },
  "0.4": {
    "mean": 0.9,
    "std": 0.005451704238473981,
    "values": [
      0.9055555555555556,
      0.8925925925925926,
      0.9018518518518519
    ]
  },
  "0.5": {
    "mean": 0.8925925925925927,
    "std": 0.0040004572212394,
    "values": [
      0.8870370370370371,
      0.8944444444444445,
      0.8962962962962963
    ]
  },
  "0.6": {
    "mean": 0.887037037037037,
    "std": 0.0015120307054216943,
    "values": [
      0.8870370370370371,
      0.8888888888888888,
      0.8851851851851852
    ]
  },
  "0.7": {
    "mean": 0.8771604938271605,
    "std": 0.0034918853391928324,
    "values": [
      0.8722222222222222,
      0.8796296296296297,
      0.8796296296296297
    ]
  },
  "0.8": {
    "mean": 0.8734567901234568,
    "std": 0.006295085819250353,
    "values": [
      0.8759259259259259,
      0.8648148148148148,
      0.8796296296296297
    ]
  },
  "0.9": {
    "mean": 0.880246913580247,
    "std": 0.0053100773253349515,
    "values": [
      0.8740740740740741,
      0.8870370370370371,
      0.8796296296296297
    ]
  },
  "1.0": {
    "mean": 0.8679012345679012,
    "std": 0.004860498687661589,
    "values": [
      0.8703703703703703,
      0.8611111111111112,
      0.8722222222222222
    ]
  }
}