{
  "0.0": {
    "mean": 0.9592592592592593,
    "std": 0.0,
    "values": [
      0.9592592592592593,
      0.9592592592592593,
      0.9592592592592593
    ]
  },
  "0.2": {
    "mean": 0.8685185185185184,
    "std": 0.0015120307054216943,
    "values": [
      0.8703703703703703,
      0.8666666666666667,
      0.8685185185185185
    ]
  },
  "0.4": {
    "mean": 0.7530864197530865,
    "std": 0.004364856673991053,
    "values": [
      0.75,
      0.75,
      0.7592592592592593
    ]
  },
  "0.6": {
    "mean": 0.658641975308642,
    "std": 0.004860498687661588,
    "values": [
      0.662962962962963,
      0.6518518518518519,
      0.6611111111111111
    ]
  },
  "0.8": {
    "mean": 0.612962962962963,
    "std": 0.003024061410843434,
    "values": [
      0.6129629629629629,
      0.6092592592592593,
      0.6166666666666667
    ]
  },
  "1.0": {
    "mean": 0.5993827160493826,
    "std": 0.00230966505356415,
    "values": [
      0.6,
      0.5962962962962963,
      0.6018518518518519
    ]
  }
}