{
  "epoch": [
    0.0,
    1.0,
    2.0,
    3.0,
    4.0,
    5.0,
    6.0,
    7.0,
    8.0,
    9.0
  ],
  "train_loss": [
    0.6329327856793123,
    0.6042873070520514,
    0.5715323020430172,
    0.5273486928028219,
    0.46636010355809154,
    0.40926333473009224,
    0.3694465134073706,
    0.3517987219726338,
    0.30955879258758884,
    0.29748034082791386
  ],
  "val_loss": [
    0.619316299756368,
    0.5900265508227878,
    0.5550458232561747,
    0.50443963209788,
    0.4472246865431468,
    0.3978353639443715,
    0.38492042488522,
    0.3368043038580153,
    0.2950361553165648,
    0.35986583762698704
  ],
  "tau": [
    147.0,
    147.0,
    147.0,
    147.0,
    147.0,
    147.0,
    147.0,
    147.0,
    147.0,
    147.0
  ],
  "tau_history": [
    147.0,
    147.0,
    147.0,
    147.0,
    147.0,
    147.0,
    147.0,
    147.0,
    147.0,
    147.0
  ]
}