{
  "0.0": {
    "mean": 0.937037037037037,
    "std": 0.0,
    "values": [
      0.937037037037037,
      0.937037037037037,
      0.937037037037037
    ]
  },
  "0.2": {
    "mean": 0.9604938271604938,
    "std": 0.00174594266959639,
    "values": [
      0.9629629629629629,
      0.9592592592592593,
      0.9592592592592593
    ]
  },
  "0.4": {
    "mean": 0.9635802469135801,
    "std": 0.0008729713347982211,
    "values": [
      0.9629629629629629,
      0.9648148148148148,
      0.9629629629629629
    ]
  },
  "0.6": {
    "mean": 0.9228395061728395,
    "std": 0.005310077325334947,
    "values": [
      0.9222222222222223,
      0.9166666666666666,
      0.9296296296296296
    ]
  },
  "0.8": {
    "mean": 0.9425925925925926,
    "std": 0.0040004572212394346,
    "values": [
      0.9407407407407408,
      0.9388888888888889,
      0.9481481481481482
    ]
  },
  "1.0": {
    "mean": 0.9500000000000001,
    "std": 0.005237828008789275,
    "values": [
      0.9537037037037037,
      0.9537037037037037,
      0.9425925925925925
    ]
  }
}