{
  "0.0": {
    "mean": 0.9462962962962963,
    "std": 0.0,
    "values": [
      0.9462962962962963,
      0.9462962962962963,
      0.9462962962962963
    ]
  },
  "0.2": {
    "mean": 0.945679012345679,
    "std": 0.0031475429096251765,
    "values": [
      0.95,
      0.9444444444444444,
      0.9425925925925925
    ]
  },
  "0.4": {
    "mean": 0.9617283950617285,
    "std": 0.00230966505356415,
    "values": [
      0.9648148148148148,
      0.9611111111111111,
      0.9592592592592593
    ]
  },
  "0.6": {
    "mean": 0.945679012345679,
    "std": 0.0008729713347982212,
    "values": [
      0.9462962962962963,
      0.9444444444444444,
      0.9462962962962963
    ]
  },
  "0.8": {
    "mean": 0.9617283950617285,
    "std": 0.00174594266959639,
    "values": [
      0.9629629629629629,
      0.9629629629629629,
      0.9592592592592593
    ]
  },
  "1.0": {
    "mean": 0.9617283950617285,
    "std": 0.0031475429096251765,
    "values": [
      0.9629629629629629,
      0.9574074074074074,
      0.9648148148148148
    ]
  }
}