{
  "0.0": {
    "mean": 0.9722222222222222,
    "std": 0.0,
    "values": [
      0.9722222222222222,
      0.9722222222222222,
      0.9722222222222222
    ]
  },
  "0.2": {
    "mean": 0.9574074074074074,
    "std": 0.0015120307054216943,
    "values": [
      0.9592592592592593,
      0.9555555555555556,
      0.9574074074074074
    ]
  },
  "0.4": {
    "mean": 0.9580246913580247,
    "std": 0.00230966505356416,
    "values": [
      0.9574074074074074,
      0.9555555555555556,
      0.9611111111111111
    ]
  },
  "0.6": {
    "mean": 0.9592592592592593,
    "std": 0.0015120307054217396,
    "values": [
      0.9611111111111111,
      0.9592592592592593,
      0.9574074074074074
    ]
  },
  "0.8": {
    "mean": 0.9462962962962963,
    "std": 0.0,
    "values": [
      0.9462962962962963,
      0.9462962962962963,
      0.9462962962962963
    ]
  },
  "1.0": {
    "mean": 0.9555555555555556,
    "std": 0.0015120307054216943,
    "values": [
      0.9555555555555556,
      0.9537037037037037,
      0.9574074074074074
    ]
  }
}