D:\IC_2025\IRP\workspace\venv\Lib\site-packages\torch\nn\utils\weight_norm.py:143: FutureWarning: `torch.nn.utils.weight_norm` is deprecated in favor of `torch.nn.utils.parametrizations.weight_norm`.
  WeightNorm.apply(module, name, dim)
D:\IC_2025\IRP\workspace\venv\Lib\site-packages\sklearn\linear_model\_logistic.py:1457: FutureWarning: 'n_jobs' has no effect since 1.8 and will be removed in 1.10. You provided 'n_jobs=-1', please leave it unspecified.
  warnings.warn(msg, category=FutureWarning)
D:\IC_2025\IRP\workspace\venv\Lib\site-packages\sklearn\linear_model\_logistic.py:1457: FutureWarning: 'n_jobs' has no effect since 1.8 and will be removed in 1.10. You provided 'n_jobs=-1', please leave it unspecified.
  warnings.warn(msg, category=FutureWarning)
D:\IC_2025\IRP\workspace\venv\Lib\site-packages\sklearn\linear_model\_logistic.py:1457: FutureWarning: 'n_jobs' has no effect since 1.8 and will be removed in 1.10. You provided 'n_jobs=-1', please leave it unspecified.
  warnings.warn(msg, category=FutureWarning)
D:\IC_2025\IRP\workspace\venv\Lib\site-packages\sklearn\linear_model\_logistic.py:1457: FutureWarning: 'n_jobs' has no effect since 1.8 and will be removed in 1.10. You provided 'n_jobs=-1', please leave it unspecified.
  warnings.warn(msg, category=FutureWarning)
D:\IC_2025\IRP\workspace\venv\Lib\site-packages\sklearn\linear_model\_logistic.py:1457: FutureWarning: 'n_jobs' has no effect since 1.8 and will be removed in 1.10. You provided 'n_jobs=-1', please leave it unspecified.
  warnings.warn(msg, category=FutureWarning)
D:\IC_2025\IRP\workspace\venv\Lib\site-packages\sklearn\linear_model\_logistic.py:1457: FutureWarning: 'n_jobs' has no effect since 1.8 and will be removed in 1.10. You provided 'n_jobs=-1', please leave it unspecified.
  warnings.warn(msg, category=FutureWarning)
D:\IC_2025\IRP\workspace\venv\Lib\site-packages\sklearn\linear_model\_logistic.py:1457: FutureWarning: 'n_jobs' has no effect since 1.8 and will be removed in 1.10. You provided 'n_jobs=-1', please leave it unspecified.
  warnings.warn(msg, category=FutureWarning)
D:\IC_2025\IRP\workspace\venv\Lib\site-packages\sklearn\linear_model\_logistic.py:1457: FutureWarning: 'n_jobs' has no effect since 1.8 and will be removed in 1.10. You provided 'n_jobs=-1', please leave it unspecified.
  warnings.warn(msg, category=FutureWarning)
D:\IC_2025\IRP\workspace\venv\Lib\site-packages\sklearn\linear_model\_logistic.py:1457: FutureWarning: 'n_jobs' has no effect since 1.8 and will be removed in 1.10. You provided 'n_jobs=-1', please leave it unspecified.
  warnings.warn(msg, category=FutureWarning)
D:\IC_2025\IRP\workspace\venv\Lib\site-packages\sklearn\linear_model\_logistic.py:1457: FutureWarning: 'n_jobs' has no effect since 1.8 and will be removed in 1.10. You provided 'n_jobs=-1', please leave it unspecified.
  warnings.warn(msg, category=FutureWarning)
D:\IC_2025\IRP\workspace\venv\Lib\site-packages\sklearn\linear_model\_logistic.py:1457: FutureWarning: 'n_jobs' has no effect since 1.8 and will be removed in 1.10. You provided 'n_jobs=-1', please leave it unspecified.
  warnings.warn(msg, category=FutureWarning)
D:\IC_2025\IRP\workspace\venv\Lib\site-packages\sklearn\linear_model\_logistic.py:1457: FutureWarning: 'n_jobs' has no effect since 1.8 and will be removed in 1.10. You provided 'n_jobs=-1', please leave it unspecified.
  warnings.warn(msg, category=FutureWarning)
Using device: cuda | QUICK_TEST=False

=== delay: 24 checkpoints ===
run_tag                                       sp/neu  sp/act  silent   COUNT   IDENT    FULL    SHUF  TIMING   frac
sparse_whole_delay_v3_k1_floor0_seed42          1.10    3.25  66.27%   0.697   0.558   0.803   0.631  +0.172   0.23
D:\IC_2025\IRP\workspace\venv\Lib\site-packages\torch\nn\utils\weight_norm.py:143: FutureWarning: `torch.nn.utils.weight_norm` is deprecated in favor of `torch.nn.utils.parametrizations.weight_norm`.
  WeightNorm.apply(module, name, dim)
D:\IC_2025\IRP\workspace\venv\Lib\site-packages\sklearn\linear_model\_logistic.py:1457: FutureWarning: 'n_jobs' has no effect since 1.8 and will be removed in 1.10. You provided 'n_jobs=-1', please leave it unspecified.
  warnings.warn(msg, category=FutureWarning)
D:\IC_2025\IRP\workspace\venv\Lib\site-packages\sklearn\linear_model\_logistic.py:1457: FutureWarning: 'n_jobs' has no effect since 1.8 and will be removed in 1.10. You provided 'n_jobs=-1', please leave it unspecified.
  warnings.warn(msg, category=FutureWarning)
D:\IC_2025\IRP\workspace\venv\Lib\site-packages\sklearn\linear_model\_logistic.py:1457: FutureWarning: 'n_jobs' has no effect since 1.8 and will be removed in 1.10. You provided 'n_jobs=-1', please leave it unspecified.
  warnings.warn(msg, category=FutureWarning)
D:\IC_2025\IRP\workspace\venv\Lib\site-packages\sklearn\linear_model\_logistic.py:1457: FutureWarning: 'n_jobs' has no effect since 1.8 and will be removed in 1.10. You provided 'n_jobs=-1', please leave it unspecified.
  warnings.warn(msg, category=FutureWarning)
D:\IC_2025\IRP\workspace\venv\Lib\site-packages\sklearn\linear_model\_logistic.py:1457: FutureWarning: 'n_jobs' has no effect since 1.8 and will be removed in 1.10. You provided 'n_jobs=-1', please leave it unspecified.
  warnings.warn(msg, category=FutureWarning)
D:\IC_2025\IRP\workspace\venv\Lib\site-packages\sklearn\linear_model\_logistic.py:1457: FutureWarning: 'n_jobs' has no effect since 1.8 and will be removed in 1.10. You provided 'n_jobs=-1', please leave it unspecified.
  warnings.warn(msg, category=FutureWarning)
D:\IC_2025\IRP\workspace\venv\Lib\site-packages\sklearn\linear_model\_logistic.py:1457: FutureWarning: 'n_jobs' has no effect since 1.8 and will be removed in 1.10. You provided 'n_jobs=-1', please leave it unspecified.
  warnings.warn(msg, category=FutureWarning)
D:\IC_2025\IRP\workspace\venv\Lib\site-packages\sklearn\linear_model\_logistic.py:1457: FutureWarning: 'n_jobs' has no effect since 1.8 and will be removed in 1.10. You provided 'n_jobs=-1', please leave it unspecified.
  warnings.warn(msg, category=FutureWarning)
D:\IC_2025\IRP\workspace\venv\Lib\site-packages\sklearn\linear_model\_logistic.py:1457: FutureWarning: 'n_jobs' has no effect since 1.8 and will be removed in 1.10. You provided 'n_jobs=-1', please leave it unspecified.
  warnings.warn(msg, category=FutureWarning)
D:\IC_2025\IRP\workspace\venv\Lib\site-packages\sklearn\linear_model\_logistic.py:1457: FutureWarning: 'n_jobs' has no effect since 1.8 and will be removed in 1.10. You provided 'n_jobs=-1', please leave it unspecified.
  warnings.warn(msg, category=FutureWarning)
D:\IC_2025\IRP\workspace\venv\Lib\site-packages\sklearn\linear_model\_logistic.py:1457: FutureWarning: 'n_jobs' has no effect since 1.8 and will be removed in 1.10. You provided 'n_jobs=-1', please leave it unspecified.
  warnings.warn(msg, category=FutureWarning)
D:\IC_2025\IRP\workspace\venv\Lib\site-packages\sklearn\linear_model\_logistic.py:1457: FutureWarning: 'n_jobs' has no effect since 1.8 and will be removed in 1.10. You provided 'n_jobs=-1', please leave it unspecified.
  warnings.warn(msg, category=FutureWarning)
sparse_whole_delay_v3_k1_floor0_seed43          1.38    3.79  63.73%   0.698   0.584   0.822   0.652  +0.170   0.22
D:\IC_2025\IRP\workspace\venv\Lib\site-packages\torch\nn\utils\weight_norm.py:143: FutureWarning: `torch.nn.utils.weight_norm` is deprecated in favor of `torch.nn.utils.parametrizations.weight_norm`.
  WeightNorm.apply(module, name, dim)
D:\IC_2025\IRP\workspace\venv\Lib\site-packages\sklearn\linear_model\_logistic.py:1457: FutureWarning: 'n_jobs' has no effect since 1.8 and will be removed in 1.10. You provided 'n_jobs=-1', please leave it unspecified.
  warnings.warn(msg, category=FutureWarning)
D:\IC_2025\IRP\workspace\venv\Lib\site-packages\sklearn\linear_model\_logistic.py:1457: FutureWarning: 'n_jobs' has no effect since 1.8 and will be removed in 1.10. You provided 'n_jobs=-1', please leave it unspecified.
  warnings.warn(msg, category=FutureWarning)
D:\IC_2025\IRP\workspace\venv\Lib\site-packages\sklearn\linear_model\_logistic.py:1457: FutureWarning: 'n_jobs' has no effect since 1.8 and will be removed in 1.10. You provided 'n_jobs=-1', please leave it unspecified.
  warnings.warn(msg, category=FutureWarning)
D:\IC_2025\IRP\workspace\venv\Lib\site-packages\sklearn\linear_model\_logistic.py:1457: FutureWarning: 'n_jobs' has no effect since 1.8 and will be removed in 1.10. You provided 'n_jobs=-1', please leave it unspecified.
  warnings.warn(msg, category=FutureWarning)
D:\IC_2025\IRP\workspace\venv\Lib\site-packages\sklearn\linear_model\_logistic.py:1457: FutureWarning: 'n_jobs' has no effect since 1.8 and will be removed in 1.10. You provided 'n_jobs=-1', please leave it unspecified.
  warnings.warn(msg, category=FutureWarning)
D:\IC_2025\IRP\workspace\venv\Lib\site-packages\sklearn\linear_model\_logistic.py:1457: FutureWarning: 'n_jobs' has no effect since 1.8 and will be removed in 1.10. You provided 'n_jobs=-1', please leave it unspecified.
  warnings.warn(msg, category=FutureWarning)
D:\IC_2025\IRP\workspace\venv\Lib\site-packages\sklearn\linear_model\_logistic.py:1457: FutureWarning: 'n_jobs' has no effect since 1.8 and will be removed in 1.10. You provided 'n_jobs=-1', please leave it unspecified.
  warnings.warn(msg, category=FutureWarning)
D:\IC_2025\IRP\workspace\venv\Lib\site-packages\sklearn\linear_model\_logistic.py:1457: FutureWarning: 'n_jobs' has no effect since 1.8 and will be removed in 1.10. You provided 'n_jobs=-1', please leave it unspecified.
  warnings.warn(msg, category=FutureWarning)
D:\IC_2025\IRP\workspace\venv\Lib\site-packages\sklearn\linear_model\_logistic.py:1457: FutureWarning: 'n_jobs' has no effect since 1.8 and will be removed in 1.10. You provided 'n_jobs=-1', please leave it unspecified.
  warnings.warn(msg, category=FutureWarning)
D:\IC_2025\IRP\workspace\venv\Lib\site-packages\sklearn\linear_model\_logistic.py:1457: FutureWarning: 'n_jobs' has no effect since 1.8 and will be removed in 1.10. You provided 'n_jobs=-1', please leave it unspecified.
  warnings.warn(msg, category=FutureWarning)
D:\IC_2025\IRP\workspace\venv\Lib\site-packages\sklearn\linear_model\_logistic.py:1457: FutureWarning: 'n_jobs' has no effect since 1.8 and will be removed in 1.10. You provided 'n_jobs=-1', please leave it unspecified.
  warnings.warn(msg, category=FutureWarning)
D:\IC_2025\IRP\workspace\venv\Lib\site-packages\sklearn\linear_model\_logistic.py:1457: FutureWarning: 'n_jobs' has no effect since 1.8 and will be removed in 1.10. You provided 'n_jobs=-1', please leave it unspecified.
  warnings.warn(msg, category=FutureWarning)
sparse_whole_delay_v3_k1_floor0_seed44          1.14    3.05  62.81%   0.742   0.616   0.826   0.695  +0.130   0.17
D:\IC_2025\IRP\workspace\venv\Lib\site-packages\torch\nn\utils\weight_norm.py:143: FutureWarning: `torch.nn.utils.weight_norm` is deprecated in favor of `torch.nn.utils.parametrizations.weight_norm`.
  WeightNorm.apply(module, name, dim)
D:\IC_2025\IRP\workspace\venv\Lib\site-packages\sklearn\linear_model\_logistic.py:1457: FutureWarning: 'n_jobs' has no effect since 1.8 and will be removed in 1.10. You provided 'n_jobs=-1', please leave it unspecified.
  warnings.warn(msg, category=FutureWarning)
D:\IC_2025\IRP\workspace\venv\Lib\site-packages\sklearn\linear_model\_logistic.py:1457: FutureWarning: 'n_jobs' has no effect since 1.8 and will be removed in 1.10. You provided 'n_jobs=-1', please leave it unspecified.
  warnings.warn(msg, category=FutureWarning)
D:\IC_2025\IRP\workspace\venv\Lib\site-packages\sklearn\linear_model\_logistic.py:1457: FutureWarning: 'n_jobs' has no effect since 1.8 and will be removed in 1.10. You provided 'n_jobs=-1', please leave it unspecified.
  warnings.warn(msg, category=FutureWarning)
D:\IC_2025\IRP\workspace\venv\Lib\site-packages\sklearn\linear_model\_logistic.py:1457: FutureWarning: 'n_jobs' has no effect since 1.8 and will be removed in 1.10. You provided 'n_jobs=-1', please leave it unspecified.
  warnings.warn(msg, category=FutureWarning)
D:\IC_2025\IRP\workspace\venv\Lib\site-packages\sklearn\linear_model\_logistic.py:1457: FutureWarning: 'n_jobs' has no effect since 1.8 and will be removed in 1.10. You provided 'n_jobs=-1', please leave it unspecified.
  warnings.warn(msg, category=FutureWarning)
D:\IC_2025\IRP\workspace\venv\Lib\site-packages\sklearn\linear_model\_logistic.py:1457: FutureWarning: 'n_jobs' has no effect since 1.8 and will be removed in 1.10. You provided 'n_jobs=-1', please leave it unspecified.
  warnings.warn(msg, category=FutureWarning)
D:\IC_2025\IRP\workspace\venv\Lib\site-packages\sklearn\linear_model\_logistic.py:1457: FutureWarning: 'n_jobs' has no effect since 1.8 and will be removed in 1.10. You provided 'n_jobs=-1', please leave it unspecified.
  warnings.warn(msg, category=FutureWarning)
D:\IC_2025\IRP\workspace\venv\Lib\site-packages\sklearn\linear_model\_logistic.py:1457: FutureWarning: 'n_jobs' has no effect since 1.8 and will be removed in 1.10. You provided 'n_jobs=-1', please leave it unspecified.
  warnings.warn(msg, category=FutureWarning)
D:\IC_2025\IRP\workspace\venv\Lib\site-packages\sklearn\linear_model\_logistic.py:1457: FutureWarning: 'n_jobs' has no effect since 1.8 and will be removed in 1.10. You provided 'n_jobs=-1', please leave it unspecified.
  warnings.warn(msg, category=FutureWarning)
D:\IC_2025\IRP\workspace\venv\Lib\site-packages\sklearn\linear_model\_logistic.py:1457: FutureWarning: 'n_jobs' has no effect since 1.8 and will be removed in 1.10. You provided 'n_jobs=-1', please leave it unspecified.
  warnings.warn(msg, category=FutureWarning)
D:\IC_2025\IRP\workspace\venv\Lib\site-packages\sklearn\linear_model\_logistic.py:1457: FutureWarning: 'n_jobs' has no effect since 1.8 and will be removed in 1.10. You provided 'n_jobs=-1', please leave it unspecified.
  warnings.warn(msg, category=FutureWarning)
D:\IC_2025\IRP\workspace\venv\Lib\site-packages\sklearn\linear_model\_logistic.py:1457: FutureWarning: 'n_jobs' has no effect since 1.8 and will be removed in 1.10. You provided 'n_jobs=-1', please leave it unspecified.
  warnings.warn(msg, category=FutureWarning)
sparse_whole_delay_v3_k1_floor1_seed42          1.88    2.43  22.57%   0.701   0.476   0.814   0.629  +0.185   0.24
D:\IC_2025\IRP\workspace\venv\Lib\site-packages\torch\nn\utils\weight_norm.py:143: FutureWarning: `torch.nn.utils.weight_norm` is deprecated in favor of `torch.nn.utils.parametrizations.weight_norm`.
  WeightNorm.apply(module, name, dim)
D:\IC_2025\IRP\workspace\venv\Lib\site-packages\sklearn\linear_model\_logistic.py:1457: FutureWarning: 'n_jobs' has no effect since 1.8 and will be removed in 1.10. You provided 'n_jobs=-1', please leave it unspecified.
  warnings.warn(msg, category=FutureWarning)
D:\IC_2025\IRP\workspace\venv\Lib\site-packages\sklearn\linear_model\_logistic.py:1457: FutureWarning: 'n_jobs' has no effect since 1.8 and will be removed in 1.10. You provided 'n_jobs=-1', please leave it unspecified.
  warnings.warn(msg, category=FutureWarning)
D:\IC_2025\IRP\workspace\venv\Lib\site-packages\sklearn\linear_model\_logistic.py:1457: FutureWarning: 'n_jobs' has no effect since 1.8 and will be removed in 1.10. You provided 'n_jobs=-1', please leave it unspecified.
  warnings.warn(msg, category=FutureWarning)
D:\IC_2025\IRP\workspace\venv\Lib\site-packages\sklearn\linear_model\_logistic.py:1457: FutureWarning: 'n_jobs' has no effect since 1.8 and will be removed in 1.10. You provided 'n_jobs=-1', please leave it unspecified.
  warnings.warn(msg, category=FutureWarning)
D:\IC_2025\IRP\workspace\venv\Lib\site-packages\sklearn\linear_model\_logistic.py:1457: FutureWarning: 'n_jobs' has no effect since 1.8 and will be removed in 1.10. You provided 'n_jobs=-1', please leave it unspecified.
  warnings.warn(msg, category=FutureWarning)
D:\IC_2025\IRP\workspace\venv\Lib\site-packages\sklearn\linear_model\_logistic.py:1457: FutureWarning: 'n_jobs' has no effect since 1.8 and will be removed in 1.10. You provided 'n_jobs=-1', please leave it unspecified.
  warnings.warn(msg, category=FutureWarning)
D:\IC_2025\IRP\workspace\venv\Lib\site-packages\sklearn\linear_model\_logistic.py:1457: FutureWarning: 'n_jobs' has no effect since 1.8 and will be removed in 1.10. You provided 'n_jobs=-1', please leave it unspecified.
  warnings.warn(msg, category=FutureWarning)
D:\IC_2025\IRP\workspace\venv\Lib\site-packages\sklearn\linear_model\_logistic.py:1457: FutureWarning: 'n_jobs' has no effect since 1.8 and will be removed in 1.10. You provided 'n_jobs=-1', please leave it unspecified.
  warnings.warn(msg, category=FutureWarning)
D:\IC_2025\IRP\workspace\venv\Lib\site-packages\sklearn\linear_model\_logistic.py:1457: FutureWarning: 'n_jobs' has no effect since 1.8 and will be removed in 1.10. You provided 'n_jobs=-1', please leave it unspecified.
  warnings.warn(msg, category=FutureWarning)
D:\IC_2025\IRP\workspace\venv\Lib\site-packages\sklearn\linear_model\_logistic.py:1457: FutureWarning: 'n_jobs' has no effect since 1.8 and will be removed in 1.10. You provided 'n_jobs=-1', please leave it unspecified.
  warnings.warn(msg, category=FutureWarning)
D:\IC_2025\IRP\workspace\venv\Lib\site-packages\sklearn\linear_model\_logistic.py:1457: FutureWarning: 'n_jobs' has no effect since 1.8 and will be removed in 1.10. You provided 'n_jobs=-1', please leave it unspecified.
  warnings.warn(msg, category=FutureWarning)
D:\IC_2025\IRP\workspace\venv\Lib\site-packages\sklearn\linear_model\_logistic.py:1457: FutureWarning: 'n_jobs' has no effect since 1.8 and will be removed in 1.10. You provided 'n_jobs=-1', please leave it unspecified.
  warnings.warn(msg, category=FutureWarning)
sparse_whole_delay_v3_k1_floor1_seed43          4.25    5.29  19.56%   0.779   0.537   0.862   0.675  +0.186   0.23
D:\IC_2025\IRP\workspace\venv\Lib\site-packages\torch\nn\utils\weight_norm.py:143: FutureWarning: `torch.nn.utils.weight_norm` is deprecated in favor of `torch.nn.utils.parametrizations.weight_norm`.
  WeightNorm.apply(module, name, dim)
D:\IC_2025\IRP\workspace\venv\Lib\site-packages\sklearn\linear_model\_logistic.py:1457: FutureWarning: 'n_jobs' has no effect since 1.8 and will be removed in 1.10. You provided 'n_jobs=-1', please leave it unspecified.
  warnings.warn(msg, category=FutureWarning)
D:\IC_2025\IRP\workspace\venv\Lib\site-packages\sklearn\linear_model\_logistic.py:1457: FutureWarning: 'n_jobs' has no effect since 1.8 and will be removed in 1.10. You provided 'n_jobs=-1', please leave it unspecified.
  warnings.warn(msg, category=FutureWarning)
D:\IC_2025\IRP\workspace\venv\Lib\site-packages\sklearn\linear_model\_logistic.py:1457: FutureWarning: 'n_jobs' has no effect since 1.8 and will be removed in 1.10. You provided 'n_jobs=-1', please leave it unspecified.
  warnings.warn(msg, category=FutureWarning)
D:\IC_2025\IRP\workspace\venv\Lib\site-packages\sklearn\linear_model\_logistic.py:1457: FutureWarning: 'n_jobs' has no effect since 1.8 and will be removed in 1.10. You provided 'n_jobs=-1', please leave it unspecified.
  warnings.warn(msg, category=FutureWarning)
D:\IC_2025\IRP\workspace\venv\Lib\site-packages\sklearn\linear_model\_logistic.py:1457: FutureWarning: 'n_jobs' has no effect since 1.8 and will be removed in 1.10. You provided 'n_jobs=-1', please leave it unspecified.
  warnings.warn(msg, category=FutureWarning)
D:\IC_2025\IRP\workspace\venv\Lib\site-packages\sklearn\linear_model\_logistic.py:1457: FutureWarning: 'n_jobs' has no effect since 1.8 and will be removed in 1.10. You provided 'n_jobs=-1', please leave it unspecified.
  warnings.warn(msg, category=FutureWarning)
D:\IC_2025\IRP\workspace\venv\Lib\site-packages\sklearn\linear_model\_logistic.py:1457: FutureWarning: 'n_jobs' has no effect since 1.8 and will be removed in 1.10. You provided 'n_jobs=-1', please leave it unspecified.
  warnings.warn(msg, category=FutureWarning)
D:\IC_2025\IRP\workspace\venv\Lib\site-packages\sklearn\linear_model\_logistic.py:1457: FutureWarning: 'n_jobs' has no effect since 1.8 and will be removed in 1.10. You provided 'n_jobs=-1', please leave it unspecified.
  warnings.warn(msg, category=FutureWarning)
D:\IC_2025\IRP\workspace\venv\Lib\site-packages\sklearn\linear_model\_logistic.py:1457: FutureWarning: 'n_jobs' has no effect since 1.8 and will be removed in 1.10. You provided 'n_jobs=-1', please leave it unspecified.
  warnings.warn(msg, category=FutureWarning)
D:\IC_2025\IRP\workspace\venv\Lib\site-packages\sklearn\linear_model\_logistic.py:1457: FutureWarning: 'n_jobs' has no effect since 1.8 and will be removed in 1.10. You provided 'n_jobs=-1', please leave it unspecified.
  warnings.warn(msg, category=FutureWarning)
D:\IC_2025\IRP\workspace\venv\Lib\site-packages\sklearn\linear_model\_logistic.py:1457: FutureWarning: 'n_jobs' has no effect since 1.8 and will be removed in 1.10. You provided 'n_jobs=-1', please leave it unspecified.
  warnings.warn(msg, category=FutureWarning)
D:\IC_2025\IRP\workspace\venv\Lib\site-packages\sklearn\linear_model\_logistic.py:1457: FutureWarning: 'n_jobs' has no effect since 1.8 and will be removed in 1.10. You provided 'n_jobs=-1', please leave it unspecified.
  warnings.warn(msg, category=FutureWarning)
sparse_whole_delay_v3_k1_floor1_seed44          2.01    2.55  21.35%   0.688   0.469   0.822   0.645  +0.176   0.23
D:\IC_2025\IRP\workspace\venv\Lib\site-packages\torch\nn\utils\weight_norm.py:143: FutureWarning: `torch.nn.utils.weight_norm` is deprecated in favor of `torch.nn.utils.parametrizations.weight_norm`.
  WeightNorm.apply(module, name, dim)
D:\IC_2025\IRP\workspace\venv\Lib\site-packages\sklearn\linear_model\_logistic.py:1457: FutureWarning: 'n_jobs' has no effect since 1.8 and will be removed in 1.10. You provided 'n_jobs=-1', please leave it unspecified.
  warnings.warn(msg, category=FutureWarning)
D:\IC_2025\IRP\workspace\venv\Lib\site-packages\sklearn\linear_model\_logistic.py:1457: FutureWarning: 'n_jobs' has no effect since 1.8 and will be removed in 1.10. You provided 'n_jobs=-1', please leave it unspecified.
  warnings.warn(msg, category=FutureWarning)
D:\IC_2025\IRP\workspace\venv\Lib\site-packages\sklearn\linear_model\_logistic.py:1457: FutureWarning: 'n_jobs' has no effect since 1.8 and will be removed in 1.10. You provided 'n_jobs=-1', please leave it unspecified.
  warnings.warn(msg, category=FutureWarning)
D:\IC_2025\IRP\workspace\venv\Lib\site-packages\sklearn\linear_model\_logistic.py:1457: FutureWarning: 'n_jobs' has no effect since 1.8 and will be removed in 1.10. You provided 'n_jobs=-1', please leave it unspecified.
  warnings.warn(msg, category=FutureWarning)
D:\IC_2025\IRP\workspace\venv\Lib\site-packages\sklearn\linear_model\_logistic.py:1457: FutureWarning: 'n_jobs' has no effect since 1.8 and will be removed in 1.10. You provided 'n_jobs=-1', please leave it unspecified.
  warnings.warn(msg, category=FutureWarning)
D:\IC_2025\IRP\workspace\venv\Lib\site-packages\sklearn\linear_model\_logistic.py:1457: FutureWarning: 'n_jobs' has no effect since 1.8 and will be removed in 1.10. You provided 'n_jobs=-1', please leave it unspecified.
  warnings.warn(msg, category=FutureWarning)
D:\IC_2025\IRP\workspace\venv\Lib\site-packages\sklearn\linear_model\_logistic.py:1457: FutureWarning: 'n_jobs' has no effect since 1.8 and will be removed in 1.10. You provided 'n_jobs=-1', please leave it unspecified.
  warnings.warn(msg, category=FutureWarning)
D:\IC_2025\IRP\workspace\venv\Lib\site-packages\sklearn\linear_model\_logistic.py:1457: FutureWarning: 'n_jobs' has no effect since 1.8 and will be removed in 1.10. You provided 'n_jobs=-1', please leave it unspecified.
  warnings.warn(msg, category=FutureWarning)
D:\IC_2025\IRP\workspace\venv\Lib\site-packages\sklearn\linear_model\_logistic.py:1457: FutureWarning: 'n_jobs' has no effect since 1.8 and will be removed in 1.10. You provided 'n_jobs=-1', please leave it unspecified.
  warnings.warn(msg, category=FutureWarning)
D:\IC_2025\IRP\workspace\venv\Lib\site-packages\sklearn\linear_model\_logistic.py:1457: FutureWarning: 'n_jobs' has no effect since 1.8 and will be removed in 1.10. You provided 'n_jobs=-1', please leave it unspecified.
  warnings.warn(msg, category=FutureWarning)
D:\IC_2025\IRP\workspace\venv\Lib\site-packages\sklearn\linear_model\_logistic.py:1457: FutureWarning: 'n_jobs' has no effect since 1.8 and will be removed in 1.10. You provided 'n_jobs=-1', please leave it unspecified.
  warnings.warn(msg, category=FutureWarning)
D:\IC_2025\IRP\workspace\venv\Lib\site-packages\sklearn\linear_model\_logistic.py:1457: FutureWarning: 'n_jobs' has no effect since 1.8 and will be removed in 1.10. You provided 'n_jobs=-1', please leave it unspecified.
  warnings.warn(msg, category=FutureWarning)
sparse_whole_delay_v3_k2_floor0_seed42          1.62    3.21  49.37%   0.736   0.596   0.848   0.659  +0.190   0.24
D:\IC_2025\IRP\workspace\venv\Lib\site-packages\torch\nn\utils\weight_norm.py:143: FutureWarning: `torch.nn.utils.weight_norm` is deprecated in favor of `torch.nn.utils.parametrizations.weight_norm`.
  WeightNorm.apply(module, name, dim)
D:\IC_2025\IRP\workspace\venv\Lib\site-packages\sklearn\linear_model\_logistic.py:1457: FutureWarning: 'n_jobs' has no effect since 1.8 and will be removed in 1.10. You provided 'n_jobs=-1', please leave it unspecified.
  warnings.warn(msg, category=FutureWarning)
D:\IC_2025\IRP\workspace\venv\Lib\site-packages\sklearn\linear_model\_logistic.py:1457: FutureWarning: 'n_jobs' has no effect since 1.8 and will be removed in 1.10. You provided 'n_jobs=-1', please leave it unspecified.
  warnings.warn(msg, category=FutureWarning)
D:\IC_2025\IRP\workspace\venv\Lib\site-packages\sklearn\linear_model\_logistic.py:1457: FutureWarning: 'n_jobs' has no effect since 1.8 and will be removed in 1.10. You provided 'n_jobs=-1', please leave it unspecified.
  warnings.warn(msg, category=FutureWarning)
D:\IC_2025\IRP\workspace\venv\Lib\site-packages\sklearn\linear_model\_logistic.py:1457: FutureWarning: 'n_jobs' has no effect since 1.8 and will be removed in 1.10. You provided 'n_jobs=-1', please leave it unspecified.
  warnings.warn(msg, category=FutureWarning)
D:\IC_2025\IRP\workspace\venv\Lib\site-packages\sklearn\linear_model\_logistic.py:1457: FutureWarning: 'n_jobs' has no effect since 1.8 and will be removed in 1.10. You provided 'n_jobs=-1', please leave it unspecified.
  warnings.warn(msg, category=FutureWarning)
D:\IC_2025\IRP\workspace\venv\Lib\site-packages\sklearn\linear_model\_logistic.py:1457: FutureWarning: 'n_jobs' has no effect since 1.8 and will be removed in 1.10. You provided 'n_jobs=-1', please leave it unspecified.
  warnings.warn(msg, category=FutureWarning)
D:\IC_2025\IRP\workspace\venv\Lib\site-packages\sklearn\linear_model\_logistic.py:1457: FutureWarning: 'n_jobs' has no effect since 1.8 and will be removed in 1.10. You provided 'n_jobs=-1', please leave it unspecified.
  warnings.warn(msg, category=FutureWarning)
D:\IC_2025\IRP\workspace\venv\Lib\site-packages\sklearn\linear_model\_logistic.py:1457: FutureWarning: 'n_jobs' has no effect since 1.8 and will be removed in 1.10. You provided 'n_jobs=-1', please leave it unspecified.
  warnings.warn(msg, category=FutureWarning)
D:\IC_2025\IRP\workspace\venv\Lib\site-packages\sklearn\linear_model\_logistic.py:1457: FutureWarning: 'n_jobs' has no effect since 1.8 and will be removed in 1.10. You provided 'n_jobs=-1', please leave it unspecified.
  warnings.warn(msg, category=FutureWarning)
D:\IC_2025\IRP\workspace\venv\Lib\site-packages\sklearn\linear_model\_logistic.py:1457: FutureWarning: 'n_jobs' has no effect since 1.8 and will be removed in 1.10. You provided 'n_jobs=-1', please leave it unspecified.
  warnings.warn(msg, category=FutureWarning)
D:\IC_2025\IRP\workspace\venv\Lib\site-packages\sklearn\linear_model\_logistic.py:1457: FutureWarning: 'n_jobs' has no effect since 1.8 and will be removed in 1.10. You provided 'n_jobs=-1', please leave it unspecified.
  warnings.warn(msg, category=FutureWarning)
D:\IC_2025\IRP\workspace\venv\Lib\site-packages\sklearn\linear_model\_logistic.py:1457: FutureWarning: 'n_jobs' has no effect since 1.8 and will be removed in 1.10. You provided 'n_jobs=-1', please leave it unspecified.
  warnings.warn(msg, category=FutureWarning)
sparse_whole_delay_v3_k2_floor0_seed43          1.48    3.51  57.96%   0.759   0.559   0.840   0.671  +0.169   0.21
D:\IC_2025\IRP\workspace\venv\Lib\site-packages\torch\nn\utils\weight_norm.py:143: FutureWarning: `torch.nn.utils.weight_norm` is deprecated in favor of `torch.nn.utils.parametrizations.weight_norm`.
  WeightNorm.apply(module, name, dim)
D:\IC_2025\IRP\workspace\venv\Lib\site-packages\sklearn\linear_model\_logistic.py:1457: FutureWarning: 'n_jobs' has no effect since 1.8 and will be removed in 1.10. You provided 'n_jobs=-1', please leave it unspecified.
  warnings.warn(msg, category=FutureWarning)
D:\IC_2025\IRP\workspace\venv\Lib\site-packages\sklearn\linear_model\_logistic.py:1457: FutureWarning: 'n_jobs' has no effect since 1.8 and will be removed in 1.10. You provided 'n_jobs=-1', please leave it unspecified.
  warnings.warn(msg, category=FutureWarning)
D:\IC_2025\IRP\workspace\venv\Lib\site-packages\sklearn\linear_model\_logistic.py:1457: FutureWarning: 'n_jobs' has no effect since 1.8 and will be removed in 1.10. You provided 'n_jobs=-1', please leave it unspecified.
  warnings.warn(msg, category=FutureWarning)
D:\IC_2025\IRP\workspace\venv\Lib\site-packages\sklearn\linear_model\_logistic.py:1457: FutureWarning: 'n_jobs' has no effect since 1.8 and will be removed in 1.10. You provided 'n_jobs=-1', please leave it unspecified.
  warnings.warn(msg, category=FutureWarning)
D:\IC_2025\IRP\workspace\venv\Lib\site-packages\sklearn\linear_model\_logistic.py:1457: FutureWarning: 'n_jobs' has no effect since 1.8 and will be removed in 1.10. You provided 'n_jobs=-1', please leave it unspecified.
  warnings.warn(msg, category=FutureWarning)
D:\IC_2025\IRP\workspace\venv\Lib\site-packages\sklearn\linear_model\_logistic.py:1457: FutureWarning: 'n_jobs' has no effect since 1.8 and will be removed in 1.10. You provided 'n_jobs=-1', please leave it unspecified.
  warnings.warn(msg, category=FutureWarning)
D:\IC_2025\IRP\workspace\venv\Lib\site-packages\sklearn\linear_model\_logistic.py:1457: FutureWarning: 'n_jobs' has no effect since 1.8 and will be removed in 1.10. You provided 'n_jobs=-1', please leave it unspecified.
  warnings.warn(msg, category=FutureWarning)
D:\IC_2025\IRP\workspace\venv\Lib\site-packages\sklearn\linear_model\_logistic.py:1457: FutureWarning: 'n_jobs' has no effect since 1.8 and will be removed in 1.10. You provided 'n_jobs=-1', please leave it unspecified.
  warnings.warn(msg, category=FutureWarning)
D:\IC_2025\IRP\workspace\venv\Lib\site-packages\sklearn\linear_model\_logistic.py:1457: FutureWarning: 'n_jobs' has no effect since 1.8 and will be removed in 1.10. You provided 'n_jobs=-1', please leave it unspecified.
  warnings.warn(msg, category=FutureWarning)
D:\IC_2025\IRP\workspace\venv\Lib\site-packages\sklearn\linear_model\_logistic.py:1457: FutureWarning: 'n_jobs' has no effect since 1.8 and will be removed in 1.10. You provided 'n_jobs=-1', please leave it unspecified.
  warnings.warn(msg, category=FutureWarning)
D:\IC_2025\IRP\workspace\venv\Lib\site-packages\sklearn\linear_model\_logistic.py:1457: FutureWarning: 'n_jobs' has no effect since 1.8 and will be removed in 1.10. You provided 'n_jobs=-1', please leave it unspecified.
  warnings.warn(msg, category=FutureWarning)
D:\IC_2025\IRP\workspace\venv\Lib\site-packages\sklearn\linear_model\_logistic.py:1457: FutureWarning: 'n_jobs' has no effect since 1.8 and will be removed in 1.10. You provided 'n_jobs=-1', please leave it unspecified.
  warnings.warn(msg, category=FutureWarning)
sparse_whole_delay_v3_k2_floor0_seed44          1.44    3.35  56.94%   0.742   0.592   0.842   0.677  +0.166   0.21
D:\IC_2025\IRP\workspace\venv\Lib\site-packages\torch\nn\utils\weight_norm.py:143: FutureWarning: `torch.nn.utils.weight_norm` is deprecated in favor of `torch.nn.utils.parametrizations.weight_norm`.
  WeightNorm.apply(module, name, dim)
D:\IC_2025\IRP\workspace\venv\Lib\site-packages\sklearn\linear_model\_logistic.py:1457: FutureWarning: 'n_jobs' has no effect since 1.8 and will be removed in 1.10. You provided 'n_jobs=-1', please leave it unspecified.
  warnings.warn(msg, category=FutureWarning)
D:\IC_2025\IRP\workspace\venv\Lib\site-packages\sklearn\linear_model\_logistic.py:1457: FutureWarning: 'n_jobs' has no effect since 1.8 and will be removed in 1.10. You provided 'n_jobs=-1', please leave it unspecified.
  warnings.warn(msg, category=FutureWarning)
D:\IC_2025\IRP\workspace\venv\Lib\site-packages\sklearn\linear_model\_logistic.py:1457: FutureWarning: 'n_jobs' has no effect since 1.8 and will be removed in 1.10. You provided 'n_jobs=-1', please leave it unspecified.
  warnings.warn(msg, category=FutureWarning)
D:\IC_2025\IRP\workspace\venv\Lib\site-packages\sklearn\linear_model\_logistic.py:1457: FutureWarning: 'n_jobs' has no effect since 1.8 and will be removed in 1.10. You provided 'n_jobs=-1', please leave it unspecified.
  warnings.warn(msg, category=FutureWarning)
D:\IC_2025\IRP\workspace\venv\Lib\site-packages\sklearn\linear_model\_logistic.py:1457: FutureWarning: 'n_jobs' has no effect since 1.8 and will be removed in 1.10. You provided 'n_jobs=-1', please leave it unspecified.
  warnings.warn(msg, category=FutureWarning)
D:\IC_2025\IRP\workspace\venv\Lib\site-packages\sklearn\linear_model\_logistic.py:1457: FutureWarning: 'n_jobs' has no effect since 1.8 and will be removed in 1.10. You provided 'n_jobs=-1', please leave it unspecified.
  warnings.warn(msg, category=FutureWarning)
D:\IC_2025\IRP\workspace\venv\Lib\site-packages\sklearn\linear_model\_logistic.py:1457: FutureWarning: 'n_jobs' has no effect since 1.8 and will be removed in 1.10. You provided 'n_jobs=-1', please leave it unspecified.
  warnings.warn(msg, category=FutureWarning)
D:\IC_2025\IRP\workspace\venv\Lib\site-packages\sklearn\linear_model\_logistic.py:1457: FutureWarning: 'n_jobs' has no effect since 1.8 and will be removed in 1.10. You provided 'n_jobs=-1', please leave it unspecified.
  warnings.warn(msg, category=FutureWarning)
D:\IC_2025\IRP\workspace\venv\Lib\site-packages\sklearn\linear_model\_logistic.py:1457: FutureWarning: 'n_jobs' has no effect since 1.8 and will be removed in 1.10. You provided 'n_jobs=-1', please leave it unspecified.
  warnings.warn(msg, category=FutureWarning)
D:\IC_2025\IRP\workspace\venv\Lib\site-packages\sklearn\linear_model\_logistic.py:1457: FutureWarning: 'n_jobs' has no effect since 1.8 and will be removed in 1.10. You provided 'n_jobs=-1', please leave it unspecified.
  warnings.warn(msg, category=FutureWarning)
D:\IC_2025\IRP\workspace\venv\Lib\site-packages\sklearn\linear_model\_logistic.py:1457: FutureWarning: 'n_jobs' has no effect since 1.8 and will be removed in 1.10. You provided 'n_jobs=-1', please leave it unspecified.
  warnings.warn(msg, category=FutureWarning)
D:\IC_2025\IRP\workspace\venv\Lib\site-packages\sklearn\linear_model\_logistic.py:1457: FutureWarning: 'n_jobs' has no effect since 1.8 and will be removed in 1.10. You provided 'n_jobs=-1', please leave it unspecified.
  warnings.warn(msg, category=FutureWarning)
sparse_whole_delay_v3_k2_floor1_seed42          2.32    2.78  16.41%   0.715   0.470   0.832   0.664  +0.168   0.22
D:\IC_2025\IRP\workspace\venv\Lib\site-packages\torch\nn\utils\weight_norm.py:143: FutureWarning: `torch.nn.utils.weight_norm` is deprecated in favor of `torch.nn.utils.parametrizations.weight_norm`.
  WeightNorm.apply(module, name, dim)
D:\IC_2025\IRP\workspace\venv\Lib\site-packages\sklearn\linear_model\_logistic.py:1457: FutureWarning: 'n_jobs' has no effect since 1.8 and will be removed in 1.10. You provided 'n_jobs=-1', please leave it unspecified.
  warnings.warn(msg, category=FutureWarning)
D:\IC_2025\IRP\workspace\venv\Lib\site-packages\sklearn\linear_model\_logistic.py:1457: FutureWarning: 'n_jobs' has no effect since 1.8 and will be removed in 1.10. You provided 'n_jobs=-1', please leave it unspecified.
  warnings.warn(msg, category=FutureWarning)
D:\IC_2025\IRP\workspace\venv\Lib\site-packages\sklearn\linear_model\_logistic.py:1457: FutureWarning: 'n_jobs' has no effect since 1.8 and will be removed in 1.10. You provided 'n_jobs=-1', please leave it unspecified.
  warnings.warn(msg, category=FutureWarning)
D:\IC_2025\IRP\workspace\venv\Lib\site-packages\sklearn\linear_model\_logistic.py:1457: FutureWarning: 'n_jobs' has no effect since 1.8 and will be removed in 1.10. You provided 'n_jobs=-1', please leave it unspecified.
  warnings.warn(msg, category=FutureWarning)
D:\IC_2025\IRP\workspace\venv\Lib\site-packages\sklearn\linear_model\_logistic.py:1457: FutureWarning: 'n_jobs' has no effect since 1.8 and will be removed in 1.10. You provided 'n_jobs=-1', please leave it unspecified.
  warnings.warn(msg, category=FutureWarning)
D:\IC_2025\IRP\workspace\venv\Lib\site-packages\sklearn\linear_model\_logistic.py:1457: FutureWarning: 'n_jobs' has no effect since 1.8 and will be removed in 1.10. You provided 'n_jobs=-1', please leave it unspecified.
  warnings.warn(msg, category=FutureWarning)
D:\IC_2025\IRP\workspace\venv\Lib\site-packages\sklearn\linear_model\_logistic.py:1457: FutureWarning: 'n_jobs' has no effect since 1.8 and will be removed in 1.10. You provided 'n_jobs=-1', please leave it unspecified.
  warnings.warn(msg, category=FutureWarning)
D:\IC_2025\IRP\workspace\venv\Lib\site-packages\sklearn\linear_model\_logistic.py:1457: FutureWarning: 'n_jobs' has no effect since 1.8 and will be removed in 1.10. You provided 'n_jobs=-1', please leave it unspecified.
  warnings.warn(msg, category=FutureWarning)
D:\IC_2025\IRP\workspace\venv\Lib\site-packages\sklearn\linear_model\_logistic.py:1457: FutureWarning: 'n_jobs' has no effect since 1.8 and will be removed in 1.10. You provided 'n_jobs=-1', please leave it unspecified.
  warnings.warn(msg, category=FutureWarning)
D:\IC_2025\IRP\workspace\venv\Lib\site-packages\sklearn\linear_model\_logistic.py:1457: FutureWarning: 'n_jobs' has no effect since 1.8 and will be removed in 1.10. You provided 'n_jobs=-1', please leave it unspecified.
  warnings.warn(msg, category=FutureWarning)
D:\IC_2025\IRP\workspace\venv\Lib\site-packages\sklearn\linear_model\_logistic.py:1457: FutureWarning: 'n_jobs' has no effect since 1.8 and will be removed in 1.10. You provided 'n_jobs=-1', please leave it unspecified.
  warnings.warn(msg, category=FutureWarning)
D:\IC_2025\IRP\workspace\venv\Lib\site-packages\sklearn\linear_model\_logistic.py:1457: FutureWarning: 'n_jobs' has no effect since 1.8 and will be removed in 1.10. You provided 'n_jobs=-1', please leave it unspecified.
  warnings.warn(msg, category=FutureWarning)
sparse_whole_delay_v3_k2_floor1_seed43          2.28    2.68  15.10%   0.713   0.494   0.835   0.647  +0.188   0.24
D:\IC_2025\IRP\workspace\venv\Lib\site-packages\torch\nn\utils\weight_norm.py:143: FutureWarning: `torch.nn.utils.weight_norm` is deprecated in favor of `torch.nn.utils.parametrizations.weight_norm`.
  WeightNorm.apply(module, name, dim)
D:\IC_2025\IRP\workspace\venv\Lib\site-packages\sklearn\linear_model\_logistic.py:1457: FutureWarning: 'n_jobs' has no effect since 1.8 and will be removed in 1.10. You provided 'n_jobs=-1', please leave it unspecified.
  warnings.warn(msg, category=FutureWarning)
D:\IC_2025\IRP\workspace\venv\Lib\site-packages\sklearn\linear_model\_logistic.py:1457: FutureWarning: 'n_jobs' has no effect since 1.8 and will be removed in 1.10. You provided 'n_jobs=-1', please leave it unspecified.
  warnings.warn(msg, category=FutureWarning)
D:\IC_2025\IRP\workspace\venv\Lib\site-packages\sklearn\linear_model\_logistic.py:1457: FutureWarning: 'n_jobs' has no effect since 1.8 and will be removed in 1.10. You provided 'n_jobs=-1', please leave it unspecified.
  warnings.warn(msg, category=FutureWarning)
D:\IC_2025\IRP\workspace\venv\Lib\site-packages\sklearn\linear_model\_logistic.py:1457: FutureWarning: 'n_jobs' has no effect since 1.8 and will be removed in 1.10. You provided 'n_jobs=-1', please leave it unspecified.
  warnings.warn(msg, category=FutureWarning)
D:\IC_2025\IRP\workspace\venv\Lib\site-packages\sklearn\linear_model\_logistic.py:1457: FutureWarning: 'n_jobs' has no effect since 1.8 and will be removed in 1.10. You provided 'n_jobs=-1', please leave it unspecified.
  warnings.warn(msg, category=FutureWarning)
D:\IC_2025\IRP\workspace\venv\Lib\site-packages\sklearn\linear_model\_logistic.py:1457: FutureWarning: 'n_jobs' has no effect since 1.8 and will be removed in 1.10. You provided 'n_jobs=-1', please leave it unspecified.
  warnings.warn(msg, category=FutureWarning)
D:\IC_2025\IRP\workspace\venv\Lib\site-packages\sklearn\linear_model\_logistic.py:1457: FutureWarning: 'n_jobs' has no effect since 1.8 and will be removed in 1.10. You provided 'n_jobs=-1', please leave it unspecified.
  warnings.warn(msg, category=FutureWarning)
D:\IC_2025\IRP\workspace\venv\Lib\site-packages\sklearn\linear_model\_logistic.py:1457: FutureWarning: 'n_jobs' has no effect since 1.8 and will be removed in 1.10. You provided 'n_jobs=-1', please leave it unspecified.
  warnings.warn(msg, category=FutureWarning)
D:\IC_2025\IRP\workspace\venv\Lib\site-packages\sklearn\linear_model\_logistic.py:1457: FutureWarning: 'n_jobs' has no effect since 1.8 and will be removed in 1.10. You provided 'n_jobs=-1', please leave it unspecified.
  warnings.warn(msg, category=FutureWarning)
D:\IC_2025\IRP\workspace\venv\Lib\site-packages\sklearn\linear_model\_logistic.py:1457: FutureWarning: 'n_jobs' has no effect since 1.8 and will be removed in 1.10. You provided 'n_jobs=-1', please leave it unspecified.
  warnings.warn(msg, category=FutureWarning)
D:\IC_2025\IRP\workspace\venv\Lib\site-packages\sklearn\linear_model\_logistic.py:1457: FutureWarning: 'n_jobs' has no effect since 1.8 and will be removed in 1.10. You provided 'n_jobs=-1', please leave it unspecified.
  warnings.warn(msg, category=FutureWarning)
D:\IC_2025\IRP\workspace\venv\Lib\site-packages\sklearn\linear_model\_logistic.py:1457: FutureWarning: 'n_jobs' has no effect since 1.8 and will be removed in 1.10. You provided 'n_jobs=-1', please leave it unspecified.
  warnings.warn(msg, category=FutureWarning)
sparse_whole_delay_v3_k2_floor1_seed44          2.50    2.95  15.28%   0.713   0.482   0.834   0.660  +0.174   0.22
D:\IC_2025\IRP\workspace\venv\Lib\site-packages\torch\nn\utils\weight_norm.py:143: FutureWarning: `torch.nn.utils.weight_norm` is deprecated in favor of `torch.nn.utils.parametrizations.weight_norm`.
  WeightNorm.apply(module, name, dim)
D:\IC_2025\IRP\workspace\venv\Lib\site-packages\sklearn\linear_model\_logistic.py:1457: FutureWarning: 'n_jobs' has no effect since 1.8 and will be removed in 1.10. You provided 'n_jobs=-1', please leave it unspecified.
  warnings.warn(msg, category=FutureWarning)
D:\IC_2025\IRP\workspace\venv\Lib\site-packages\sklearn\linear_model\_logistic.py:1457: FutureWarning: 'n_jobs' has no effect since 1.8 and will be removed in 1.10. You provided 'n_jobs=-1', please leave it unspecified.
  warnings.warn(msg, category=FutureWarning)
D:\IC_2025\IRP\workspace\venv\Lib\site-packages\sklearn\linear_model\_logistic.py:1457: FutureWarning: 'n_jobs' has no effect since 1.8 and will be removed in 1.10. You provided 'n_jobs=-1', please leave it unspecified.
  warnings.warn(msg, category=FutureWarning)
D:\IC_2025\IRP\workspace\venv\Lib\site-packages\sklearn\linear_model\_logistic.py:1457: FutureWarning: 'n_jobs' has no effect since 1.8 and will be removed in 1.10. You provided 'n_jobs=-1', please leave it unspecified.
  warnings.warn(msg, category=FutureWarning)
D:\IC_2025\IRP\workspace\venv\Lib\site-packages\sklearn\linear_model\_logistic.py:1457: FutureWarning: 'n_jobs' has no effect since 1.8 and will be removed in 1.10. You provided 'n_jobs=-1', please leave it unspecified.
  warnings.warn(msg, category=FutureWarning)
D:\IC_2025\IRP\workspace\venv\Lib\site-packages\sklearn\linear_model\_logistic.py:1457: FutureWarning: 'n_jobs' has no effect since 1.8 and will be removed in 1.10. You provided 'n_jobs=-1', please leave it unspecified.
  warnings.warn(msg, category=FutureWarning)
D:\IC_2025\IRP\workspace\venv\Lib\site-packages\sklearn\linear_model\_logistic.py:1457: FutureWarning: 'n_jobs' has no effect since 1.8 and will be removed in 1.10. You provided 'n_jobs=-1', please leave it unspecified.
  warnings.warn(msg, category=FutureWarning)
D:\IC_2025\IRP\workspace\venv\Lib\site-packages\sklearn\linear_model\_logistic.py:1457: FutureWarning: 'n_jobs' has no effect since 1.8 and will be removed in 1.10. You provided 'n_jobs=-1', please leave it unspecified.
  warnings.warn(msg, category=FutureWarning)
D:\IC_2025\IRP\workspace\venv\Lib\site-packages\sklearn\linear_model\_logistic.py:1457: FutureWarning: 'n_jobs' has no effect since 1.8 and will be removed in 1.10. You provided 'n_jobs=-1', please leave it unspecified.
  warnings.warn(msg, category=FutureWarning)
D:\IC_2025\IRP\workspace\venv\Lib\site-packages\sklearn\linear_model\_logistic.py:1457: FutureWarning: 'n_jobs' has no effect since 1.8 and will be removed in 1.10. You provided 'n_jobs=-1', please leave it unspecified.
  warnings.warn(msg, category=FutureWarning)
D:\IC_2025\IRP\workspace\venv\Lib\site-packages\sklearn\linear_model\_logistic.py:1457: FutureWarning: 'n_jobs' has no effect since 1.8 and will be removed in 1.10. You provided 'n_jobs=-1', please leave it unspecified.
  warnings.warn(msg, category=FutureWarning)
D:\IC_2025\IRP\workspace\venv\Lib\site-packages\sklearn\linear_model\_logistic.py:1457: FutureWarning: 'n_jobs' has no effect since 1.8 and will be removed in 1.10. You provided 'n_jobs=-1', please leave it unspecified.
  warnings.warn(msg, category=FutureWarning)
sparse_whole_delay_v3_k4_floor0_seed42          1.91    3.67  47.96%   0.741   0.581   0.843   0.671  +0.172   0.22
D:\IC_2025\IRP\workspace\venv\Lib\site-packages\torch\nn\utils\weight_norm.py:143: FutureWarning: `torch.nn.utils.weight_norm` is deprecated in favor of `torch.nn.utils.parametrizations.weight_norm`.
  WeightNorm.apply(module, name, dim)
D:\IC_2025\IRP\workspace\venv\Lib\site-packages\sklearn\linear_model\_logistic.py:1457: FutureWarning: 'n_jobs' has no effect since 1.8 and will be removed in 1.10. You provided 'n_jobs=-1', please leave it unspecified.
  warnings.warn(msg, category=FutureWarning)
D:\IC_2025\IRP\workspace\venv\Lib\site-packages\sklearn\linear_model\_logistic.py:1457: FutureWarning: 'n_jobs' has no effect since 1.8 and will be removed in 1.10. You provided 'n_jobs=-1', please leave it unspecified.
  warnings.warn(msg, category=FutureWarning)
D:\IC_2025\IRP\workspace\venv\Lib\site-packages\sklearn\linear_model\_logistic.py:1457: FutureWarning: 'n_jobs' has no effect since 1.8 and will be removed in 1.10. You provided 'n_jobs=-1', please leave it unspecified.
  warnings.warn(msg, category=FutureWarning)
D:\IC_2025\IRP\workspace\venv\Lib\site-packages\sklearn\linear_model\_logistic.py:1457: FutureWarning: 'n_jobs' has no effect since 1.8 and will be removed in 1.10. You provided 'n_jobs=-1', please leave it unspecified.
  warnings.warn(msg, category=FutureWarning)
D:\IC_2025\IRP\workspace\venv\Lib\site-packages\sklearn\linear_model\_logistic.py:1457: FutureWarning: 'n_jobs' has no effect since 1.8 and will be removed in 1.10. You provided 'n_jobs=-1', please leave it unspecified.
  warnings.warn(msg, category=FutureWarning)
D:\IC_2025\IRP\workspace\venv\Lib\site-packages\sklearn\linear_model\_logistic.py:1457: FutureWarning: 'n_jobs' has no effect since 1.8 and will be removed in 1.10. You provided 'n_jobs=-1', please leave it unspecified.
  warnings.warn(msg, category=FutureWarning)
D:\IC_2025\IRP\workspace\venv\Lib\site-packages\sklearn\linear_model\_logistic.py:1457: FutureWarning: 'n_jobs' has no effect since 1.8 and will be removed in 1.10. You provided 'n_jobs=-1', please leave it unspecified.
  warnings.warn(msg, category=FutureWarning)
D:\IC_2025\IRP\workspace\venv\Lib\site-packages\sklearn\linear_model\_logistic.py:1457: FutureWarning: 'n_jobs' has no effect since 1.8 and will be removed in 1.10. You provided 'n_jobs=-1', please leave it unspecified.
  warnings.warn(msg, category=FutureWarning)
D:\IC_2025\IRP\workspace\venv\Lib\site-packages\sklearn\linear_model\_logistic.py:1457: FutureWarning: 'n_jobs' has no effect since 1.8 and will be removed in 1.10. You provided 'n_jobs=-1', please leave it unspecified.
  warnings.warn(msg, category=FutureWarning)
D:\IC_2025\IRP\workspace\venv\Lib\site-packages\sklearn\linear_model\_logistic.py:1457: FutureWarning: 'n_jobs' has no effect since 1.8 and will be removed in 1.10. You provided 'n_jobs=-1', please leave it unspecified.
  warnings.warn(msg, category=FutureWarning)
D:\IC_2025\IRP\workspace\venv\Lib\site-packages\sklearn\linear_model\_logistic.py:1457: FutureWarning: 'n_jobs' has no effect since 1.8 and will be removed in 1.10. You provided 'n_jobs=-1', please leave it unspecified.
  warnings.warn(msg, category=FutureWarning)
D:\IC_2025\IRP\workspace\venv\Lib\site-packages\sklearn\linear_model\_logistic.py:1457: FutureWarning: 'n_jobs' has no effect since 1.8 and will be removed in 1.10. You provided 'n_jobs=-1', please leave it unspecified.
  warnings.warn(msg, category=FutureWarning)
sparse_whole_delay_v3_k4_floor0_seed43          1.89    3.95  52.16%   0.733   0.583   0.844   0.665  +0.179   0.23
D:\IC_2025\IRP\workspace\venv\Lib\site-packages\torch\nn\utils\weight_norm.py:143: FutureWarning: `torch.nn.utils.weight_norm` is deprecated in favor of `torch.nn.utils.parametrizations.weight_norm`.
  WeightNorm.apply(module, name, dim)
D:\IC_2025\IRP\workspace\venv\Lib\site-packages\sklearn\linear_model\_logistic.py:1457: FutureWarning: 'n_jobs' has no effect since 1.8 and will be removed in 1.10. You provided 'n_jobs=-1', please leave it unspecified.
  warnings.warn(msg, category=FutureWarning)
D:\IC_2025\IRP\workspace\venv\Lib\site-packages\sklearn\linear_model\_logistic.py:1457: FutureWarning: 'n_jobs' has no effect since 1.8 and will be removed in 1.10. You provided 'n_jobs=-1', please leave it unspecified.
  warnings.warn(msg, category=FutureWarning)
D:\IC_2025\IRP\workspace\venv\Lib\site-packages\sklearn\linear_model\_logistic.py:1457: FutureWarning: 'n_jobs' has no effect since 1.8 and will be removed in 1.10. You provided 'n_jobs=-1', please leave it unspecified.
  warnings.warn(msg, category=FutureWarning)
D:\IC_2025\IRP\workspace\venv\Lib\site-packages\sklearn\linear_model\_logistic.py:1457: FutureWarning: 'n_jobs' has no effect since 1.8 and will be removed in 1.10. You provided 'n_jobs=-1', please leave it unspecified.
  warnings.warn(msg, category=FutureWarning)
D:\IC_2025\IRP\workspace\venv\Lib\site-packages\sklearn\linear_model\_logistic.py:1457: FutureWarning: 'n_jobs' has no effect since 1.8 and will be removed in 1.10. You provided 'n_jobs=-1', please leave it unspecified.
  warnings.warn(msg, category=FutureWarning)
D:\IC_2025\IRP\workspace\venv\Lib\site-packages\sklearn\linear_model\_logistic.py:1457: FutureWarning: 'n_jobs' has no effect since 1.8 and will be removed in 1.10. You provided 'n_jobs=-1', please leave it unspecified.
  warnings.warn(msg, category=FutureWarning)
D:\IC_2025\IRP\workspace\venv\Lib\site-packages\sklearn\linear_model\_logistic.py:1457: FutureWarning: 'n_jobs' has no effect since 1.8 and will be removed in 1.10. You provided 'n_jobs=-1', please leave it unspecified.
  warnings.warn(msg, category=FutureWarning)
D:\IC_2025\IRP\workspace\venv\Lib\site-packages\sklearn\linear_model\_logistic.py:1457: FutureWarning: 'n_jobs' has no effect since 1.8 and will be removed in 1.10. You provided 'n_jobs=-1', please leave it unspecified.
  warnings.warn(msg, category=FutureWarning)
D:\IC_2025\IRP\workspace\venv\Lib\site-packages\sklearn\linear_model\_logistic.py:1457: FutureWarning: 'n_jobs' has no effect since 1.8 and will be removed in 1.10. You provided 'n_jobs=-1', please leave it unspecified.
  warnings.warn(msg, category=FutureWarning)
D:\IC_2025\IRP\workspace\venv\Lib\site-packages\sklearn\linear_model\_logistic.py:1457: FutureWarning: 'n_jobs' has no effect since 1.8 and will be removed in 1.10. You provided 'n_jobs=-1', please leave it unspecified.
  warnings.warn(msg, category=FutureWarning)
D:\IC_2025\IRP\workspace\venv\Lib\site-packages\sklearn\linear_model\_logistic.py:1457: FutureWarning: 'n_jobs' has no effect since 1.8 and will be removed in 1.10. You provided 'n_jobs=-1', please leave it unspecified.
  warnings.warn(msg, category=FutureWarning)
D:\IC_2025\IRP\workspace\venv\Lib\site-packages\sklearn\linear_model\_logistic.py:1457: FutureWarning: 'n_jobs' has no effect since 1.8 and will be removed in 1.10. You provided 'n_jobs=-1', please leave it unspecified.
  warnings.warn(msg, category=FutureWarning)
sparse_whole_delay_v3_k4_floor0_seed44          2.16    3.92  44.86%   0.739   0.578   0.839   0.703  +0.136   0.17
D:\IC_2025\IRP\workspace\venv\Lib\site-packages\torch\nn\utils\weight_norm.py:143: FutureWarning: `torch.nn.utils.weight_norm` is deprecated in favor of `torch.nn.utils.parametrizations.weight_norm`.
  WeightNorm.apply(module, name, dim)
D:\IC_2025\IRP\workspace\venv\Lib\site-packages\sklearn\linear_model\_logistic.py:1457: FutureWarning: 'n_jobs' has no effect since 1.8 and will be removed in 1.10. You provided 'n_jobs=-1', please leave it unspecified.
  warnings.warn(msg, category=FutureWarning)
D:\IC_2025\IRP\workspace\venv\Lib\site-packages\sklearn\linear_model\_logistic.py:1457: FutureWarning: 'n_jobs' has no effect since 1.8 and will be removed in 1.10. You provided 'n_jobs=-1', please leave it unspecified.
  warnings.warn(msg, category=FutureWarning)
D:\IC_2025\IRP\workspace\venv\Lib\site-packages\sklearn\linear_model\_logistic.py:1457: FutureWarning: 'n_jobs' has no effect since 1.8 and will be removed in 1.10. You provided 'n_jobs=-1', please leave it unspecified.
  warnings.warn(msg, category=FutureWarning)
D:\IC_2025\IRP\workspace\venv\Lib\site-packages\sklearn\linear_model\_logistic.py:1457: FutureWarning: 'n_jobs' has no effect since 1.8 and will be removed in 1.10. You provided 'n_jobs=-1', please leave it unspecified.
  warnings.warn(msg, category=FutureWarning)
D:\IC_2025\IRP\workspace\venv\Lib\site-packages\sklearn\linear_model\_logistic.py:1457: FutureWarning: 'n_jobs' has no effect since 1.8 and will be removed in 1.10. You provided 'n_jobs=-1', please leave it unspecified.
  warnings.warn(msg, category=FutureWarning)
D:\IC_2025\IRP\workspace\venv\Lib\site-packages\sklearn\linear_model\_logistic.py:1457: FutureWarning: 'n_jobs' has no effect since 1.8 and will be removed in 1.10. You provided 'n_jobs=-1', please leave it unspecified.
  warnings.warn(msg, category=FutureWarning)
D:\IC_2025\IRP\workspace\venv\Lib\site-packages\sklearn\linear_model\_logistic.py:1457: FutureWarning: 'n_jobs' has no effect since 1.8 and will be removed in 1.10. You provided 'n_jobs=-1', please leave it unspecified.
  warnings.warn(msg, category=FutureWarning)
D:\IC_2025\IRP\workspace\venv\Lib\site-packages\sklearn\linear_model\_logistic.py:1457: FutureWarning: 'n_jobs' has no effect since 1.8 and will be removed in 1.10. You provided 'n_jobs=-1', please leave it unspecified.
  warnings.warn(msg, category=FutureWarning)
D:\IC_2025\IRP\workspace\venv\Lib\site-packages\sklearn\linear_model\_logistic.py:1457: FutureWarning: 'n_jobs' has no effect since 1.8 and will be removed in 1.10. You provided 'n_jobs=-1', please leave it unspecified.
  warnings.warn(msg, category=FutureWarning)
D:\IC_2025\IRP\workspace\venv\Lib\site-packages\sklearn\linear_model\_logistic.py:1457: FutureWarning: 'n_jobs' has no effect since 1.8 and will be removed in 1.10. You provided 'n_jobs=-1', please leave it unspecified.
  warnings.warn(msg, category=FutureWarning)
D:\IC_2025\IRP\workspace\venv\Lib\site-packages\sklearn\linear_model\_logistic.py:1457: FutureWarning: 'n_jobs' has no effect since 1.8 and will be removed in 1.10. You provided 'n_jobs=-1', please leave it unspecified.
  warnings.warn(msg, category=FutureWarning)
D:\IC_2025\IRP\workspace\venv\Lib\site-packages\sklearn\linear_model\_logistic.py:1457: FutureWarning: 'n_jobs' has no effect since 1.8 and will be removed in 1.10. You provided 'n_jobs=-1', please leave it unspecified.
  warnings.warn(msg, category=FutureWarning)
sparse_whole_delay_v3_k4_floor1_seed42          2.96    3.30  10.18%   0.708   0.466   0.841   0.649  +0.192   0.24
D:\IC_2025\IRP\workspace\venv\Lib\site-packages\torch\nn\utils\weight_norm.py:143: FutureWarning: `torch.nn.utils.weight_norm` is deprecated in favor of `torch.nn.utils.parametrizations.weight_norm`.
  WeightNorm.apply(module, name, dim)
D:\IC_2025\IRP\workspace\venv\Lib\site-packages\sklearn\linear_model\_logistic.py:1457: FutureWarning: 'n_jobs' has no effect since 1.8 and will be removed in 1.10. You provided 'n_jobs=-1', please leave it unspecified.
  warnings.warn(msg, category=FutureWarning)
D:\IC_2025\IRP\workspace\venv\Lib\site-packages\sklearn\linear_model\_logistic.py:1457: FutureWarning: 'n_jobs' has no effect since 1.8 and will be removed in 1.10. You provided 'n_jobs=-1', please leave it unspecified.
  warnings.warn(msg, category=FutureWarning)
D:\IC_2025\IRP\workspace\venv\Lib\site-packages\sklearn\linear_model\_logistic.py:1457: FutureWarning: 'n_jobs' has no effect since 1.8 and will be removed in 1.10. You provided 'n_jobs=-1', please leave it unspecified.
  warnings.warn(msg, category=FutureWarning)
D:\IC_2025\IRP\workspace\venv\Lib\site-packages\sklearn\linear_model\_logistic.py:1457: FutureWarning: 'n_jobs' has no effect since 1.8 and will be removed in 1.10. You provided 'n_jobs=-1', please leave it unspecified.
  warnings.warn(msg, category=FutureWarning)
D:\IC_2025\IRP\workspace\venv\Lib\site-packages\sklearn\linear_model\_logistic.py:1457: FutureWarning: 'n_jobs' has no effect since 1.8 and will be removed in 1.10. You provided 'n_jobs=-1', please leave it unspecified.
  warnings.warn(msg, category=FutureWarning)
D:\IC_2025\IRP\workspace\venv\Lib\site-packages\sklearn\linear_model\_logistic.py:1457: FutureWarning: 'n_jobs' has no effect since 1.8 and will be removed in 1.10. You provided 'n_jobs=-1', please leave it unspecified.
  warnings.warn(msg, category=FutureWarning)
D:\IC_2025\IRP\workspace\venv\Lib\site-packages\sklearn\linear_model\_logistic.py:1457: FutureWarning: 'n_jobs' has no effect since 1.8 and will be removed in 1.10. You provided 'n_jobs=-1', please leave it unspecified.
  warnings.warn(msg, category=FutureWarning)
D:\IC_2025\IRP\workspace\venv\Lib\site-packages\sklearn\linear_model\_logistic.py:1457: FutureWarning: 'n_jobs' has no effect since 1.8 and will be removed in 1.10. You provided 'n_jobs=-1', please leave it unspecified.
  warnings.warn(msg, category=FutureWarning)
D:\IC_2025\IRP\workspace\venv\Lib\site-packages\sklearn\linear_model\_logistic.py:1457: FutureWarning: 'n_jobs' has no effect since 1.8 and will be removed in 1.10. You provided 'n_jobs=-1', please leave it unspecified.
  warnings.warn(msg, category=FutureWarning)
D:\IC_2025\IRP\workspace\venv\Lib\site-packages\sklearn\linear_model\_logistic.py:1457: FutureWarning: 'n_jobs' has no effect since 1.8 and will be removed in 1.10. You provided 'n_jobs=-1', please leave it unspecified.
  warnings.warn(msg, category=FutureWarning)
D:\IC_2025\IRP\workspace\venv\Lib\site-packages\sklearn\linear_model\_logistic.py:1457: FutureWarning: 'n_jobs' has no effect since 1.8 and will be removed in 1.10. You provided 'n_jobs=-1', please leave it unspecified.
  warnings.warn(msg, category=FutureWarning)
D:\IC_2025\IRP\workspace\venv\Lib\site-packages\sklearn\linear_model\_logistic.py:1457: FutureWarning: 'n_jobs' has no effect since 1.8 and will be removed in 1.10. You provided 'n_jobs=-1', please leave it unspecified.
  warnings.warn(msg, category=FutureWarning)
sparse_whole_delay_v3_k4_floor1_seed43          3.11    3.43   9.32%   0.719   0.446   0.837   0.677  +0.160   0.20
D:\IC_2025\IRP\workspace\venv\Lib\site-packages\torch\nn\utils\weight_norm.py:143: FutureWarning: `torch.nn.utils.weight_norm` is deprecated in favor of `torch.nn.utils.parametrizations.weight_norm`.
  WeightNorm.apply(module, name, dim)
D:\IC_2025\IRP\workspace\venv\Lib\site-packages\sklearn\linear_model\_logistic.py:1457: FutureWarning: 'n_jobs' has no effect since 1.8 and will be removed in 1.10. You provided 'n_jobs=-1', please leave it unspecified.
  warnings.warn(msg, category=FutureWarning)
D:\IC_2025\IRP\workspace\venv\Lib\site-packages\sklearn\linear_model\_logistic.py:1457: FutureWarning: 'n_jobs' has no effect since 1.8 and will be removed in 1.10. You provided 'n_jobs=-1', please leave it unspecified.
  warnings.warn(msg, category=FutureWarning)
D:\IC_2025\IRP\workspace\venv\Lib\site-packages\sklearn\linear_model\_logistic.py:1457: FutureWarning: 'n_jobs' has no effect since 1.8 and will be removed in 1.10. You provided 'n_jobs=-1', please leave it unspecified.
  warnings.warn(msg, category=FutureWarning)
D:\IC_2025\IRP\workspace\venv\Lib\site-packages\sklearn\linear_model\_logistic.py:1457: FutureWarning: 'n_jobs' has no effect since 1.8 and will be removed in 1.10. You provided 'n_jobs=-1', please leave it unspecified.
  warnings.warn(msg, category=FutureWarning)
D:\IC_2025\IRP\workspace\venv\Lib\site-packages\sklearn\linear_model\_logistic.py:1457: FutureWarning: 'n_jobs' has no effect since 1.8 and will be removed in 1.10. You provided 'n_jobs=-1', please leave it unspecified.
  warnings.warn(msg, category=FutureWarning)
D:\IC_2025\IRP\workspace\venv\Lib\site-packages\sklearn\linear_model\_logistic.py:1457: FutureWarning: 'n_jobs' has no effect since 1.8 and will be removed in 1.10. You provided 'n_jobs=-1', please leave it unspecified.
  warnings.warn(msg, category=FutureWarning)
D:\IC_2025\IRP\workspace\venv\Lib\site-packages\sklearn\linear_model\_logistic.py:1457: FutureWarning: 'n_jobs' has no effect since 1.8 and will be removed in 1.10. You provided 'n_jobs=-1', please leave it unspecified.
  warnings.warn(msg, category=FutureWarning)
D:\IC_2025\IRP\workspace\venv\Lib\site-packages\sklearn\linear_model\_logistic.py:1457: FutureWarning: 'n_jobs' has no effect since 1.8 and will be removed in 1.10. You provided 'n_jobs=-1', please leave it unspecified.
  warnings.warn(msg, category=FutureWarning)
D:\IC_2025\IRP\workspace\venv\Lib\site-packages\sklearn\linear_model\_logistic.py:1457: FutureWarning: 'n_jobs' has no effect since 1.8 and will be removed in 1.10. You provided 'n_jobs=-1', please leave it unspecified.
  warnings.warn(msg, category=FutureWarning)
D:\IC_2025\IRP\workspace\venv\Lib\site-packages\sklearn\linear_model\_logistic.py:1457: FutureWarning: 'n_jobs' has no effect since 1.8 and will be removed in 1.10. You provided 'n_jobs=-1', please leave it unspecified.
  warnings.warn(msg, category=FutureWarning)
D:\IC_2025\IRP\workspace\venv\Lib\site-packages\sklearn\linear_model\_logistic.py:1457: FutureWarning: 'n_jobs' has no effect since 1.8 and will be removed in 1.10. You provided 'n_jobs=-1', please leave it unspecified.
  warnings.warn(msg, category=FutureWarning)
D:\IC_2025\IRP\workspace\venv\Lib\site-packages\sklearn\linear_model\_logistic.py:1457: FutureWarning: 'n_jobs' has no effect since 1.8 and will be removed in 1.10. You provided 'n_jobs=-1', please leave it unspecified.
  warnings.warn(msg, category=FutureWarning)
sparse_whole_delay_v3_k4_floor1_seed44          3.14    3.45   8.99%   0.729   0.446   0.842   0.674  +0.168   0.21
D:\IC_2025\IRP\workspace\venv\Lib\site-packages\torch\nn\utils\weight_norm.py:143: FutureWarning: `torch.nn.utils.weight_norm` is deprecated in favor of `torch.nn.utils.parametrizations.weight_norm`.
  WeightNorm.apply(module, name, dim)
D:\IC_2025\IRP\workspace\venv\Lib\site-packages\sklearn\linear_model\_logistic.py:1457: FutureWarning: 'n_jobs' has no effect since 1.8 and will be removed in 1.10. You provided 'n_jobs=-1', please leave it unspecified.
  warnings.warn(msg, category=FutureWarning)
D:\IC_2025\IRP\workspace\venv\Lib\site-packages\sklearn\linear_model\_logistic.py:1457: FutureWarning: 'n_jobs' has no effect since 1.8 and will be removed in 1.10. You provided 'n_jobs=-1', please leave it unspecified.
  warnings.warn(msg, category=FutureWarning)
D:\IC_2025\IRP\workspace\venv\Lib\site-packages\sklearn\linear_model\_logistic.py:1457: FutureWarning: 'n_jobs' has no effect since 1.8 and will be removed in 1.10. You provided 'n_jobs=-1', please leave it unspecified.
  warnings.warn(msg, category=FutureWarning)
D:\IC_2025\IRP\workspace\venv\Lib\site-packages\sklearn\linear_model\_logistic.py:1457: FutureWarning: 'n_jobs' has no effect since 1.8 and will be removed in 1.10. You provided 'n_jobs=-1', please leave it unspecified.
  warnings.warn(msg, category=FutureWarning)
D:\IC_2025\IRP\workspace\venv\Lib\site-packages\sklearn\linear_model\_logistic.py:1457: FutureWarning: 'n_jobs' has no effect since 1.8 and will be removed in 1.10. You provided 'n_jobs=-1', please leave it unspecified.
  warnings.warn(msg, category=FutureWarning)
D:\IC_2025\IRP\workspace\venv\Lib\site-packages\sklearn\linear_model\_logistic.py:1457: FutureWarning: 'n_jobs' has no effect since 1.8 and will be removed in 1.10. You provided 'n_jobs=-1', please leave it unspecified.
  warnings.warn(msg, category=FutureWarning)
D:\IC_2025\IRP\workspace\venv\Lib\site-packages\sklearn\linear_model\_logistic.py:1457: FutureWarning: 'n_jobs' has no effect since 1.8 and will be removed in 1.10. You provided 'n_jobs=-1', please leave it unspecified.
  warnings.warn(msg, category=FutureWarning)
D:\IC_2025\IRP\workspace\venv\Lib\site-packages\sklearn\linear_model\_logistic.py:1457: FutureWarning: 'n_jobs' has no effect since 1.8 and will be removed in 1.10. You provided 'n_jobs=-1', please leave it unspecified.
  warnings.warn(msg, category=FutureWarning)
D:\IC_2025\IRP\workspace\venv\Lib\site-packages\sklearn\linear_model\_logistic.py:1457: FutureWarning: 'n_jobs' has no effect since 1.8 and will be removed in 1.10. You provided 'n_jobs=-1', please leave it unspecified.
  warnings.warn(msg, category=FutureWarning)
D:\IC_2025\IRP\workspace\venv\Lib\site-packages\sklearn\linear_model\_logistic.py:1457: FutureWarning: 'n_jobs' has no effect since 1.8 and will be removed in 1.10. You provided 'n_jobs=-1', please leave it unspecified.
  warnings.warn(msg, category=FutureWarning)
D:\IC_2025\IRP\workspace\venv\Lib\site-packages\sklearn\linear_model\_logistic.py:1457: FutureWarning: 'n_jobs' has no effect since 1.8 and will be removed in 1.10. You provided 'n_jobs=-1', please leave it unspecified.
  warnings.warn(msg, category=FutureWarning)
D:\IC_2025\IRP\workspace\venv\Lib\site-packages\sklearn\linear_model\_logistic.py:1457: FutureWarning: 'n_jobs' has no effect since 1.8 and will be removed in 1.10. You provided 'n_jobs=-1', please leave it unspecified.
  warnings.warn(msg, category=FutureWarning)
sparse_whole_delay_v3_k8_floor0_seed42          3.24    4.97  34.75%   0.735   0.516   0.850   0.666  +0.184   0.23
D:\IC_2025\IRP\workspace\venv\Lib\site-packages\torch\nn\utils\weight_norm.py:143: FutureWarning: `torch.nn.utils.weight_norm` is deprecated in favor of `torch.nn.utils.parametrizations.weight_norm`.
  WeightNorm.apply(module, name, dim)
D:\IC_2025\IRP\workspace\venv\Lib\site-packages\sklearn\linear_model\_logistic.py:1457: FutureWarning: 'n_jobs' has no effect since 1.8 and will be removed in 1.10. You provided 'n_jobs=-1', please leave it unspecified.
  warnings.warn(msg, category=FutureWarning)
D:\IC_2025\IRP\workspace\venv\Lib\site-packages\sklearn\linear_model\_logistic.py:1457: FutureWarning: 'n_jobs' has no effect since 1.8 and will be removed in 1.10. You provided 'n_jobs=-1', please leave it unspecified.
  warnings.warn(msg, category=FutureWarning)
D:\IC_2025\IRP\workspace\venv\Lib\site-packages\sklearn\linear_model\_logistic.py:1457: FutureWarning: 'n_jobs' has no effect since 1.8 and will be removed in 1.10. You provided 'n_jobs=-1', please leave it unspecified.
  warnings.warn(msg, category=FutureWarning)
D:\IC_2025\IRP\workspace\venv\Lib\site-packages\sklearn\linear_model\_logistic.py:1457: FutureWarning: 'n_jobs' has no effect since 1.8 and will be removed in 1.10. You provided 'n_jobs=-1', please leave it unspecified.
  warnings.warn(msg, category=FutureWarning)
D:\IC_2025\IRP\workspace\venv\Lib\site-packages\sklearn\linear_model\_logistic.py:1457: FutureWarning: 'n_jobs' has no effect since 1.8 and will be removed in 1.10. You provided 'n_jobs=-1', please leave it unspecified.
  warnings.warn(msg, category=FutureWarning)
D:\IC_2025\IRP\workspace\venv\Lib\site-packages\sklearn\linear_model\_logistic.py:1457: FutureWarning: 'n_jobs' has no effect since 1.8 and will be removed in 1.10. You provided 'n_jobs=-1', please leave it unspecified.
  warnings.warn(msg, category=FutureWarning)
D:\IC_2025\IRP\workspace\venv\Lib\site-packages\sklearn\linear_model\_logistic.py:1457: FutureWarning: 'n_jobs' has no effect since 1.8 and will be removed in 1.10. You provided 'n_jobs=-1', please leave it unspecified.
  warnings.warn(msg, category=FutureWarning)
D:\IC_2025\IRP\workspace\venv\Lib\site-packages\sklearn\linear_model\_logistic.py:1457: FutureWarning: 'n_jobs' has no effect since 1.8 and will be removed in 1.10. You provided 'n_jobs=-1', please leave it unspecified.
  warnings.warn(msg, category=FutureWarning)
D:\IC_2025\IRP\workspace\venv\Lib\site-packages\sklearn\linear_model\_logistic.py:1457: FutureWarning: 'n_jobs' has no effect since 1.8 and will be removed in 1.10. You provided 'n_jobs=-1', please leave it unspecified.
  warnings.warn(msg, category=FutureWarning)
D:\IC_2025\IRP\workspace\venv\Lib\site-packages\sklearn\linear_model\_logistic.py:1457: FutureWarning: 'n_jobs' has no effect since 1.8 and will be removed in 1.10. You provided 'n_jobs=-1', please leave it unspecified.
  warnings.warn(msg, category=FutureWarning)
D:\IC_2025\IRP\workspace\venv\Lib\site-packages\sklearn\linear_model\_logistic.py:1457: FutureWarning: 'n_jobs' has no effect since 1.8 and will be removed in 1.10. You provided 'n_jobs=-1', please leave it unspecified.
  warnings.warn(msg, category=FutureWarning)
D:\IC_2025\IRP\workspace\venv\Lib\site-packages\sklearn\linear_model\_logistic.py:1457: FutureWarning: 'n_jobs' has no effect since 1.8 and will be removed in 1.10. You provided 'n_jobs=-1', please leave it unspecified.
  warnings.warn(msg, category=FutureWarning)
sparse_whole_delay_v3_k8_floor0_seed43          3.06    5.08  39.79%   0.755   0.510   0.862   0.686  +0.176   0.22
D:\IC_2025\IRP\workspace\venv\Lib\site-packages\torch\nn\utils\weight_norm.py:143: FutureWarning: `torch.nn.utils.weight_norm` is deprecated in favor of `torch.nn.utils.parametrizations.weight_norm`.
  WeightNorm.apply(module, name, dim)
D:\IC_2025\IRP\workspace\venv\Lib\site-packages\sklearn\linear_model\_logistic.py:1457: FutureWarning: 'n_jobs' has no effect since 1.8 and will be removed in 1.10. You provided 'n_jobs=-1', please leave it unspecified.
  warnings.warn(msg, category=FutureWarning)
D:\IC_2025\IRP\workspace\venv\Lib\site-packages\sklearn\linear_model\_logistic.py:1457: FutureWarning: 'n_jobs' has no effect since 1.8 and will be removed in 1.10. You provided 'n_jobs=-1', please leave it unspecified.
  warnings.warn(msg, category=FutureWarning)
D:\IC_2025\IRP\workspace\venv\Lib\site-packages\sklearn\linear_model\_logistic.py:1457: FutureWarning: 'n_jobs' has no effect since 1.8 and will be removed in 1.10. You provided 'n_jobs=-1', please leave it unspecified.
  warnings.warn(msg, category=FutureWarning)
D:\IC_2025\IRP\workspace\venv\Lib\site-packages\sklearn\linear_model\_logistic.py:1457: FutureWarning: 'n_jobs' has no effect since 1.8 and will be removed in 1.10. You provided 'n_jobs=-1', please leave it unspecified.
  warnings.warn(msg, category=FutureWarning)
D:\IC_2025\IRP\workspace\venv\Lib\site-packages\sklearn\linear_model\_logistic.py:1457: FutureWarning: 'n_jobs' has no effect since 1.8 and will be removed in 1.10. You provided 'n_jobs=-1', please leave it unspecified.
  warnings.warn(msg, category=FutureWarning)
D:\IC_2025\IRP\workspace\venv\Lib\site-packages\sklearn\linear_model\_logistic.py:1457: FutureWarning: 'n_jobs' has no effect since 1.8 and will be removed in 1.10. You provided 'n_jobs=-1', please leave it unspecified.
  warnings.warn(msg, category=FutureWarning)
D:\IC_2025\IRP\workspace\venv\Lib\site-packages\sklearn\linear_model\_logistic.py:1457: FutureWarning: 'n_jobs' has no effect since 1.8 and will be removed in 1.10. You provided 'n_jobs=-1', please leave it unspecified.
  warnings.warn(msg, category=FutureWarning)
D:\IC_2025\IRP\workspace\venv\Lib\site-packages\sklearn\linear_model\_logistic.py:1457: FutureWarning: 'n_jobs' has no effect since 1.8 and will be removed in 1.10. You provided 'n_jobs=-1', please leave it unspecified.
  warnings.warn(msg, category=FutureWarning)
D:\IC_2025\IRP\workspace\venv\Lib\site-packages\sklearn\linear_model\_logistic.py:1457: FutureWarning: 'n_jobs' has no effect since 1.8 and will be removed in 1.10. You provided 'n_jobs=-1', please leave it unspecified.
  warnings.warn(msg, category=FutureWarning)
D:\IC_2025\IRP\workspace\venv\Lib\site-packages\sklearn\linear_model\_logistic.py:1457: FutureWarning: 'n_jobs' has no effect since 1.8 and will be removed in 1.10. You provided 'n_jobs=-1', please leave it unspecified.
  warnings.warn(msg, category=FutureWarning)
D:\IC_2025\IRP\workspace\venv\Lib\site-packages\sklearn\linear_model\_logistic.py:1457: FutureWarning: 'n_jobs' has no effect since 1.8 and will be removed in 1.10. You provided 'n_jobs=-1', please leave it unspecified.
  warnings.warn(msg, category=FutureWarning)
D:\IC_2025\IRP\workspace\venv\Lib\site-packages\sklearn\linear_model\_logistic.py:1457: FutureWarning: 'n_jobs' has no effect since 1.8 and will be removed in 1.10. You provided 'n_jobs=-1', please leave it unspecified.
  warnings.warn(msg, category=FutureWarning)
sparse_whole_delay_v3_k8_floor0_seed44          2.99    4.88  38.81%   0.757   0.500   0.866   0.675  +0.190   0.23
D:\IC_2025\IRP\workspace\venv\Lib\site-packages\torch\nn\utils\weight_norm.py:143: FutureWarning: `torch.nn.utils.weight_norm` is deprecated in favor of `torch.nn.utils.parametrizations.weight_norm`.
  WeightNorm.apply(module, name, dim)
D:\IC_2025\IRP\workspace\venv\Lib\site-packages\sklearn\linear_model\_logistic.py:1457: FutureWarning: 'n_jobs' has no effect since 1.8 and will be removed in 1.10. You provided 'n_jobs=-1', please leave it unspecified.
  warnings.warn(msg, category=FutureWarning)
D:\IC_2025\IRP\workspace\venv\Lib\site-packages\sklearn\linear_model\_logistic.py:1457: FutureWarning: 'n_jobs' has no effect since 1.8 and will be removed in 1.10. You provided 'n_jobs=-1', please leave it unspecified.
  warnings.warn(msg, category=FutureWarning)
D:\IC_2025\IRP\workspace\venv\Lib\site-packages\sklearn\linear_model\_logistic.py:1457: FutureWarning: 'n_jobs' has no effect since 1.8 and will be removed in 1.10. You provided 'n_jobs=-1', please leave it unspecified.
  warnings.warn(msg, category=FutureWarning)
D:\IC_2025\IRP\workspace\venv\Lib\site-packages\sklearn\linear_model\_logistic.py:1457: FutureWarning: 'n_jobs' has no effect since 1.8 and will be removed in 1.10. You provided 'n_jobs=-1', please leave it unspecified.
  warnings.warn(msg, category=FutureWarning)
D:\IC_2025\IRP\workspace\venv\Lib\site-packages\sklearn\linear_model\_logistic.py:1457: FutureWarning: 'n_jobs' has no effect since 1.8 and will be removed in 1.10. You provided 'n_jobs=-1', please leave it unspecified.
  warnings.warn(msg, category=FutureWarning)
D:\IC_2025\IRP\workspace\venv\Lib\site-packages\sklearn\linear_model\_logistic.py:1457: FutureWarning: 'n_jobs' has no effect since 1.8 and will be removed in 1.10. You provided 'n_jobs=-1', please leave it unspecified.
  warnings.warn(msg, category=FutureWarning)
D:\IC_2025\IRP\workspace\venv\Lib\site-packages\sklearn\linear_model\_logistic.py:1457: FutureWarning: 'n_jobs' has no effect since 1.8 and will be removed in 1.10. You provided 'n_jobs=-1', please leave it unspecified.
  warnings.warn(msg, category=FutureWarning)
D:\IC_2025\IRP\workspace\venv\Lib\site-packages\sklearn\linear_model\_logistic.py:1457: FutureWarning: 'n_jobs' has no effect since 1.8 and will be removed in 1.10. You provided 'n_jobs=-1', please leave it unspecified.
  warnings.warn(msg, category=FutureWarning)
D:\IC_2025\IRP\workspace\venv\Lib\site-packages\sklearn\linear_model\_logistic.py:1457: FutureWarning: 'n_jobs' has no effect since 1.8 and will be removed in 1.10. You provided 'n_jobs=-1', please leave it unspecified.
  warnings.warn(msg, category=FutureWarning)
D:\IC_2025\IRP\workspace\venv\Lib\site-packages\sklearn\linear_model\_logistic.py:1457: FutureWarning: 'n_jobs' has no effect since 1.8 and will be removed in 1.10. You provided 'n_jobs=-1', please leave it unspecified.
  warnings.warn(msg, category=FutureWarning)
D:\IC_2025\IRP\workspace\venv\Lib\site-packages\sklearn\linear_model\_logistic.py:1457: FutureWarning: 'n_jobs' has no effect since 1.8 and will be removed in 1.10. You provided 'n_jobs=-1', please leave it unspecified.
  warnings.warn(msg, category=FutureWarning)
D:\IC_2025\IRP\workspace\venv\Lib\site-packages\sklearn\linear_model\_logistic.py:1457: FutureWarning: 'n_jobs' has no effect since 1.8 and will be removed in 1.10. You provided 'n_jobs=-1', please leave it unspecified.
  warnings.warn(msg, category=FutureWarning)
sparse_whole_delay_v3_k8_floor1_seed42          4.55    4.80   5.24%   0.728   0.388   0.851   0.648  +0.203   0.25
D:\IC_2025\IRP\workspace\venv\Lib\site-packages\torch\nn\utils\weight_norm.py:143: FutureWarning: `torch.nn.utils.weight_norm` is deprecated in favor of `torch.nn.utils.parametrizations.weight_norm`.
  WeightNorm.apply(module, name, dim)
D:\IC_2025\IRP\workspace\venv\Lib\site-packages\sklearn\linear_model\_logistic.py:1457: FutureWarning: 'n_jobs' has no effect since 1.8 and will be removed in 1.10. You provided 'n_jobs=-1', please leave it unspecified.
  warnings.warn(msg, category=FutureWarning)
D:\IC_2025\IRP\workspace\venv\Lib\site-packages\sklearn\linear_model\_logistic.py:1457: FutureWarning: 'n_jobs' has no effect since 1.8 and will be removed in 1.10. You provided 'n_jobs=-1', please leave it unspecified.
  warnings.warn(msg, category=FutureWarning)
D:\IC_2025\IRP\workspace\venv\Lib\site-packages\sklearn\linear_model\_logistic.py:1457: FutureWarning: 'n_jobs' has no effect since 1.8 and will be removed in 1.10. You provided 'n_jobs=-1', please leave it unspecified.
  warnings.warn(msg, category=FutureWarning)
D:\IC_2025\IRP\workspace\venv\Lib\site-packages\sklearn\linear_model\_logistic.py:1457: FutureWarning: 'n_jobs' has no effect since 1.8 and will be removed in 1.10. You provided 'n_jobs=-1', please leave it unspecified.
  warnings.warn(msg, category=FutureWarning)
D:\IC_2025\IRP\workspace\venv\Lib\site-packages\sklearn\linear_model\_logistic.py:1457: FutureWarning: 'n_jobs' has no effect since 1.8 and will be removed in 1.10. You provided 'n_jobs=-1', please leave it unspecified.
  warnings.warn(msg, category=FutureWarning)
D:\IC_2025\IRP\workspace\venv\Lib\site-packages\sklearn\linear_model\_logistic.py:1457: FutureWarning: 'n_jobs' has no effect since 1.8 and will be removed in 1.10. You provided 'n_jobs=-1', please leave it unspecified.
  warnings.warn(msg, category=FutureWarning)
D:\IC_2025\IRP\workspace\venv\Lib\site-packages\sklearn\linear_model\_logistic.py:1457: FutureWarning: 'n_jobs' has no effect since 1.8 and will be removed in 1.10. You provided 'n_jobs=-1', please leave it unspecified.
  warnings.warn(msg, category=FutureWarning)
D:\IC_2025\IRP\workspace\venv\Lib\site-packages\sklearn\linear_model\_logistic.py:1457: FutureWarning: 'n_jobs' has no effect since 1.8 and will be removed in 1.10. You provided 'n_jobs=-1', please leave it unspecified.
  warnings.warn(msg, category=FutureWarning)
D:\IC_2025\IRP\workspace\venv\Lib\site-packages\sklearn\linear_model\_logistic.py:1457: FutureWarning: 'n_jobs' has no effect since 1.8 and will be removed in 1.10. You provided 'n_jobs=-1', please leave it unspecified.
  warnings.warn(msg, category=FutureWarning)
D:\IC_2025\IRP\workspace\venv\Lib\site-packages\sklearn\linear_model\_logistic.py:1457: FutureWarning: 'n_jobs' has no effect since 1.8 and will be removed in 1.10. You provided 'n_jobs=-1', please leave it unspecified.
  warnings.warn(msg, category=FutureWarning)
D:\IC_2025\IRP\workspace\venv\Lib\site-packages\sklearn\linear_model\_logistic.py:1457: FutureWarning: 'n_jobs' has no effect since 1.8 and will be removed in 1.10. You provided 'n_jobs=-1', please leave it unspecified.
  warnings.warn(msg, category=FutureWarning)
D:\IC_2025\IRP\workspace\venv\Lib\site-packages\sklearn\linear_model\_logistic.py:1457: FutureWarning: 'n_jobs' has no effect since 1.8 and will be removed in 1.10. You provided 'n_jobs=-1', please leave it unspecified.
  warnings.warn(msg, category=FutureWarning)
sparse_whole_delay_v3_k8_floor1_seed43          4.32    4.61   6.20%   0.736   0.423   0.842   0.677  +0.165   0.21
D:\IC_2025\IRP\workspace\venv\Lib\site-packages\torch\nn\utils\weight_norm.py:143: FutureWarning: `torch.nn.utils.weight_norm` is deprecated in favor of `torch.nn.utils.parametrizations.weight_norm`.
  WeightNorm.apply(module, name, dim)
D:\IC_2025\IRP\workspace\venv\Lib\site-packages\sklearn\linear_model\_logistic.py:1457: FutureWarning: 'n_jobs' has no effect since 1.8 and will be removed in 1.10. You provided 'n_jobs=-1', please leave it unspecified.
  warnings.warn(msg, category=FutureWarning)
D:\IC_2025\IRP\workspace\venv\Lib\site-packages\sklearn\linear_model\_logistic.py:1457: FutureWarning: 'n_jobs' has no effect since 1.8 and will be removed in 1.10. You provided 'n_jobs=-1', please leave it unspecified.
  warnings.warn(msg, category=FutureWarning)
D:\IC_2025\IRP\workspace\venv\Lib\site-packages\sklearn\linear_model\_logistic.py:1457: FutureWarning: 'n_jobs' has no effect since 1.8 and will be removed in 1.10. You provided 'n_jobs=-1', please leave it unspecified.
  warnings.warn(msg, category=FutureWarning)
D:\IC_2025\IRP\workspace\venv\Lib\site-packages\sklearn\linear_model\_logistic.py:1457: FutureWarning: 'n_jobs' has no effect since 1.8 and will be removed in 1.10. You provided 'n_jobs=-1', please leave it unspecified.
  warnings.warn(msg, category=FutureWarning)
D:\IC_2025\IRP\workspace\venv\Lib\site-packages\sklearn\linear_model\_logistic.py:1457: FutureWarning: 'n_jobs' has no effect since 1.8 and will be removed in 1.10. You provided 'n_jobs=-1', please leave it unspecified.
  warnings.warn(msg, category=FutureWarning)
D:\IC_2025\IRP\workspace\venv\Lib\site-packages\sklearn\linear_model\_logistic.py:1457: FutureWarning: 'n_jobs' has no effect since 1.8 and will be removed in 1.10. You provided 'n_jobs=-1', please leave it unspecified.
  warnings.warn(msg, category=FutureWarning)
D:\IC_2025\IRP\workspace\venv\Lib\site-packages\sklearn\linear_model\_logistic.py:1457: FutureWarning: 'n_jobs' has no effect since 1.8 and will be removed in 1.10. You provided 'n_jobs=-1', please leave it unspecified.
  warnings.warn(msg, category=FutureWarning)
D:\IC_2025\IRP\workspace\venv\Lib\site-packages\sklearn\linear_model\_logistic.py:1457: FutureWarning: 'n_jobs' has no effect since 1.8 and will be removed in 1.10. You provided 'n_jobs=-1', please leave it unspecified.
  warnings.warn(msg, category=FutureWarning)
D:\IC_2025\IRP\workspace\venv\Lib\site-packages\sklearn\linear_model\_logistic.py:1457: FutureWarning: 'n_jobs' has no effect since 1.8 and will be removed in 1.10. You provided 'n_jobs=-1', please leave it unspecified.
  warnings.warn(msg, category=FutureWarning)
D:\IC_2025\IRP\workspace\venv\Lib\site-packages\sklearn\linear_model\_logistic.py:1457: FutureWarning: 'n_jobs' has no effect since 1.8 and will be removed in 1.10. You provided 'n_jobs=-1', please leave it unspecified.
  warnings.warn(msg, category=FutureWarning)
D:\IC_2025\IRP\workspace\venv\Lib\site-packages\sklearn\linear_model\_logistic.py:1457: FutureWarning: 'n_jobs' has no effect since 1.8 and will be removed in 1.10. You provided 'n_jobs=-1', please leave it unspecified.
  warnings.warn(msg, category=FutureWarning)
D:\IC_2025\IRP\workspace\venv\Lib\site-packages\sklearn\linear_model\_logistic.py:1457: FutureWarning: 'n_jobs' has no effect since 1.8 and will be removed in 1.10. You provided 'n_jobs=-1', please leave it unspecified.
  warnings.warn(msg, category=FutureWarning)
sparse_whole_delay_v3_k8_floor1_seed44          4.47    4.72   5.36%   0.745   0.380   0.852   0.675  +0.176   0.22
D:\IC_2025\IRP\workspace\venv\Lib\site-packages\torch\nn\utils\weight_norm.py:143: FutureWarning: `torch.nn.utils.weight_norm` is deprecated in favor of `torch.nn.utils.parametrizations.weight_norm`.
  WeightNorm.apply(module, name, dim)
D:\IC_2025\IRP\workspace\venv\Lib\site-packages\sklearn\linear_model\_logistic.py:1457: FutureWarning: 'n_jobs' has no effect since 1.8 and will be removed in 1.10. You provided 'n_jobs=-1', please leave it unspecified.
  warnings.warn(msg, category=FutureWarning)
D:\IC_2025\IRP\workspace\venv\Lib\site-packages\sklearn\linear_model\_logistic.py:1457: FutureWarning: 'n_jobs' has no effect since 1.8 and will be removed in 1.10. You provided 'n_jobs=-1', please leave it unspecified.
  warnings.warn(msg, category=FutureWarning)
D:\IC_2025\IRP\workspace\venv\Lib\site-packages\sklearn\linear_model\_logistic.py:1457: FutureWarning: 'n_jobs' has no effect since 1.8 and will be removed in 1.10. You provided 'n_jobs=-1', please leave it unspecified.
  warnings.warn(msg, category=FutureWarning)
D:\IC_2025\IRP\workspace\venv\Lib\site-packages\sklearn\linear_model\_logistic.py:1457: FutureWarning: 'n_jobs' has no effect since 1.8 and will be removed in 1.10. You provided 'n_jobs=-1', please leave it unspecified.
  warnings.warn(msg, category=FutureWarning)
D:\IC_2025\IRP\workspace\venv\Lib\site-packages\sklearn\linear_model\_logistic.py:1457: FutureWarning: 'n_jobs' has no effect since 1.8 and will be removed in 1.10. You provided 'n_jobs=-1', please leave it unspecified.
  warnings.warn(msg, category=FutureWarning)
D:\IC_2025\IRP\workspace\venv\Lib\site-packages\sklearn\linear_model\_logistic.py:1457: FutureWarning: 'n_jobs' has no effect since 1.8 and will be removed in 1.10. You provided 'n_jobs=-1', please leave it unspecified.
  warnings.warn(msg, category=FutureWarning)
D:\IC_2025\IRP\workspace\venv\Lib\site-packages\sklearn\linear_model\_logistic.py:1457: FutureWarning: 'n_jobs' has no effect since 1.8 and will be removed in 1.10. You provided 'n_jobs=-1', please leave it unspecified.
  warnings.warn(msg, category=FutureWarning)
D:\IC_2025\IRP\workspace\venv\Lib\site-packages\sklearn\linear_model\_logistic.py:1457: FutureWarning: 'n_jobs' has no effect since 1.8 and will be removed in 1.10. You provided 'n_jobs=-1', please leave it unspecified.
  warnings.warn(msg, category=FutureWarning)
D:\IC_2025\IRP\workspace\venv\Lib\site-packages\sklearn\linear_model\_logistic.py:1457: FutureWarning: 'n_jobs' has no effect since 1.8 and will be removed in 1.10. You provided 'n_jobs=-1', please leave it unspecified.
  warnings.warn(msg, category=FutureWarning)
D:\IC_2025\IRP\workspace\venv\Lib\site-packages\sklearn\linear_model\_logistic.py:1457: FutureWarning: 'n_jobs' has no effect since 1.8 and will be removed in 1.10. You provided 'n_jobs=-1', please leave it unspecified.
  warnings.warn(msg, category=FutureWarning)
D:\IC_2025\IRP\workspace\venv\Lib\site-packages\sklearn\linear_model\_logistic.py:1457: FutureWarning: 'n_jobs' has no effect since 1.8 and will be removed in 1.10. You provided 'n_jobs=-1', please leave it unspecified.
  warnings.warn(msg, category=FutureWarning)
D:\IC_2025\IRP\workspace\venv\Lib\site-packages\sklearn\linear_model\_logistic.py:1457: FutureWarning: 'n_jobs' has no effect since 1.8 and will be removed in 1.10. You provided 'n_jobs=-1', please leave it unspecified.
  warnings.warn(msg, category=FutureWarning)
Written to D:\IC_2025\IRP\workspace\my_project\exp_sparse_network\v3_analysis\log\hidden_channel_decode_v3_delay.json

=== nodelay: 24 checkpoints ===
run_tag                                       sp/neu  sp/act  silent   COUNT   IDENT    FULL    SHUF  TIMING   frac
sparse_whole_nodelay_v3_k1_floor0_seed42        0.67    2.58  74.03%   0.645   0.504   0.786   0.578  +0.208   0.28
D:\IC_2025\IRP\workspace\venv\Lib\site-packages\torch\nn\utils\weight_norm.py:143: FutureWarning: `torch.nn.utils.weight_norm` is deprecated in favor of `torch.nn.utils.parametrizations.weight_norm`.
  WeightNorm.apply(module, name, dim)
D:\IC_2025\IRP\workspace\venv\Lib\site-packages\sklearn\linear_model\_logistic.py:1457: FutureWarning: 'n_jobs' has no effect since 1.8 and will be removed in 1.10. You provided 'n_jobs=-1', please leave it unspecified.
  warnings.warn(msg, category=FutureWarning)
D:\IC_2025\IRP\workspace\venv\Lib\site-packages\sklearn\linear_model\_logistic.py:1457: FutureWarning: 'n_jobs' has no effect since 1.8 and will be removed in 1.10. You provided 'n_jobs=-1', please leave it unspecified.
  warnings.warn(msg, category=FutureWarning)
D:\IC_2025\IRP\workspace\venv\Lib\site-packages\sklearn\linear_model\_logistic.py:1457: FutureWarning: 'n_jobs' has no effect since 1.8 and will be removed in 1.10. You provided 'n_jobs=-1', please leave it unspecified.
  warnings.warn(msg, category=FutureWarning)
D:\IC_2025\IRP\workspace\venv\Lib\site-packages\sklearn\linear_model\_logistic.py:1457: FutureWarning: 'n_jobs' has no effect since 1.8 and will be removed in 1.10. You provided 'n_jobs=-1', please leave it unspecified.
  warnings.warn(msg, category=FutureWarning)
D:\IC_2025\IRP\workspace\venv\Lib\site-packages\sklearn\linear_model\_logistic.py:1457: FutureWarning: 'n_jobs' has no effect since 1.8 and will be removed in 1.10. You provided 'n_jobs=-1', please leave it unspecified.
  warnings.warn(msg, category=FutureWarning)
D:\IC_2025\IRP\workspace\venv\Lib\site-packages\sklearn\linear_model\_logistic.py:1457: FutureWarning: 'n_jobs' has no effect since 1.8 and will be removed in 1.10. You provided 'n_jobs=-1', please leave it unspecified.
  warnings.warn(msg, category=FutureWarning)
D:\IC_2025\IRP\workspace\venv\Lib\site-packages\sklearn\linear_model\_logistic.py:1457: FutureWarning: 'n_jobs' has no effect since 1.8 and will be removed in 1.10. You provided 'n_jobs=-1', please leave it unspecified.
  warnings.warn(msg, category=FutureWarning)
D:\IC_2025\IRP\workspace\venv\Lib\site-packages\sklearn\linear_model\_logistic.py:1457: FutureWarning: 'n_jobs' has no effect since 1.8 and will be removed in 1.10. You provided 'n_jobs=-1', please leave it unspecified.
  warnings.warn(msg, category=FutureWarning)
D:\IC_2025\IRP\workspace\venv\Lib\site-packages\sklearn\linear_model\_logistic.py:1457: FutureWarning: 'n_jobs' has no effect since 1.8 and will be removed in 1.10. You provided 'n_jobs=-1', please leave it unspecified.
  warnings.warn(msg, category=FutureWarning)
D:\IC_2025\IRP\workspace\venv\Lib\site-packages\sklearn\linear_model\_logistic.py:1457: FutureWarning: 'n_jobs' has no effect since 1.8 and will be removed in 1.10. You provided 'n_jobs=-1', please leave it unspecified.
  warnings.warn(msg, category=FutureWarning)
D:\IC_2025\IRP\workspace\venv\Lib\site-packages\sklearn\linear_model\_logistic.py:1457: FutureWarning: 'n_jobs' has no effect since 1.8 and will be removed in 1.10. You provided 'n_jobs=-1', please leave it unspecified.
  warnings.warn(msg, category=FutureWarning)
D:\IC_2025\IRP\workspace\venv\Lib\site-packages\sklearn\linear_model\_logistic.py:1457: FutureWarning: 'n_jobs' has no effect since 1.8 and will be removed in 1.10. You provided 'n_jobs=-1', please leave it unspecified.
  warnings.warn(msg, category=FutureWarning)
sparse_whole_nodelay_v3_k1_floor0_seed43        0.50    2.06  75.65%   0.629   0.514   0.766   0.581  +0.184   0.26
D:\IC_2025\IRP\workspace\venv\Lib\site-packages\torch\nn\utils\weight_norm.py:143: FutureWarning: `torch.nn.utils.weight_norm` is deprecated in favor of `torch.nn.utils.parametrizations.weight_norm`.
  WeightNorm.apply(module, name, dim)
D:\IC_2025\IRP\workspace\venv\Lib\site-packages\sklearn\linear_model\_logistic.py:1457: FutureWarning: 'n_jobs' has no effect since 1.8 and will be removed in 1.10. You provided 'n_jobs=-1', please leave it unspecified.
  warnings.warn(msg, category=FutureWarning)
D:\IC_2025\IRP\workspace\venv\Lib\site-packages\sklearn\linear_model\_logistic.py:1457: FutureWarning: 'n_jobs' has no effect since 1.8 and will be removed in 1.10. You provided 'n_jobs=-1', please leave it unspecified.
  warnings.warn(msg, category=FutureWarning)
D:\IC_2025\IRP\workspace\venv\Lib\site-packages\sklearn\linear_model\_logistic.py:1457: FutureWarning: 'n_jobs' has no effect since 1.8 and will be removed in 1.10. You provided 'n_jobs=-1', please leave it unspecified.
  warnings.warn(msg, category=FutureWarning)
D:\IC_2025\IRP\workspace\venv\Lib\site-packages\sklearn\linear_model\_logistic.py:1457: FutureWarning: 'n_jobs' has no effect since 1.8 and will be removed in 1.10. You provided 'n_jobs=-1', please leave it unspecified.
  warnings.warn(msg, category=FutureWarning)
D:\IC_2025\IRP\workspace\venv\Lib\site-packages\sklearn\linear_model\_logistic.py:1457: FutureWarning: 'n_jobs' has no effect since 1.8 and will be removed in 1.10. You provided 'n_jobs=-1', please leave it unspecified.
  warnings.warn(msg, category=FutureWarning)
D:\IC_2025\IRP\workspace\venv\Lib\site-packages\sklearn\linear_model\_logistic.py:1457: FutureWarning: 'n_jobs' has no effect since 1.8 and will be removed in 1.10. You provided 'n_jobs=-1', please leave it unspecified.
  warnings.warn(msg, category=FutureWarning)
D:\IC_2025\IRP\workspace\venv\Lib\site-packages\sklearn\linear_model\_logistic.py:1457: FutureWarning: 'n_jobs' has no effect since 1.8 and will be removed in 1.10. You provided 'n_jobs=-1', please leave it unspecified.
  warnings.warn(msg, category=FutureWarning)
D:\IC_2025\IRP\workspace\venv\Lib\site-packages\sklearn\linear_model\_logistic.py:1457: FutureWarning: 'n_jobs' has no effect since 1.8 and will be removed in 1.10. You provided 'n_jobs=-1', please leave it unspecified.
  warnings.warn(msg, category=FutureWarning)
D:\IC_2025\IRP\workspace\venv\Lib\site-packages\sklearn\linear_model\_logistic.py:1457: FutureWarning: 'n_jobs' has no effect since 1.8 and will be removed in 1.10. You provided 'n_jobs=-1', please leave it unspecified.
  warnings.warn(msg, category=FutureWarning)
D:\IC_2025\IRP\workspace\venv\Lib\site-packages\sklearn\linear_model\_logistic.py:1457: FutureWarning: 'n_jobs' has no effect since 1.8 and will be removed in 1.10. You provided 'n_jobs=-1', please leave it unspecified.
  warnings.warn(msg, category=FutureWarning)
D:\IC_2025\IRP\workspace\venv\Lib\site-packages\sklearn\linear_model\_logistic.py:1457: FutureWarning: 'n_jobs' has no effect since 1.8 and will be removed in 1.10. You provided 'n_jobs=-1', please leave it unspecified.
  warnings.warn(msg, category=FutureWarning)
D:\IC_2025\IRP\workspace\venv\Lib\site-packages\sklearn\linear_model\_logistic.py:1457: FutureWarning: 'n_jobs' has no effect since 1.8 and will be removed in 1.10. You provided 'n_jobs=-1', please leave it unspecified.
  warnings.warn(msg, category=FutureWarning)
sparse_whole_nodelay_v3_k1_floor0_seed44        0.56    2.36  76.33%   0.651   0.496   0.764   0.595  +0.170   0.24
D:\IC_2025\IRP\workspace\venv\Lib\site-packages\torch\nn\utils\weight_norm.py:143: FutureWarning: `torch.nn.utils.weight_norm` is deprecated in favor of `torch.nn.utils.parametrizations.weight_norm`.
  WeightNorm.apply(module, name, dim)
D:\IC_2025\IRP\workspace\venv\Lib\site-packages\sklearn\linear_model\_logistic.py:1457: FutureWarning: 'n_jobs' has no effect since 1.8 and will be removed in 1.10. You provided 'n_jobs=-1', please leave it unspecified.
  warnings.warn(msg, category=FutureWarning)
D:\IC_2025\IRP\workspace\venv\Lib\site-packages\sklearn\linear_model\_logistic.py:1457: FutureWarning: 'n_jobs' has no effect since 1.8 and will be removed in 1.10. You provided 'n_jobs=-1', please leave it unspecified.
  warnings.warn(msg, category=FutureWarning)
D:\IC_2025\IRP\workspace\venv\Lib\site-packages\sklearn\linear_model\_logistic.py:1457: FutureWarning: 'n_jobs' has no effect since 1.8 and will be removed in 1.10. You provided 'n_jobs=-1', please leave it unspecified.
  warnings.warn(msg, category=FutureWarning)
D:\IC_2025\IRP\workspace\venv\Lib\site-packages\sklearn\linear_model\_logistic.py:1457: FutureWarning: 'n_jobs' has no effect since 1.8 and will be removed in 1.10. You provided 'n_jobs=-1', please leave it unspecified.
  warnings.warn(msg, category=FutureWarning)
D:\IC_2025\IRP\workspace\venv\Lib\site-packages\sklearn\linear_model\_logistic.py:1457: FutureWarning: 'n_jobs' has no effect since 1.8 and will be removed in 1.10. You provided 'n_jobs=-1', please leave it unspecified.
  warnings.warn(msg, category=FutureWarning)
D:\IC_2025\IRP\workspace\venv\Lib\site-packages\sklearn\linear_model\_logistic.py:1457: FutureWarning: 'n_jobs' has no effect since 1.8 and will be removed in 1.10. You provided 'n_jobs=-1', please leave it unspecified.
  warnings.warn(msg, category=FutureWarning)
D:\IC_2025\IRP\workspace\venv\Lib\site-packages\sklearn\linear_model\_logistic.py:1457: FutureWarning: 'n_jobs' has no effect since 1.8 and will be removed in 1.10. You provided 'n_jobs=-1', please leave it unspecified.
  warnings.warn(msg, category=FutureWarning)
D:\IC_2025\IRP\workspace\venv\Lib\site-packages\sklearn\linear_model\_logistic.py:1457: FutureWarning: 'n_jobs' has no effect since 1.8 and will be removed in 1.10. You provided 'n_jobs=-1', please leave it unspecified.
  warnings.warn(msg, category=FutureWarning)
D:\IC_2025\IRP\workspace\venv\Lib\site-packages\sklearn\linear_model\_logistic.py:1457: FutureWarning: 'n_jobs' has no effect since 1.8 and will be removed in 1.10. You provided 'n_jobs=-1', please leave it unspecified.
  warnings.warn(msg, category=FutureWarning)
D:\IC_2025\IRP\workspace\venv\Lib\site-packages\sklearn\linear_model\_logistic.py:1457: FutureWarning: 'n_jobs' has no effect since 1.8 and will be removed in 1.10. You provided 'n_jobs=-1', please leave it unspecified.
  warnings.warn(msg, category=FutureWarning)
D:\IC_2025\IRP\workspace\venv\Lib\site-packages\sklearn\linear_model\_logistic.py:1457: FutureWarning: 'n_jobs' has no effect since 1.8 and will be removed in 1.10. You provided 'n_jobs=-1', please leave it unspecified.
  warnings.warn(msg, category=FutureWarning)
D:\IC_2025\IRP\workspace\venv\Lib\site-packages\sklearn\linear_model\_logistic.py:1457: FutureWarning: 'n_jobs' has no effect since 1.8 and will be removed in 1.10. You provided 'n_jobs=-1', please leave it unspecified.
  warnings.warn(msg, category=FutureWarning)
sparse_whole_nodelay_v3_k1_floor1_seed42        1.59    1.94  18.27%   0.641   0.450   0.808   0.597  +0.211   0.28
D:\IC_2025\IRP\workspace\venv\Lib\site-packages\torch\nn\utils\weight_norm.py:143: FutureWarning: `torch.nn.utils.weight_norm` is deprecated in favor of `torch.nn.utils.parametrizations.weight_norm`.
  WeightNorm.apply(module, name, dim)
D:\IC_2025\IRP\workspace\venv\Lib\site-packages\sklearn\linear_model\_logistic.py:1457: FutureWarning: 'n_jobs' has no effect since 1.8 and will be removed in 1.10. You provided 'n_jobs=-1', please leave it unspecified.
  warnings.warn(msg, category=FutureWarning)
D:\IC_2025\IRP\workspace\venv\Lib\site-packages\sklearn\linear_model\_logistic.py:1457: FutureWarning: 'n_jobs' has no effect since 1.8 and will be removed in 1.10. You provided 'n_jobs=-1', please leave it unspecified.
  warnings.warn(msg, category=FutureWarning)
D:\IC_2025\IRP\workspace\venv\Lib\site-packages\sklearn\linear_model\_logistic.py:1457: FutureWarning: 'n_jobs' has no effect since 1.8 and will be removed in 1.10. You provided 'n_jobs=-1', please leave it unspecified.
  warnings.warn(msg, category=FutureWarning)
D:\IC_2025\IRP\workspace\venv\Lib\site-packages\sklearn\linear_model\_logistic.py:1457: FutureWarning: 'n_jobs' has no effect since 1.8 and will be removed in 1.10. You provided 'n_jobs=-1', please leave it unspecified.
  warnings.warn(msg, category=FutureWarning)
D:\IC_2025\IRP\workspace\venv\Lib\site-packages\sklearn\linear_model\_logistic.py:1457: FutureWarning: 'n_jobs' has no effect since 1.8 and will be removed in 1.10. You provided 'n_jobs=-1', please leave it unspecified.
  warnings.warn(msg, category=FutureWarning)
D:\IC_2025\IRP\workspace\venv\Lib\site-packages\sklearn\linear_model\_logistic.py:1457: FutureWarning: 'n_jobs' has no effect since 1.8 and will be removed in 1.10. You provided 'n_jobs=-1', please leave it unspecified.
  warnings.warn(msg, category=FutureWarning)
D:\IC_2025\IRP\workspace\venv\Lib\site-packages\sklearn\linear_model\_logistic.py:1457: FutureWarning: 'n_jobs' has no effect since 1.8 and will be removed in 1.10. You provided 'n_jobs=-1', please leave it unspecified.
  warnings.warn(msg, category=FutureWarning)
D:\IC_2025\IRP\workspace\venv\Lib\site-packages\sklearn\linear_model\_logistic.py:1457: FutureWarning: 'n_jobs' has no effect since 1.8 and will be removed in 1.10. You provided 'n_jobs=-1', please leave it unspecified.
  warnings.warn(msg, category=FutureWarning)
D:\IC_2025\IRP\workspace\venv\Lib\site-packages\sklearn\linear_model\_logistic.py:1457: FutureWarning: 'n_jobs' has no effect since 1.8 and will be removed in 1.10. You provided 'n_jobs=-1', please leave it unspecified.
  warnings.warn(msg, category=FutureWarning)
D:\IC_2025\IRP\workspace\venv\Lib\site-packages\sklearn\linear_model\_logistic.py:1457: FutureWarning: 'n_jobs' has no effect since 1.8 and will be removed in 1.10. You provided 'n_jobs=-1', please leave it unspecified.
  warnings.warn(msg, category=FutureWarning)
D:\IC_2025\IRP\workspace\venv\Lib\site-packages\sklearn\linear_model\_logistic.py:1457: FutureWarning: 'n_jobs' has no effect since 1.8 and will be removed in 1.10. You provided 'n_jobs=-1', please leave it unspecified.
  warnings.warn(msg, category=FutureWarning)
D:\IC_2025\IRP\workspace\venv\Lib\site-packages\sklearn\linear_model\_logistic.py:1457: FutureWarning: 'n_jobs' has no effect since 1.8 and will be removed in 1.10. You provided 'n_jobs=-1', please leave it unspecified.
  warnings.warn(msg, category=FutureWarning)
sparse_whole_nodelay_v3_k1_floor1_seed43        1.44    1.79  19.66%   0.632   0.445   0.797   0.574  +0.223   0.30
D:\IC_2025\IRP\workspace\venv\Lib\site-packages\torch\nn\utils\weight_norm.py:143: FutureWarning: `torch.nn.utils.weight_norm` is deprecated in favor of `torch.nn.utils.parametrizations.weight_norm`.
  WeightNorm.apply(module, name, dim)
D:\IC_2025\IRP\workspace\venv\Lib\site-packages\sklearn\linear_model\_logistic.py:1457: FutureWarning: 'n_jobs' has no effect since 1.8 and will be removed in 1.10. You provided 'n_jobs=-1', please leave it unspecified.
  warnings.warn(msg, category=FutureWarning)
D:\IC_2025\IRP\workspace\venv\Lib\site-packages\sklearn\linear_model\_logistic.py:1457: FutureWarning: 'n_jobs' has no effect since 1.8 and will be removed in 1.10. You provided 'n_jobs=-1', please leave it unspecified.
  warnings.warn(msg, category=FutureWarning)
D:\IC_2025\IRP\workspace\venv\Lib\site-packages\sklearn\linear_model\_logistic.py:1457: FutureWarning: 'n_jobs' has no effect since 1.8 and will be removed in 1.10. You provided 'n_jobs=-1', please leave it unspecified.
  warnings.warn(msg, category=FutureWarning)
D:\IC_2025\IRP\workspace\venv\Lib\site-packages\sklearn\linear_model\_logistic.py:1457: FutureWarning: 'n_jobs' has no effect since 1.8 and will be removed in 1.10. You provided 'n_jobs=-1', please leave it unspecified.
  warnings.warn(msg, category=FutureWarning)
D:\IC_2025\IRP\workspace\venv\Lib\site-packages\sklearn\linear_model\_logistic.py:1457: FutureWarning: 'n_jobs' has no effect since 1.8 and will be removed in 1.10. You provided 'n_jobs=-1', please leave it unspecified.
  warnings.warn(msg, category=FutureWarning)
D:\IC_2025\IRP\workspace\venv\Lib\site-packages\sklearn\linear_model\_logistic.py:1457: FutureWarning: 'n_jobs' has no effect since 1.8 and will be removed in 1.10. You provided 'n_jobs=-1', please leave it unspecified.
  warnings.warn(msg, category=FutureWarning)
D:\IC_2025\IRP\workspace\venv\Lib\site-packages\sklearn\linear_model\_logistic.py:1457: FutureWarning: 'n_jobs' has no effect since 1.8 and will be removed in 1.10. You provided 'n_jobs=-1', please leave it unspecified.
  warnings.warn(msg, category=FutureWarning)
D:\IC_2025\IRP\workspace\venv\Lib\site-packages\sklearn\linear_model\_logistic.py:1457: FutureWarning: 'n_jobs' has no effect since 1.8 and will be removed in 1.10. You provided 'n_jobs=-1', please leave it unspecified.
  warnings.warn(msg, category=FutureWarning)
D:\IC_2025\IRP\workspace\venv\Lib\site-packages\sklearn\linear_model\_logistic.py:1457: FutureWarning: 'n_jobs' has no effect since 1.8 and will be removed in 1.10. You provided 'n_jobs=-1', please leave it unspecified.
  warnings.warn(msg, category=FutureWarning)
D:\IC_2025\IRP\workspace\venv\Lib\site-packages\sklearn\linear_model\_logistic.py:1457: FutureWarning: 'n_jobs' has no effect since 1.8 and will be removed in 1.10. You provided 'n_jobs=-1', please leave it unspecified.
  warnings.warn(msg, category=FutureWarning)
D:\IC_2025\IRP\workspace\venv\Lib\site-packages\sklearn\linear_model\_logistic.py:1457: FutureWarning: 'n_jobs' has no effect since 1.8 and will be removed in 1.10. You provided 'n_jobs=-1', please leave it unspecified.
  warnings.warn(msg, category=FutureWarning)
D:\IC_2025\IRP\workspace\venv\Lib\site-packages\sklearn\linear_model\_logistic.py:1457: FutureWarning: 'n_jobs' has no effect since 1.8 and will be removed in 1.10. You provided 'n_jobs=-1', please leave it unspecified.
  warnings.warn(msg, category=FutureWarning)
sparse_whole_nodelay_v3_k1_floor1_seed44        1.55    1.92  19.34%   0.654   0.446   0.809   0.596  +0.213   0.28
D:\IC_2025\IRP\workspace\venv\Lib\site-packages\torch\nn\utils\weight_norm.py:143: FutureWarning: `torch.nn.utils.weight_norm` is deprecated in favor of `torch.nn.utils.parametrizations.weight_norm`.
  WeightNorm.apply(module, name, dim)
D:\IC_2025\IRP\workspace\venv\Lib\site-packages\sklearn\linear_model\_logistic.py:1457: FutureWarning: 'n_jobs' has no effect since 1.8 and will be removed in 1.10. You provided 'n_jobs=-1', please leave it unspecified.
  warnings.warn(msg, category=FutureWarning)
D:\IC_2025\IRP\workspace\venv\Lib\site-packages\sklearn\linear_model\_logistic.py:1457: FutureWarning: 'n_jobs' has no effect since 1.8 and will be removed in 1.10. You provided 'n_jobs=-1', please leave it unspecified.
  warnings.warn(msg, category=FutureWarning)
D:\IC_2025\IRP\workspace\venv\Lib\site-packages\sklearn\linear_model\_logistic.py:1457: FutureWarning: 'n_jobs' has no effect since 1.8 and will be removed in 1.10. You provided 'n_jobs=-1', please leave it unspecified.
  warnings.warn(msg, category=FutureWarning)
D:\IC_2025\IRP\workspace\venv\Lib\site-packages\sklearn\linear_model\_logistic.py:1457: FutureWarning: 'n_jobs' has no effect since 1.8 and will be removed in 1.10. You provided 'n_jobs=-1', please leave it unspecified.
  warnings.warn(msg, category=FutureWarning)
D:\IC_2025\IRP\workspace\venv\Lib\site-packages\sklearn\linear_model\_logistic.py:1457: FutureWarning: 'n_jobs' has no effect since 1.8 and will be removed in 1.10. You provided 'n_jobs=-1', please leave it unspecified.
  warnings.warn(msg, category=FutureWarning)
D:\IC_2025\IRP\workspace\venv\Lib\site-packages\sklearn\linear_model\_logistic.py:1457: FutureWarning: 'n_jobs' has no effect since 1.8 and will be removed in 1.10. You provided 'n_jobs=-1', please leave it unspecified.
  warnings.warn(msg, category=FutureWarning)
D:\IC_2025\IRP\workspace\venv\Lib\site-packages\sklearn\linear_model\_logistic.py:1457: FutureWarning: 'n_jobs' has no effect since 1.8 and will be removed in 1.10. You provided 'n_jobs=-1', please leave it unspecified.
  warnings.warn(msg, category=FutureWarning)
D:\IC_2025\IRP\workspace\venv\Lib\site-packages\sklearn\linear_model\_logistic.py:1457: FutureWarning: 'n_jobs' has no effect since 1.8 and will be removed in 1.10. You provided 'n_jobs=-1', please leave it unspecified.
  warnings.warn(msg, category=FutureWarning)
D:\IC_2025\IRP\workspace\venv\Lib\site-packages\sklearn\linear_model\_logistic.py:1457: FutureWarning: 'n_jobs' has no effect since 1.8 and will be removed in 1.10. You provided 'n_jobs=-1', please leave it unspecified.
  warnings.warn(msg, category=FutureWarning)
D:\IC_2025\IRP\workspace\venv\Lib\site-packages\sklearn\linear_model\_logistic.py:1457: FutureWarning: 'n_jobs' has no effect since 1.8 and will be removed in 1.10. You provided 'n_jobs=-1', please leave it unspecified.
  warnings.warn(msg, category=FutureWarning)
D:\IC_2025\IRP\workspace\venv\Lib\site-packages\sklearn\linear_model\_logistic.py:1457: FutureWarning: 'n_jobs' has no effect since 1.8 and will be removed in 1.10. You provided 'n_jobs=-1', please leave it unspecified.
  warnings.warn(msg, category=FutureWarning)
D:\IC_2025\IRP\workspace\venv\Lib\site-packages\sklearn\linear_model\_logistic.py:1457: FutureWarning: 'n_jobs' has no effect since 1.8 and will be removed in 1.10. You provided 'n_jobs=-1', please leave it unspecified.
  warnings.warn(msg, category=FutureWarning)
sparse_whole_nodelay_v3_k2_floor0_seed42        0.79    2.55  68.98%   0.663   0.545   0.802   0.611  +0.190   0.25
D:\IC_2025\IRP\workspace\venv\Lib\site-packages\torch\nn\utils\weight_norm.py:143: FutureWarning: `torch.nn.utils.weight_norm` is deprecated in favor of `torch.nn.utils.parametrizations.weight_norm`.
  WeightNorm.apply(module, name, dim)
D:\IC_2025\IRP\workspace\venv\Lib\site-packages\sklearn\linear_model\_logistic.py:1457: FutureWarning: 'n_jobs' has no effect since 1.8 and will be removed in 1.10. You provided 'n_jobs=-1', please leave it unspecified.
  warnings.warn(msg, category=FutureWarning)
D:\IC_2025\IRP\workspace\venv\Lib\site-packages\sklearn\linear_model\_logistic.py:1457: FutureWarning: 'n_jobs' has no effect since 1.8 and will be removed in 1.10. You provided 'n_jobs=-1', please leave it unspecified.
  warnings.warn(msg, category=FutureWarning)
D:\IC_2025\IRP\workspace\venv\Lib\site-packages\sklearn\linear_model\_logistic.py:1457: FutureWarning: 'n_jobs' has no effect since 1.8 and will be removed in 1.10. You provided 'n_jobs=-1', please leave it unspecified.
  warnings.warn(msg, category=FutureWarning)
D:\IC_2025\IRP\workspace\venv\Lib\site-packages\sklearn\linear_model\_logistic.py:1457: FutureWarning: 'n_jobs' has no effect since 1.8 and will be removed in 1.10. You provided 'n_jobs=-1', please leave it unspecified.
  warnings.warn(msg, category=FutureWarning)
D:\IC_2025\IRP\workspace\venv\Lib\site-packages\sklearn\linear_model\_logistic.py:1457: FutureWarning: 'n_jobs' has no effect since 1.8 and will be removed in 1.10. You provided 'n_jobs=-1', please leave it unspecified.
  warnings.warn(msg, category=FutureWarning)
D:\IC_2025\IRP\workspace\venv\Lib\site-packages\sklearn\linear_model\_logistic.py:1457: FutureWarning: 'n_jobs' has no effect since 1.8 and will be removed in 1.10. You provided 'n_jobs=-1', please leave it unspecified.
  warnings.warn(msg, category=FutureWarning)
D:\IC_2025\IRP\workspace\venv\Lib\site-packages\sklearn\linear_model\_logistic.py:1457: FutureWarning: 'n_jobs' has no effect since 1.8 and will be removed in 1.10. You provided 'n_jobs=-1', please leave it unspecified.
  warnings.warn(msg, category=FutureWarning)
D:\IC_2025\IRP\workspace\venv\Lib\site-packages\sklearn\linear_model\_logistic.py:1457: FutureWarning: 'n_jobs' has no effect since 1.8 and will be removed in 1.10. You provided 'n_jobs=-1', please leave it unspecified.
  warnings.warn(msg, category=FutureWarning)
D:\IC_2025\IRP\workspace\venv\Lib\site-packages\sklearn\linear_model\_logistic.py:1457: FutureWarning: 'n_jobs' has no effect since 1.8 and will be removed in 1.10. You provided 'n_jobs=-1', please leave it unspecified.
  warnings.warn(msg, category=FutureWarning)
D:\IC_2025\IRP\workspace\venv\Lib\site-packages\sklearn\linear_model\_logistic.py:1457: FutureWarning: 'n_jobs' has no effect since 1.8 and will be removed in 1.10. You provided 'n_jobs=-1', please leave it unspecified.
  warnings.warn(msg, category=FutureWarning)
D:\IC_2025\IRP\workspace\venv\Lib\site-packages\sklearn\linear_model\_logistic.py:1457: FutureWarning: 'n_jobs' has no effect since 1.8 and will be removed in 1.10. You provided 'n_jobs=-1', please leave it unspecified.
  warnings.warn(msg, category=FutureWarning)
D:\IC_2025\IRP\workspace\venv\Lib\site-packages\sklearn\linear_model\_logistic.py:1457: FutureWarning: 'n_jobs' has no effect since 1.8 and will be removed in 1.10. You provided 'n_jobs=-1', please leave it unspecified.
  warnings.warn(msg, category=FutureWarning)
sparse_whole_nodelay_v3_k2_floor0_seed43        0.70    2.37  70.62%   0.683   0.524   0.822   0.629  +0.193   0.25
D:\IC_2025\IRP\workspace\venv\Lib\site-packages\torch\nn\utils\weight_norm.py:143: FutureWarning: `torch.nn.utils.weight_norm` is deprecated in favor of `torch.nn.utils.parametrizations.weight_norm`.
  WeightNorm.apply(module, name, dim)
D:\IC_2025\IRP\workspace\venv\Lib\site-packages\sklearn\linear_model\_logistic.py:1457: FutureWarning: 'n_jobs' has no effect since 1.8 and will be removed in 1.10. You provided 'n_jobs=-1', please leave it unspecified.
  warnings.warn(msg, category=FutureWarning)
D:\IC_2025\IRP\workspace\venv\Lib\site-packages\sklearn\linear_model\_logistic.py:1457: FutureWarning: 'n_jobs' has no effect since 1.8 and will be removed in 1.10. You provided 'n_jobs=-1', please leave it unspecified.
  warnings.warn(msg, category=FutureWarning)
D:\IC_2025\IRP\workspace\venv\Lib\site-packages\sklearn\linear_model\_logistic.py:1457: FutureWarning: 'n_jobs' has no effect since 1.8 and will be removed in 1.10. You provided 'n_jobs=-1', please leave it unspecified.
  warnings.warn(msg, category=FutureWarning)
D:\IC_2025\IRP\workspace\venv\Lib\site-packages\sklearn\linear_model\_logistic.py:1457: FutureWarning: 'n_jobs' has no effect since 1.8 and will be removed in 1.10. You provided 'n_jobs=-1', please leave it unspecified.
  warnings.warn(msg, category=FutureWarning)
D:\IC_2025\IRP\workspace\venv\Lib\site-packages\sklearn\linear_model\_logistic.py:1457: FutureWarning: 'n_jobs' has no effect since 1.8 and will be removed in 1.10. You provided 'n_jobs=-1', please leave it unspecified.
  warnings.warn(msg, category=FutureWarning)
D:\IC_2025\IRP\workspace\venv\Lib\site-packages\sklearn\linear_model\_logistic.py:1457: FutureWarning: 'n_jobs' has no effect since 1.8 and will be removed in 1.10. You provided 'n_jobs=-1', please leave it unspecified.
  warnings.warn(msg, category=FutureWarning)
D:\IC_2025\IRP\workspace\venv\Lib\site-packages\sklearn\linear_model\_logistic.py:1457: FutureWarning: 'n_jobs' has no effect since 1.8 and will be removed in 1.10. You provided 'n_jobs=-1', please leave it unspecified.
  warnings.warn(msg, category=FutureWarning)
D:\IC_2025\IRP\workspace\venv\Lib\site-packages\sklearn\linear_model\_logistic.py:1457: FutureWarning: 'n_jobs' has no effect since 1.8 and will be removed in 1.10. You provided 'n_jobs=-1', please leave it unspecified.
  warnings.warn(msg, category=FutureWarning)
D:\IC_2025\IRP\workspace\venv\Lib\site-packages\sklearn\linear_model\_logistic.py:1457: FutureWarning: 'n_jobs' has no effect since 1.8 and will be removed in 1.10. You provided 'n_jobs=-1', please leave it unspecified.
  warnings.warn(msg, category=FutureWarning)
D:\IC_2025\IRP\workspace\venv\Lib\site-packages\sklearn\linear_model\_logistic.py:1457: FutureWarning: 'n_jobs' has no effect since 1.8 and will be removed in 1.10. You provided 'n_jobs=-1', please leave it unspecified.
  warnings.warn(msg, category=FutureWarning)
D:\IC_2025\IRP\workspace\venv\Lib\site-packages\sklearn\linear_model\_logistic.py:1457: FutureWarning: 'n_jobs' has no effect since 1.8 and will be removed in 1.10. You provided 'n_jobs=-1', please leave it unspecified.
  warnings.warn(msg, category=FutureWarning)
D:\IC_2025\IRP\workspace\venv\Lib\site-packages\sklearn\linear_model\_logistic.py:1457: FutureWarning: 'n_jobs' has no effect since 1.8 and will be removed in 1.10. You provided 'n_jobs=-1', please leave it unspecified.
  warnings.warn(msg, category=FutureWarning)
sparse_whole_nodelay_v3_k2_floor0_seed44        0.74    2.31  68.07%   0.663   0.542   0.798   0.605  +0.194   0.26
D:\IC_2025\IRP\workspace\venv\Lib\site-packages\torch\nn\utils\weight_norm.py:143: FutureWarning: `torch.nn.utils.weight_norm` is deprecated in favor of `torch.nn.utils.parametrizations.weight_norm`.
  WeightNorm.apply(module, name, dim)
D:\IC_2025\IRP\workspace\venv\Lib\site-packages\sklearn\linear_model\_logistic.py:1457: FutureWarning: 'n_jobs' has no effect since 1.8 and will be removed in 1.10. You provided 'n_jobs=-1', please leave it unspecified.
  warnings.warn(msg, category=FutureWarning)
D:\IC_2025\IRP\workspace\venv\Lib\site-packages\sklearn\linear_model\_logistic.py:1457: FutureWarning: 'n_jobs' has no effect since 1.8 and will be removed in 1.10. You provided 'n_jobs=-1', please leave it unspecified.
  warnings.warn(msg, category=FutureWarning)
D:\IC_2025\IRP\workspace\venv\Lib\site-packages\sklearn\linear_model\_logistic.py:1457: FutureWarning: 'n_jobs' has no effect since 1.8 and will be removed in 1.10. You provided 'n_jobs=-1', please leave it unspecified.
  warnings.warn(msg, category=FutureWarning)
D:\IC_2025\IRP\workspace\venv\Lib\site-packages\sklearn\linear_model\_logistic.py:1457: FutureWarning: 'n_jobs' has no effect since 1.8 and will be removed in 1.10. You provided 'n_jobs=-1', please leave it unspecified.
  warnings.warn(msg, category=FutureWarning)
D:\IC_2025\IRP\workspace\venv\Lib\site-packages\sklearn\linear_model\_logistic.py:1457: FutureWarning: 'n_jobs' has no effect since 1.8 and will be removed in 1.10. You provided 'n_jobs=-1', please leave it unspecified.
  warnings.warn(msg, category=FutureWarning)
D:\IC_2025\IRP\workspace\venv\Lib\site-packages\sklearn\linear_model\_logistic.py:1457: FutureWarning: 'n_jobs' has no effect since 1.8 and will be removed in 1.10. You provided 'n_jobs=-1', please leave it unspecified.
  warnings.warn(msg, category=FutureWarning)
D:\IC_2025\IRP\workspace\venv\Lib\site-packages\sklearn\linear_model\_logistic.py:1457: FutureWarning: 'n_jobs' has no effect since 1.8 and will be removed in 1.10. You provided 'n_jobs=-1', please leave it unspecified.
  warnings.warn(msg, category=FutureWarning)
D:\IC_2025\IRP\workspace\venv\Lib\site-packages\sklearn\linear_model\_logistic.py:1457: FutureWarning: 'n_jobs' has no effect since 1.8 and will be removed in 1.10. You provided 'n_jobs=-1', please leave it unspecified.
  warnings.warn(msg, category=FutureWarning)
D:\IC_2025\IRP\workspace\venv\Lib\site-packages\sklearn\linear_model\_logistic.py:1457: FutureWarning: 'n_jobs' has no effect since 1.8 and will be removed in 1.10. You provided 'n_jobs=-1', please leave it unspecified.
  warnings.warn(msg, category=FutureWarning)
D:\IC_2025\IRP\workspace\venv\Lib\site-packages\sklearn\linear_model\_logistic.py:1457: FutureWarning: 'n_jobs' has no effect since 1.8 and will be removed in 1.10. You provided 'n_jobs=-1', please leave it unspecified.
  warnings.warn(msg, category=FutureWarning)
D:\IC_2025\IRP\workspace\venv\Lib\site-packages\sklearn\linear_model\_logistic.py:1457: FutureWarning: 'n_jobs' has no effect since 1.8 and will be removed in 1.10. You provided 'n_jobs=-1', please leave it unspecified.
  warnings.warn(msg, category=FutureWarning)
D:\IC_2025\IRP\workspace\venv\Lib\site-packages\sklearn\linear_model\_logistic.py:1457: FutureWarning: 'n_jobs' has no effect since 1.8 and will be removed in 1.10. You provided 'n_jobs=-1', please leave it unspecified.
  warnings.warn(msg, category=FutureWarning)
sparse_whole_nodelay_v3_k2_floor1_seed42        1.81    2.08  12.98%   0.660   0.468   0.810   0.605  +0.205   0.27
D:\IC_2025\IRP\workspace\venv\Lib\site-packages\torch\nn\utils\weight_norm.py:143: FutureWarning: `torch.nn.utils.weight_norm` is deprecated in favor of `torch.nn.utils.parametrizations.weight_norm`.
  WeightNorm.apply(module, name, dim)
D:\IC_2025\IRP\workspace\venv\Lib\site-packages\sklearn\linear_model\_logistic.py:1457: FutureWarning: 'n_jobs' has no effect since 1.8 and will be removed in 1.10. You provided 'n_jobs=-1', please leave it unspecified.
  warnings.warn(msg, category=FutureWarning)
D:\IC_2025\IRP\workspace\venv\Lib\site-packages\sklearn\linear_model\_logistic.py:1457: FutureWarning: 'n_jobs' has no effect since 1.8 and will be removed in 1.10. You provided 'n_jobs=-1', please leave it unspecified.
  warnings.warn(msg, category=FutureWarning)
D:\IC_2025\IRP\workspace\venv\Lib\site-packages\sklearn\linear_model\_logistic.py:1457: FutureWarning: 'n_jobs' has no effect since 1.8 and will be removed in 1.10. You provided 'n_jobs=-1', please leave it unspecified.
  warnings.warn(msg, category=FutureWarning)
D:\IC_2025\IRP\workspace\venv\Lib\site-packages\sklearn\linear_model\_logistic.py:1457: FutureWarning: 'n_jobs' has no effect since 1.8 and will be removed in 1.10. You provided 'n_jobs=-1', please leave it unspecified.
  warnings.warn(msg, category=FutureWarning)
D:\IC_2025\IRP\workspace\venv\Lib\site-packages\sklearn\linear_model\_logistic.py:1457: FutureWarning: 'n_jobs' has no effect since 1.8 and will be removed in 1.10. You provided 'n_jobs=-1', please leave it unspecified.
  warnings.warn(msg, category=FutureWarning)
D:\IC_2025\IRP\workspace\venv\Lib\site-packages\sklearn\linear_model\_logistic.py:1457: FutureWarning: 'n_jobs' has no effect since 1.8 and will be removed in 1.10. You provided 'n_jobs=-1', please leave it unspecified.
  warnings.warn(msg, category=FutureWarning)
D:\IC_2025\IRP\workspace\venv\Lib\site-packages\sklearn\linear_model\_logistic.py:1457: FutureWarning: 'n_jobs' has no effect since 1.8 and will be removed in 1.10. You provided 'n_jobs=-1', please leave it unspecified.
  warnings.warn(msg, category=FutureWarning)
D:\IC_2025\IRP\workspace\venv\Lib\site-packages\sklearn\linear_model\_logistic.py:1457: FutureWarning: 'n_jobs' has no effect since 1.8 and will be removed in 1.10. You provided 'n_jobs=-1', please leave it unspecified.
  warnings.warn(msg, category=FutureWarning)
D:\IC_2025\IRP\workspace\venv\Lib\site-packages\sklearn\linear_model\_logistic.py:1457: FutureWarning: 'n_jobs' has no effect since 1.8 and will be removed in 1.10. You provided 'n_jobs=-1', please leave it unspecified.
  warnings.warn(msg, category=FutureWarning)
D:\IC_2025\IRP\workspace\venv\Lib\site-packages\sklearn\linear_model\_logistic.py:1457: FutureWarning: 'n_jobs' has no effect since 1.8 and will be removed in 1.10. You provided 'n_jobs=-1', please leave it unspecified.
  warnings.warn(msg, category=FutureWarning)
D:\IC_2025\IRP\workspace\venv\Lib\site-packages\sklearn\linear_model\_logistic.py:1457: FutureWarning: 'n_jobs' has no effect since 1.8 and will be removed in 1.10. You provided 'n_jobs=-1', please leave it unspecified.
  warnings.warn(msg, category=FutureWarning)
D:\IC_2025\IRP\workspace\venv\Lib\site-packages\sklearn\linear_model\_logistic.py:1457: FutureWarning: 'n_jobs' has no effect since 1.8 and will be removed in 1.10. You provided 'n_jobs=-1', please leave it unspecified.
  warnings.warn(msg, category=FutureWarning)
sparse_whole_nodelay_v3_k2_floor1_seed43        1.85    2.11  12.11%   0.685   0.468   0.822   0.609  +0.213   0.28
D:\IC_2025\IRP\workspace\venv\Lib\site-packages\torch\nn\utils\weight_norm.py:143: FutureWarning: `torch.nn.utils.weight_norm` is deprecated in favor of `torch.nn.utils.parametrizations.weight_norm`.
  WeightNorm.apply(module, name, dim)
D:\IC_2025\IRP\workspace\venv\Lib\site-packages\sklearn\linear_model\_logistic.py:1457: FutureWarning: 'n_jobs' has no effect since 1.8 and will be removed in 1.10. You provided 'n_jobs=-1', please leave it unspecified.
  warnings.warn(msg, category=FutureWarning)
D:\IC_2025\IRP\workspace\venv\Lib\site-packages\sklearn\linear_model\_logistic.py:1457: FutureWarning: 'n_jobs' has no effect since 1.8 and will be removed in 1.10. You provided 'n_jobs=-1', please leave it unspecified.
  warnings.warn(msg, category=FutureWarning)
D:\IC_2025\IRP\workspace\venv\Lib\site-packages\sklearn\linear_model\_logistic.py:1457: FutureWarning: 'n_jobs' has no effect since 1.8 and will be removed in 1.10. You provided 'n_jobs=-1', please leave it unspecified.
  warnings.warn(msg, category=FutureWarning)
D:\IC_2025\IRP\workspace\venv\Lib\site-packages\sklearn\linear_model\_logistic.py:1457: FutureWarning: 'n_jobs' has no effect since 1.8 and will be removed in 1.10. You provided 'n_jobs=-1', please leave it unspecified.
  warnings.warn(msg, category=FutureWarning)
D:\IC_2025\IRP\workspace\venv\Lib\site-packages\sklearn\linear_model\_logistic.py:1457: FutureWarning: 'n_jobs' has no effect since 1.8 and will be removed in 1.10. You provided 'n_jobs=-1', please leave it unspecified.
  warnings.warn(msg, category=FutureWarning)
D:\IC_2025\IRP\workspace\venv\Lib\site-packages\sklearn\linear_model\_logistic.py:1457: FutureWarning: 'n_jobs' has no effect since 1.8 and will be removed in 1.10. You provided 'n_jobs=-1', please leave it unspecified.
  warnings.warn(msg, category=FutureWarning)
D:\IC_2025\IRP\workspace\venv\Lib\site-packages\sklearn\linear_model\_logistic.py:1457: FutureWarning: 'n_jobs' has no effect since 1.8 and will be removed in 1.10. You provided 'n_jobs=-1', please leave it unspecified.
  warnings.warn(msg, category=FutureWarning)
D:\IC_2025\IRP\workspace\venv\Lib\site-packages\sklearn\linear_model\_logistic.py:1457: FutureWarning: 'n_jobs' has no effect since 1.8 and will be removed in 1.10. You provided 'n_jobs=-1', please leave it unspecified.
  warnings.warn(msg, category=FutureWarning)
D:\IC_2025\IRP\workspace\venv\Lib\site-packages\sklearn\linear_model\_logistic.py:1457: FutureWarning: 'n_jobs' has no effect since 1.8 and will be removed in 1.10. You provided 'n_jobs=-1', please leave it unspecified.
  warnings.warn(msg, category=FutureWarning)
D:\IC_2025\IRP\workspace\venv\Lib\site-packages\sklearn\linear_model\_logistic.py:1457: FutureWarning: 'n_jobs' has no effect since 1.8 and will be removed in 1.10. You provided 'n_jobs=-1', please leave it unspecified.
  warnings.warn(msg, category=FutureWarning)
D:\IC_2025\IRP\workspace\venv\Lib\site-packages\sklearn\linear_model\_logistic.py:1457: FutureWarning: 'n_jobs' has no effect since 1.8 and will be removed in 1.10. You provided 'n_jobs=-1', please leave it unspecified.
  warnings.warn(msg, category=FutureWarning)
D:\IC_2025\IRP\workspace\venv\Lib\site-packages\sklearn\linear_model\_logistic.py:1457: FutureWarning: 'n_jobs' has no effect since 1.8 and will be removed in 1.10. You provided 'n_jobs=-1', please leave it unspecified.
  warnings.warn(msg, category=FutureWarning)
sparse_whole_nodelay_v3_k2_floor1_seed44        1.81    2.10  13.83%   0.671   0.444   0.833   0.622  +0.211   0.27
D:\IC_2025\IRP\workspace\venv\Lib\site-packages\torch\nn\utils\weight_norm.py:143: FutureWarning: `torch.nn.utils.weight_norm` is deprecated in favor of `torch.nn.utils.parametrizations.weight_norm`.
  WeightNorm.apply(module, name, dim)
D:\IC_2025\IRP\workspace\venv\Lib\site-packages\sklearn\linear_model\_logistic.py:1457: FutureWarning: 'n_jobs' has no effect since 1.8 and will be removed in 1.10. You provided 'n_jobs=-1', please leave it unspecified.
  warnings.warn(msg, category=FutureWarning)
D:\IC_2025\IRP\workspace\venv\Lib\site-packages\sklearn\linear_model\_logistic.py:1457: FutureWarning: 'n_jobs' has no effect since 1.8 and will be removed in 1.10. You provided 'n_jobs=-1', please leave it unspecified.
  warnings.warn(msg, category=FutureWarning)
D:\IC_2025\IRP\workspace\venv\Lib\site-packages\sklearn\linear_model\_logistic.py:1457: FutureWarning: 'n_jobs' has no effect since 1.8 and will be removed in 1.10. You provided 'n_jobs=-1', please leave it unspecified.
  warnings.warn(msg, category=FutureWarning)
D:\IC_2025\IRP\workspace\venv\Lib\site-packages\sklearn\linear_model\_logistic.py:1457: FutureWarning: 'n_jobs' has no effect since 1.8 and will be removed in 1.10. You provided 'n_jobs=-1', please leave it unspecified.
  warnings.warn(msg, category=FutureWarning)
D:\IC_2025\IRP\workspace\venv\Lib\site-packages\sklearn\linear_model\_logistic.py:1457: FutureWarning: 'n_jobs' has no effect since 1.8 and will be removed in 1.10. You provided 'n_jobs=-1', please leave it unspecified.
  warnings.warn(msg, category=FutureWarning)
D:\IC_2025\IRP\workspace\venv\Lib\site-packages\sklearn\linear_model\_logistic.py:1457: FutureWarning: 'n_jobs' has no effect since 1.8 and will be removed in 1.10. You provided 'n_jobs=-1', please leave it unspecified.
  warnings.warn(msg, category=FutureWarning)
D:\IC_2025\IRP\workspace\venv\Lib\site-packages\sklearn\linear_model\_logistic.py:1457: FutureWarning: 'n_jobs' has no effect since 1.8 and will be removed in 1.10. You provided 'n_jobs=-1', please leave it unspecified.
  warnings.warn(msg, category=FutureWarning)
D:\IC_2025\IRP\workspace\venv\Lib\site-packages\sklearn\linear_model\_logistic.py:1457: FutureWarning: 'n_jobs' has no effect since 1.8 and will be removed in 1.10. You provided 'n_jobs=-1', please leave it unspecified.
  warnings.warn(msg, category=FutureWarning)
D:\IC_2025\IRP\workspace\venv\Lib\site-packages\sklearn\linear_model\_logistic.py:1457: FutureWarning: 'n_jobs' has no effect since 1.8 and will be removed in 1.10. You provided 'n_jobs=-1', please leave it unspecified.
  warnings.warn(msg, category=FutureWarning)
D:\IC_2025\IRP\workspace\venv\Lib\site-packages\sklearn\linear_model\_logistic.py:1457: FutureWarning: 'n_jobs' has no effect since 1.8 and will be removed in 1.10. You provided 'n_jobs=-1', please leave it unspecified.
  warnings.warn(msg, category=FutureWarning)
D:\IC_2025\IRP\workspace\venv\Lib\site-packages\sklearn\linear_model\_logistic.py:1457: FutureWarning: 'n_jobs' has no effect since 1.8 and will be removed in 1.10. You provided 'n_jobs=-1', please leave it unspecified.
  warnings.warn(msg, category=FutureWarning)
D:\IC_2025\IRP\workspace\venv\Lib\site-packages\sklearn\linear_model\_logistic.py:1457: FutureWarning: 'n_jobs' has no effect since 1.8 and will be removed in 1.10. You provided 'n_jobs=-1', please leave it unspecified.
  warnings.warn(msg, category=FutureWarning)
sparse_whole_nodelay_v3_k4_floor0_seed42        1.10    2.74  59.71%   0.685   0.523   0.822   0.631  +0.190   0.25
D:\IC_2025\IRP\workspace\venv\Lib\site-packages\torch\nn\utils\weight_norm.py:143: FutureWarning: `torch.nn.utils.weight_norm` is deprecated in favor of `torch.nn.utils.parametrizations.weight_norm`.
  WeightNorm.apply(module, name, dim)
D:\IC_2025\IRP\workspace\venv\Lib\site-packages\sklearn\linear_model\_logistic.py:1457: FutureWarning: 'n_jobs' has no effect since 1.8 and will be removed in 1.10. You provided 'n_jobs=-1', please leave it unspecified.
  warnings.warn(msg, category=FutureWarning)
D:\IC_2025\IRP\workspace\venv\Lib\site-packages\sklearn\linear_model\_logistic.py:1457: FutureWarning: 'n_jobs' has no effect since 1.8 and will be removed in 1.10. You provided 'n_jobs=-1', please leave it unspecified.
  warnings.warn(msg, category=FutureWarning)
D:\IC_2025\IRP\workspace\venv\Lib\site-packages\sklearn\linear_model\_logistic.py:1457: FutureWarning: 'n_jobs' has no effect since 1.8 and will be removed in 1.10. You provided 'n_jobs=-1', please leave it unspecified.
  warnings.warn(msg, category=FutureWarning)
D:\IC_2025\IRP\workspace\venv\Lib\site-packages\sklearn\linear_model\_logistic.py:1457: FutureWarning: 'n_jobs' has no effect since 1.8 and will be removed in 1.10. You provided 'n_jobs=-1', please leave it unspecified.
  warnings.warn(msg, category=FutureWarning)
D:\IC_2025\IRP\workspace\venv\Lib\site-packages\sklearn\linear_model\_logistic.py:1457: FutureWarning: 'n_jobs' has no effect since 1.8 and will be removed in 1.10. You provided 'n_jobs=-1', please leave it unspecified.
  warnings.warn(msg, category=FutureWarning)
D:\IC_2025\IRP\workspace\venv\Lib\site-packages\sklearn\linear_model\_logistic.py:1457: FutureWarning: 'n_jobs' has no effect since 1.8 and will be removed in 1.10. You provided 'n_jobs=-1', please leave it unspecified.
  warnings.warn(msg, category=FutureWarning)
D:\IC_2025\IRP\workspace\venv\Lib\site-packages\sklearn\linear_model\_logistic.py:1457: FutureWarning: 'n_jobs' has no effect since 1.8 and will be removed in 1.10. You provided 'n_jobs=-1', please leave it unspecified.
  warnings.warn(msg, category=FutureWarning)
D:\IC_2025\IRP\workspace\venv\Lib\site-packages\sklearn\linear_model\_logistic.py:1457: FutureWarning: 'n_jobs' has no effect since 1.8 and will be removed in 1.10. You provided 'n_jobs=-1', please leave it unspecified.
  warnings.warn(msg, category=FutureWarning)
D:\IC_2025\IRP\workspace\venv\Lib\site-packages\sklearn\linear_model\_logistic.py:1457: FutureWarning: 'n_jobs' has no effect since 1.8 and will be removed in 1.10. You provided 'n_jobs=-1', please leave it unspecified.
  warnings.warn(msg, category=FutureWarning)
D:\IC_2025\IRP\workspace\venv\Lib\site-packages\sklearn\linear_model\_logistic.py:1457: FutureWarning: 'n_jobs' has no effect since 1.8 and will be removed in 1.10. You provided 'n_jobs=-1', please leave it unspecified.
  warnings.warn(msg, category=FutureWarning)
D:\IC_2025\IRP\workspace\venv\Lib\site-packages\sklearn\linear_model\_logistic.py:1457: FutureWarning: 'n_jobs' has no effect since 1.8 and will be removed in 1.10. You provided 'n_jobs=-1', please leave it unspecified.
  warnings.warn(msg, category=FutureWarning)
D:\IC_2025\IRP\workspace\venv\Lib\site-packages\sklearn\linear_model\_logistic.py:1457: FutureWarning: 'n_jobs' has no effect since 1.8 and will be removed in 1.10. You provided 'n_jobs=-1', please leave it unspecified.
  warnings.warn(msg, category=FutureWarning)
sparse_whole_nodelay_v3_k4_floor0_seed43        1.11    2.73  59.20%   0.692   0.540   0.830   0.629  +0.202   0.26
D:\IC_2025\IRP\workspace\venv\Lib\site-packages\torch\nn\utils\weight_norm.py:143: FutureWarning: `torch.nn.utils.weight_norm` is deprecated in favor of `torch.nn.utils.parametrizations.weight_norm`.
  WeightNorm.apply(module, name, dim)
D:\IC_2025\IRP\workspace\venv\Lib\site-packages\sklearn\linear_model\_logistic.py:1457: FutureWarning: 'n_jobs' has no effect since 1.8 and will be removed in 1.10. You provided 'n_jobs=-1', please leave it unspecified.
  warnings.warn(msg, category=FutureWarning)
D:\IC_2025\IRP\workspace\venv\Lib\site-packages\sklearn\linear_model\_logistic.py:1457: FutureWarning: 'n_jobs' has no effect since 1.8 and will be removed in 1.10. You provided 'n_jobs=-1', please leave it unspecified.
  warnings.warn(msg, category=FutureWarning)
D:\IC_2025\IRP\workspace\venv\Lib\site-packages\sklearn\linear_model\_logistic.py:1457: FutureWarning: 'n_jobs' has no effect since 1.8 and will be removed in 1.10. You provided 'n_jobs=-1', please leave it unspecified.
  warnings.warn(msg, category=FutureWarning)
D:\IC_2025\IRP\workspace\venv\Lib\site-packages\sklearn\linear_model\_logistic.py:1457: FutureWarning: 'n_jobs' has no effect since 1.8 and will be removed in 1.10. You provided 'n_jobs=-1', please leave it unspecified.
  warnings.warn(msg, category=FutureWarning)
D:\IC_2025\IRP\workspace\venv\Lib\site-packages\sklearn\linear_model\_logistic.py:1457: FutureWarning: 'n_jobs' has no effect since 1.8 and will be removed in 1.10. You provided 'n_jobs=-1', please leave it unspecified.
  warnings.warn(msg, category=FutureWarning)
D:\IC_2025\IRP\workspace\venv\Lib\site-packages\sklearn\linear_model\_logistic.py:1457: FutureWarning: 'n_jobs' has no effect since 1.8 and will be removed in 1.10. You provided 'n_jobs=-1', please leave it unspecified.
  warnings.warn(msg, category=FutureWarning)
D:\IC_2025\IRP\workspace\venv\Lib\site-packages\sklearn\linear_model\_logistic.py:1457: FutureWarning: 'n_jobs' has no effect since 1.8 and will be removed in 1.10. You provided 'n_jobs=-1', please leave it unspecified.
  warnings.warn(msg, category=FutureWarning)
D:\IC_2025\IRP\workspace\venv\Lib\site-packages\sklearn\linear_model\_logistic.py:1457: FutureWarning: 'n_jobs' has no effect since 1.8 and will be removed in 1.10. You provided 'n_jobs=-1', please leave it unspecified.
  warnings.warn(msg, category=FutureWarning)
D:\IC_2025\IRP\workspace\venv\Lib\site-packages\sklearn\linear_model\_logistic.py:1457: FutureWarning: 'n_jobs' has no effect since 1.8 and will be removed in 1.10. You provided 'n_jobs=-1', please leave it unspecified.
  warnings.warn(msg, category=FutureWarning)
D:\IC_2025\IRP\workspace\venv\Lib\site-packages\sklearn\linear_model\_logistic.py:1457: FutureWarning: 'n_jobs' has no effect since 1.8 and will be removed in 1.10. You provided 'n_jobs=-1', please leave it unspecified.
  warnings.warn(msg, category=FutureWarning)
D:\IC_2025\IRP\workspace\venv\Lib\site-packages\sklearn\linear_model\_logistic.py:1457: FutureWarning: 'n_jobs' has no effect since 1.8 and will be removed in 1.10. You provided 'n_jobs=-1', please leave it unspecified.
  warnings.warn(msg, category=FutureWarning)
D:\IC_2025\IRP\workspace\venv\Lib\site-packages\sklearn\linear_model\_logistic.py:1457: FutureWarning: 'n_jobs' has no effect since 1.8 and will be removed in 1.10. You provided 'n_jobs=-1', please leave it unspecified.
  warnings.warn(msg, category=FutureWarning)
sparse_whole_nodelay_v3_k4_floor0_seed44        1.12    2.64  57.53%   0.681   0.552   0.811   0.631  +0.180   0.24
D:\IC_2025\IRP\workspace\venv\Lib\site-packages\torch\nn\utils\weight_norm.py:143: FutureWarning: `torch.nn.utils.weight_norm` is deprecated in favor of `torch.nn.utils.parametrizations.weight_norm`.
  WeightNorm.apply(module, name, dim)
D:\IC_2025\IRP\workspace\venv\Lib\site-packages\sklearn\linear_model\_logistic.py:1457: FutureWarning: 'n_jobs' has no effect since 1.8 and will be removed in 1.10. You provided 'n_jobs=-1', please leave it unspecified.
  warnings.warn(msg, category=FutureWarning)
D:\IC_2025\IRP\workspace\venv\Lib\site-packages\sklearn\linear_model\_logistic.py:1457: FutureWarning: 'n_jobs' has no effect since 1.8 and will be removed in 1.10. You provided 'n_jobs=-1', please leave it unspecified.
  warnings.warn(msg, category=FutureWarning)
D:\IC_2025\IRP\workspace\venv\Lib\site-packages\sklearn\linear_model\_logistic.py:1457: FutureWarning: 'n_jobs' has no effect since 1.8 and will be removed in 1.10. You provided 'n_jobs=-1', please leave it unspecified.
  warnings.warn(msg, category=FutureWarning)
D:\IC_2025\IRP\workspace\venv\Lib\site-packages\sklearn\linear_model\_logistic.py:1457: FutureWarning: 'n_jobs' has no effect since 1.8 and will be removed in 1.10. You provided 'n_jobs=-1', please leave it unspecified.
  warnings.warn(msg, category=FutureWarning)
D:\IC_2025\IRP\workspace\venv\Lib\site-packages\sklearn\linear_model\_logistic.py:1457: FutureWarning: 'n_jobs' has no effect since 1.8 and will be removed in 1.10. You provided 'n_jobs=-1', please leave it unspecified.
  warnings.warn(msg, category=FutureWarning)
D:\IC_2025\IRP\workspace\venv\Lib\site-packages\sklearn\linear_model\_logistic.py:1457: FutureWarning: 'n_jobs' has no effect since 1.8 and will be removed in 1.10. You provided 'n_jobs=-1', please leave it unspecified.
  warnings.warn(msg, category=FutureWarning)
D:\IC_2025\IRP\workspace\venv\Lib\site-packages\sklearn\linear_model\_logistic.py:1457: FutureWarning: 'n_jobs' has no effect since 1.8 and will be removed in 1.10. You provided 'n_jobs=-1', please leave it unspecified.
  warnings.warn(msg, category=FutureWarning)
D:\IC_2025\IRP\workspace\venv\Lib\site-packages\sklearn\linear_model\_logistic.py:1457: FutureWarning: 'n_jobs' has no effect since 1.8 and will be removed in 1.10. You provided 'n_jobs=-1', please leave it unspecified.
  warnings.warn(msg, category=FutureWarning)
D:\IC_2025\IRP\workspace\venv\Lib\site-packages\sklearn\linear_model\_logistic.py:1457: FutureWarning: 'n_jobs' has no effect since 1.8 and will be removed in 1.10. You provided 'n_jobs=-1', please leave it unspecified.
  warnings.warn(msg, category=FutureWarning)
D:\IC_2025\IRP\workspace\venv\Lib\site-packages\sklearn\linear_model\_logistic.py:1457: FutureWarning: 'n_jobs' has no effect since 1.8 and will be removed in 1.10. You provided 'n_jobs=-1', please leave it unspecified.
  warnings.warn(msg, category=FutureWarning)
D:\IC_2025\IRP\workspace\venv\Lib\site-packages\sklearn\linear_model\_logistic.py:1457: FutureWarning: 'n_jobs' has no effect since 1.8 and will be removed in 1.10. You provided 'n_jobs=-1', please leave it unspecified.
  warnings.warn(msg, category=FutureWarning)
D:\IC_2025\IRP\workspace\venv\Lib\site-packages\sklearn\linear_model\_logistic.py:1457: FutureWarning: 'n_jobs' has no effect since 1.8 and will be removed in 1.10. You provided 'n_jobs=-1', please leave it unspecified.
  warnings.warn(msg, category=FutureWarning)
sparse_whole_nodelay_v3_k4_floor1_seed42        2.58    2.81   8.04%   0.687   0.436   0.835   0.616  +0.219   0.28
D:\IC_2025\IRP\workspace\venv\Lib\site-packages\torch\nn\utils\weight_norm.py:143: FutureWarning: `torch.nn.utils.weight_norm` is deprecated in favor of `torch.nn.utils.parametrizations.weight_norm`.
  WeightNorm.apply(module, name, dim)
D:\IC_2025\IRP\workspace\venv\Lib\site-packages\sklearn\linear_model\_logistic.py:1457: FutureWarning: 'n_jobs' has no effect since 1.8 and will be removed in 1.10. You provided 'n_jobs=-1', please leave it unspecified.
  warnings.warn(msg, category=FutureWarning)
D:\IC_2025\IRP\workspace\venv\Lib\site-packages\sklearn\linear_model\_logistic.py:1457: FutureWarning: 'n_jobs' has no effect since 1.8 and will be removed in 1.10. You provided 'n_jobs=-1', please leave it unspecified.
  warnings.warn(msg, category=FutureWarning)
D:\IC_2025\IRP\workspace\venv\Lib\site-packages\sklearn\linear_model\_logistic.py:1457: FutureWarning: 'n_jobs' has no effect since 1.8 and will be removed in 1.10. You provided 'n_jobs=-1', please leave it unspecified.
  warnings.warn(msg, category=FutureWarning)
D:\IC_2025\IRP\workspace\venv\Lib\site-packages\sklearn\linear_model\_logistic.py:1457: FutureWarning: 'n_jobs' has no effect since 1.8 and will be removed in 1.10. You provided 'n_jobs=-1', please leave it unspecified.
  warnings.warn(msg, category=FutureWarning)
D:\IC_2025\IRP\workspace\venv\Lib\site-packages\sklearn\linear_model\_logistic.py:1457: FutureWarning: 'n_jobs' has no effect since 1.8 and will be removed in 1.10. You provided 'n_jobs=-1', please leave it unspecified.
  warnings.warn(msg, category=FutureWarning)
D:\IC_2025\IRP\workspace\venv\Lib\site-packages\sklearn\linear_model\_logistic.py:1457: FutureWarning: 'n_jobs' has no effect since 1.8 and will be removed in 1.10. You provided 'n_jobs=-1', please leave it unspecified.
  warnings.warn(msg, category=FutureWarning)
D:\IC_2025\IRP\workspace\venv\Lib\site-packages\sklearn\linear_model\_logistic.py:1457: FutureWarning: 'n_jobs' has no effect since 1.8 and will be removed in 1.10. You provided 'n_jobs=-1', please leave it unspecified.
  warnings.warn(msg, category=FutureWarning)
D:\IC_2025\IRP\workspace\venv\Lib\site-packages\sklearn\linear_model\_logistic.py:1457: FutureWarning: 'n_jobs' has no effect since 1.8 and will be removed in 1.10. You provided 'n_jobs=-1', please leave it unspecified.
  warnings.warn(msg, category=FutureWarning)
D:\IC_2025\IRP\workspace\venv\Lib\site-packages\sklearn\linear_model\_logistic.py:1457: FutureWarning: 'n_jobs' has no effect since 1.8 and will be removed in 1.10. You provided 'n_jobs=-1', please leave it unspecified.
  warnings.warn(msg, category=FutureWarning)
D:\IC_2025\IRP\workspace\venv\Lib\site-packages\sklearn\linear_model\_logistic.py:1457: FutureWarning: 'n_jobs' has no effect since 1.8 and will be removed in 1.10. You provided 'n_jobs=-1', please leave it unspecified.
  warnings.warn(msg, category=FutureWarning)
D:\IC_2025\IRP\workspace\venv\Lib\site-packages\sklearn\linear_model\_logistic.py:1457: FutureWarning: 'n_jobs' has no effect since 1.8 and will be removed in 1.10. You provided 'n_jobs=-1', please leave it unspecified.
  warnings.warn(msg, category=FutureWarning)
D:\IC_2025\IRP\workspace\venv\Lib\site-packages\sklearn\linear_model\_logistic.py:1457: FutureWarning: 'n_jobs' has no effect since 1.8 and will be removed in 1.10. You provided 'n_jobs=-1', please leave it unspecified.
  warnings.warn(msg, category=FutureWarning)
sparse_whole_nodelay_v3_k4_floor1_seed43        2.50    2.72   8.13%   0.709   0.430   0.834   0.605  +0.229   0.29
D:\IC_2025\IRP\workspace\venv\Lib\site-packages\torch\nn\utils\weight_norm.py:143: FutureWarning: `torch.nn.utils.weight_norm` is deprecated in favor of `torch.nn.utils.parametrizations.weight_norm`.
  WeightNorm.apply(module, name, dim)
D:\IC_2025\IRP\workspace\venv\Lib\site-packages\sklearn\linear_model\_logistic.py:1457: FutureWarning: 'n_jobs' has no effect since 1.8 and will be removed in 1.10. You provided 'n_jobs=-1', please leave it unspecified.
  warnings.warn(msg, category=FutureWarning)
D:\IC_2025\IRP\workspace\venv\Lib\site-packages\sklearn\linear_model\_logistic.py:1457: FutureWarning: 'n_jobs' has no effect since 1.8 and will be removed in 1.10. You provided 'n_jobs=-1', please leave it unspecified.
  warnings.warn(msg, category=FutureWarning)
D:\IC_2025\IRP\workspace\venv\Lib\site-packages\sklearn\linear_model\_logistic.py:1457: FutureWarning: 'n_jobs' has no effect since 1.8 and will be removed in 1.10. You provided 'n_jobs=-1', please leave it unspecified.
  warnings.warn(msg, category=FutureWarning)
D:\IC_2025\IRP\workspace\venv\Lib\site-packages\sklearn\linear_model\_logistic.py:1457: FutureWarning: 'n_jobs' has no effect since 1.8 and will be removed in 1.10. You provided 'n_jobs=-1', please leave it unspecified.
  warnings.warn(msg, category=FutureWarning)
D:\IC_2025\IRP\workspace\venv\Lib\site-packages\sklearn\linear_model\_logistic.py:1457: FutureWarning: 'n_jobs' has no effect since 1.8 and will be removed in 1.10. You provided 'n_jobs=-1', please leave it unspecified.
  warnings.warn(msg, category=FutureWarning)
D:\IC_2025\IRP\workspace\venv\Lib\site-packages\sklearn\linear_model\_logistic.py:1457: FutureWarning: 'n_jobs' has no effect since 1.8 and will be removed in 1.10. You provided 'n_jobs=-1', please leave it unspecified.
  warnings.warn(msg, category=FutureWarning)
D:\IC_2025\IRP\workspace\venv\Lib\site-packages\sklearn\linear_model\_logistic.py:1457: FutureWarning: 'n_jobs' has no effect since 1.8 and will be removed in 1.10. You provided 'n_jobs=-1', please leave it unspecified.
  warnings.warn(msg, category=FutureWarning)
D:\IC_2025\IRP\workspace\venv\Lib\site-packages\sklearn\linear_model\_logistic.py:1457: FutureWarning: 'n_jobs' has no effect since 1.8 and will be removed in 1.10. You provided 'n_jobs=-1', please leave it unspecified.
  warnings.warn(msg, category=FutureWarning)
D:\IC_2025\IRP\workspace\venv\Lib\site-packages\sklearn\linear_model\_logistic.py:1457: FutureWarning: 'n_jobs' has no effect since 1.8 and will be removed in 1.10. You provided 'n_jobs=-1', please leave it unspecified.
  warnings.warn(msg, category=FutureWarning)
D:\IC_2025\IRP\workspace\venv\Lib\site-packages\sklearn\linear_model\_logistic.py:1457: FutureWarning: 'n_jobs' has no effect since 1.8 and will be removed in 1.10. You provided 'n_jobs=-1', please leave it unspecified.
  warnings.warn(msg, category=FutureWarning)
D:\IC_2025\IRP\workspace\venv\Lib\site-packages\sklearn\linear_model\_logistic.py:1457: FutureWarning: 'n_jobs' has no effect since 1.8 and will be removed in 1.10. You provided 'n_jobs=-1', please leave it unspecified.
  warnings.warn(msg, category=FutureWarning)
D:\IC_2025\IRP\workspace\venv\Lib\site-packages\sklearn\linear_model\_logistic.py:1457: FutureWarning: 'n_jobs' has no effect since 1.8 and will be removed in 1.10. You provided 'n_jobs=-1', please leave it unspecified.
  warnings.warn(msg, category=FutureWarning)
sparse_whole_nodelay_v3_k4_floor1_seed44        2.48    2.72   9.10%   0.715   0.442   0.840   0.623  +0.218   0.28
D:\IC_2025\IRP\workspace\venv\Lib\site-packages\torch\nn\utils\weight_norm.py:143: FutureWarning: `torch.nn.utils.weight_norm` is deprecated in favor of `torch.nn.utils.parametrizations.weight_norm`.
  WeightNorm.apply(module, name, dim)
D:\IC_2025\IRP\workspace\venv\Lib\site-packages\sklearn\linear_model\_logistic.py:1457: FutureWarning: 'n_jobs' has no effect since 1.8 and will be removed in 1.10. You provided 'n_jobs=-1', please leave it unspecified.
  warnings.warn(msg, category=FutureWarning)
D:\IC_2025\IRP\workspace\venv\Lib\site-packages\sklearn\linear_model\_logistic.py:1457: FutureWarning: 'n_jobs' has no effect since 1.8 and will be removed in 1.10. You provided 'n_jobs=-1', please leave it unspecified.
  warnings.warn(msg, category=FutureWarning)
D:\IC_2025\IRP\workspace\venv\Lib\site-packages\sklearn\linear_model\_logistic.py:1457: FutureWarning: 'n_jobs' has no effect since 1.8 and will be removed in 1.10. You provided 'n_jobs=-1', please leave it unspecified.
  warnings.warn(msg, category=FutureWarning)
D:\IC_2025\IRP\workspace\venv\Lib\site-packages\sklearn\linear_model\_logistic.py:1457: FutureWarning: 'n_jobs' has no effect since 1.8 and will be removed in 1.10. You provided 'n_jobs=-1', please leave it unspecified.
  warnings.warn(msg, category=FutureWarning)
D:\IC_2025\IRP\workspace\venv\Lib\site-packages\sklearn\linear_model\_logistic.py:1457: FutureWarning: 'n_jobs' has no effect since 1.8 and will be removed in 1.10. You provided 'n_jobs=-1', please leave it unspecified.
  warnings.warn(msg, category=FutureWarning)
D:\IC_2025\IRP\workspace\venv\Lib\site-packages\sklearn\linear_model\_logistic.py:1457: FutureWarning: 'n_jobs' has no effect since 1.8 and will be removed in 1.10. You provided 'n_jobs=-1', please leave it unspecified.
  warnings.warn(msg, category=FutureWarning)
D:\IC_2025\IRP\workspace\venv\Lib\site-packages\sklearn\linear_model\_logistic.py:1457: FutureWarning: 'n_jobs' has no effect since 1.8 and will be removed in 1.10. You provided 'n_jobs=-1', please leave it unspecified.
  warnings.warn(msg, category=FutureWarning)
D:\IC_2025\IRP\workspace\venv\Lib\site-packages\sklearn\linear_model\_logistic.py:1457: FutureWarning: 'n_jobs' has no effect since 1.8 and will be removed in 1.10. You provided 'n_jobs=-1', please leave it unspecified.
  warnings.warn(msg, category=FutureWarning)
D:\IC_2025\IRP\workspace\venv\Lib\site-packages\sklearn\linear_model\_logistic.py:1457: FutureWarning: 'n_jobs' has no effect since 1.8 and will be removed in 1.10. You provided 'n_jobs=-1', please leave it unspecified.
  warnings.warn(msg, category=FutureWarning)
D:\IC_2025\IRP\workspace\venv\Lib\site-packages\sklearn\linear_model\_logistic.py:1457: FutureWarning: 'n_jobs' has no effect since 1.8 and will be removed in 1.10. You provided 'n_jobs=-1', please leave it unspecified.
  warnings.warn(msg, category=FutureWarning)
D:\IC_2025\IRP\workspace\venv\Lib\site-packages\sklearn\linear_model\_logistic.py:1457: FutureWarning: 'n_jobs' has no effect since 1.8 and will be removed in 1.10. You provided 'n_jobs=-1', please leave it unspecified.
  warnings.warn(msg, category=FutureWarning)
D:\IC_2025\IRP\workspace\venv\Lib\site-packages\sklearn\linear_model\_logistic.py:1457: FutureWarning: 'n_jobs' has no effect since 1.8 and will be removed in 1.10. You provided 'n_jobs=-1', please leave it unspecified.
  warnings.warn(msg, category=FutureWarning)
sparse_whole_nodelay_v3_k8_floor0_seed42        1.79    3.48  48.58%   0.719   0.511   0.838   0.647  +0.192   0.24
D:\IC_2025\IRP\workspace\venv\Lib\site-packages\torch\nn\utils\weight_norm.py:143: FutureWarning: `torch.nn.utils.weight_norm` is deprecated in favor of `torch.nn.utils.parametrizations.weight_norm`.
  WeightNorm.apply(module, name, dim)
D:\IC_2025\IRP\workspace\venv\Lib\site-packages\sklearn\linear_model\_logistic.py:1457: FutureWarning: 'n_jobs' has no effect since 1.8 and will be removed in 1.10. You provided 'n_jobs=-1', please leave it unspecified.
  warnings.warn(msg, category=FutureWarning)
D:\IC_2025\IRP\workspace\venv\Lib\site-packages\sklearn\linear_model\_logistic.py:1457: FutureWarning: 'n_jobs' has no effect since 1.8 and will be removed in 1.10. You provided 'n_jobs=-1', please leave it unspecified.
  warnings.warn(msg, category=FutureWarning)
D:\IC_2025\IRP\workspace\venv\Lib\site-packages\sklearn\linear_model\_logistic.py:1457: FutureWarning: 'n_jobs' has no effect since 1.8 and will be removed in 1.10. You provided 'n_jobs=-1', please leave it unspecified.
  warnings.warn(msg, category=FutureWarning)
D:\IC_2025\IRP\workspace\venv\Lib\site-packages\sklearn\linear_model\_logistic.py:1457: FutureWarning: 'n_jobs' has no effect since 1.8 and will be removed in 1.10. You provided 'n_jobs=-1', please leave it unspecified.
  warnings.warn(msg, category=FutureWarning)
D:\IC_2025\IRP\workspace\venv\Lib\site-packages\sklearn\linear_model\_logistic.py:1457: FutureWarning: 'n_jobs' has no effect since 1.8 and will be removed in 1.10. You provided 'n_jobs=-1', please leave it unspecified.
  warnings.warn(msg, category=FutureWarning)
D:\IC_2025\IRP\workspace\venv\Lib\site-packages\sklearn\linear_model\_logistic.py:1457: FutureWarning: 'n_jobs' has no effect since 1.8 and will be removed in 1.10. You provided 'n_jobs=-1', please leave it unspecified.
  warnings.warn(msg, category=FutureWarning)
D:\IC_2025\IRP\workspace\venv\Lib\site-packages\sklearn\linear_model\_logistic.py:1457: FutureWarning: 'n_jobs' has no effect since 1.8 and will be removed in 1.10. You provided 'n_jobs=-1', please leave it unspecified.
  warnings.warn(msg, category=FutureWarning)
D:\IC_2025\IRP\workspace\venv\Lib\site-packages\sklearn\linear_model\_logistic.py:1457: FutureWarning: 'n_jobs' has no effect since 1.8 and will be removed in 1.10. You provided 'n_jobs=-1', please leave it unspecified.
  warnings.warn(msg, category=FutureWarning)
D:\IC_2025\IRP\workspace\venv\Lib\site-packages\sklearn\linear_model\_logistic.py:1457: FutureWarning: 'n_jobs' has no effect since 1.8 and will be removed in 1.10. You provided 'n_jobs=-1', please leave it unspecified.
  warnings.warn(msg, category=FutureWarning)
D:\IC_2025\IRP\workspace\venv\Lib\site-packages\sklearn\linear_model\_logistic.py:1457: FutureWarning: 'n_jobs' has no effect since 1.8 and will be removed in 1.10. You provided 'n_jobs=-1', please leave it unspecified.
  warnings.warn(msg, category=FutureWarning)
D:\IC_2025\IRP\workspace\venv\Lib\site-packages\sklearn\linear_model\_logistic.py:1457: FutureWarning: 'n_jobs' has no effect since 1.8 and will be removed in 1.10. You provided 'n_jobs=-1', please leave it unspecified.
  warnings.warn(msg, category=FutureWarning)
D:\IC_2025\IRP\workspace\venv\Lib\site-packages\sklearn\linear_model\_logistic.py:1457: FutureWarning: 'n_jobs' has no effect since 1.8 and will be removed in 1.10. You provided 'n_jobs=-1', please leave it unspecified.
  warnings.warn(msg, category=FutureWarning)
sparse_whole_nodelay_v3_k8_floor0_seed43        1.97    3.46  43.07%   0.744   0.540   0.844   0.661  +0.182   0.23
D:\IC_2025\IRP\workspace\venv\Lib\site-packages\torch\nn\utils\weight_norm.py:143: FutureWarning: `torch.nn.utils.weight_norm` is deprecated in favor of `torch.nn.utils.parametrizations.weight_norm`.
  WeightNorm.apply(module, name, dim)
D:\IC_2025\IRP\workspace\venv\Lib\site-packages\sklearn\linear_model\_logistic.py:1457: FutureWarning: 'n_jobs' has no effect since 1.8 and will be removed in 1.10. You provided 'n_jobs=-1', please leave it unspecified.
  warnings.warn(msg, category=FutureWarning)
D:\IC_2025\IRP\workspace\venv\Lib\site-packages\sklearn\linear_model\_logistic.py:1457: FutureWarning: 'n_jobs' has no effect since 1.8 and will be removed in 1.10. You provided 'n_jobs=-1', please leave it unspecified.
  warnings.warn(msg, category=FutureWarning)
D:\IC_2025\IRP\workspace\venv\Lib\site-packages\sklearn\linear_model\_logistic.py:1457: FutureWarning: 'n_jobs' has no effect since 1.8 and will be removed in 1.10. You provided 'n_jobs=-1', please leave it unspecified.
  warnings.warn(msg, category=FutureWarning)
D:\IC_2025\IRP\workspace\venv\Lib\site-packages\sklearn\linear_model\_logistic.py:1457: FutureWarning: 'n_jobs' has no effect since 1.8 and will be removed in 1.10. You provided 'n_jobs=-1', please leave it unspecified.
  warnings.warn(msg, category=FutureWarning)
D:\IC_2025\IRP\workspace\venv\Lib\site-packages\sklearn\linear_model\_logistic.py:1457: FutureWarning: 'n_jobs' has no effect since 1.8 and will be removed in 1.10. You provided 'n_jobs=-1', please leave it unspecified.
  warnings.warn(msg, category=FutureWarning)
D:\IC_2025\IRP\workspace\venv\Lib\site-packages\sklearn\linear_model\_logistic.py:1457: FutureWarning: 'n_jobs' has no effect since 1.8 and will be removed in 1.10. You provided 'n_jobs=-1', please leave it unspecified.
  warnings.warn(msg, category=FutureWarning)
D:\IC_2025\IRP\workspace\venv\Lib\site-packages\sklearn\linear_model\_logistic.py:1457: FutureWarning: 'n_jobs' has no effect since 1.8 and will be removed in 1.10. You provided 'n_jobs=-1', please leave it unspecified.
  warnings.warn(msg, category=FutureWarning)
D:\IC_2025\IRP\workspace\venv\Lib\site-packages\sklearn\linear_model\_logistic.py:1457: FutureWarning: 'n_jobs' has no effect since 1.8 and will be removed in 1.10. You provided 'n_jobs=-1', please leave it unspecified.
  warnings.warn(msg, category=FutureWarning)
D:\IC_2025\IRP\workspace\venv\Lib\site-packages\sklearn\linear_model\_logistic.py:1457: FutureWarning: 'n_jobs' has no effect since 1.8 and will be removed in 1.10. You provided 'n_jobs=-1', please leave it unspecified.
  warnings.warn(msg, category=FutureWarning)
D:\IC_2025\IRP\workspace\venv\Lib\site-packages\sklearn\linear_model\_logistic.py:1457: FutureWarning: 'n_jobs' has no effect since 1.8 and will be removed in 1.10. You provided 'n_jobs=-1', please leave it unspecified.
  warnings.warn(msg, category=FutureWarning)
D:\IC_2025\IRP\workspace\venv\Lib\site-packages\sklearn\linear_model\_logistic.py:1457: FutureWarning: 'n_jobs' has no effect since 1.8 and will be removed in 1.10. You provided 'n_jobs=-1', please leave it unspecified.
  warnings.warn(msg, category=FutureWarning)
D:\IC_2025\IRP\workspace\venv\Lib\site-packages\sklearn\linear_model\_logistic.py:1457: FutureWarning: 'n_jobs' has no effect since 1.8 and will be removed in 1.10. You provided 'n_jobs=-1', please leave it unspecified.
  warnings.warn(msg, category=FutureWarning)
sparse_whole_nodelay_v3_k8_floor0_seed44        1.79    3.47  48.33%   0.737   0.539   0.846   0.646  +0.200   0.25
D:\IC_2025\IRP\workspace\venv\Lib\site-packages\torch\nn\utils\weight_norm.py:143: FutureWarning: `torch.nn.utils.weight_norm` is deprecated in favor of `torch.nn.utils.parametrizations.weight_norm`.
  WeightNorm.apply(module, name, dim)
D:\IC_2025\IRP\workspace\venv\Lib\site-packages\sklearn\linear_model\_logistic.py:1457: FutureWarning: 'n_jobs' has no effect since 1.8 and will be removed in 1.10. You provided 'n_jobs=-1', please leave it unspecified.
  warnings.warn(msg, category=FutureWarning)
D:\IC_2025\IRP\workspace\venv\Lib\site-packages\sklearn\linear_model\_logistic.py:1457: FutureWarning: 'n_jobs' has no effect since 1.8 and will be removed in 1.10. You provided 'n_jobs=-1', please leave it unspecified.
  warnings.warn(msg, category=FutureWarning)
D:\IC_2025\IRP\workspace\venv\Lib\site-packages\sklearn\linear_model\_logistic.py:1457: FutureWarning: 'n_jobs' has no effect since 1.8 and will be removed in 1.10. You provided 'n_jobs=-1', please leave it unspecified.
  warnings.warn(msg, category=FutureWarning)
D:\IC_2025\IRP\workspace\venv\Lib\site-packages\sklearn\linear_model\_logistic.py:1457: FutureWarning: 'n_jobs' has no effect since 1.8 and will be removed in 1.10. You provided 'n_jobs=-1', please leave it unspecified.
  warnings.warn(msg, category=FutureWarning)
D:\IC_2025\IRP\workspace\venv\Lib\site-packages\sklearn\linear_model\_logistic.py:1457: FutureWarning: 'n_jobs' has no effect since 1.8 and will be removed in 1.10. You provided 'n_jobs=-1', please leave it unspecified.
  warnings.warn(msg, category=FutureWarning)
D:\IC_2025\IRP\workspace\venv\Lib\site-packages\sklearn\linear_model\_logistic.py:1457: FutureWarning: 'n_jobs' has no effect since 1.8 and will be removed in 1.10. You provided 'n_jobs=-1', please leave it unspecified.
  warnings.warn(msg, category=FutureWarning)
D:\IC_2025\IRP\workspace\venv\Lib\site-packages\sklearn\linear_model\_logistic.py:1457: FutureWarning: 'n_jobs' has no effect since 1.8 and will be removed in 1.10. You provided 'n_jobs=-1', please leave it unspecified.
  warnings.warn(msg, category=FutureWarning)
D:\IC_2025\IRP\workspace\venv\Lib\site-packages\sklearn\linear_model\_logistic.py:1457: FutureWarning: 'n_jobs' has no effect since 1.8 and will be removed in 1.10. You provided 'n_jobs=-1', please leave it unspecified.
  warnings.warn(msg, category=FutureWarning)
D:\IC_2025\IRP\workspace\venv\Lib\site-packages\sklearn\linear_model\_logistic.py:1457: FutureWarning: 'n_jobs' has no effect since 1.8 and will be removed in 1.10. You provided 'n_jobs=-1', please leave it unspecified.
  warnings.warn(msg, category=FutureWarning)
D:\IC_2025\IRP\workspace\venv\Lib\site-packages\sklearn\linear_model\_logistic.py:1457: FutureWarning: 'n_jobs' has no effect since 1.8 and will be removed in 1.10. You provided 'n_jobs=-1', please leave it unspecified.
  warnings.warn(msg, category=FutureWarning)
D:\IC_2025\IRP\workspace\venv\Lib\site-packages\sklearn\linear_model\_logistic.py:1457: FutureWarning: 'n_jobs' has no effect since 1.8 and will be removed in 1.10. You provided 'n_jobs=-1', please leave it unspecified.
  warnings.warn(msg, category=FutureWarning)
D:\IC_2025\IRP\workspace\venv\Lib\site-packages\sklearn\linear_model\_logistic.py:1457: FutureWarning: 'n_jobs' has no effect since 1.8 and will be removed in 1.10. You provided 'n_jobs=-1', please leave it unspecified.
  warnings.warn(msg, category=FutureWarning)
sparse_whole_nodelay_v3_k8_floor1_seed42        3.83    4.06   5.63%   0.729   0.393   0.854   0.640  +0.214   0.27
D:\IC_2025\IRP\workspace\venv\Lib\site-packages\torch\nn\utils\weight_norm.py:143: FutureWarning: `torch.nn.utils.weight_norm` is deprecated in favor of `torch.nn.utils.parametrizations.weight_norm`.
  WeightNorm.apply(module, name, dim)
D:\IC_2025\IRP\workspace\venv\Lib\site-packages\sklearn\linear_model\_logistic.py:1457: FutureWarning: 'n_jobs' has no effect since 1.8 and will be removed in 1.10. You provided 'n_jobs=-1', please leave it unspecified.
  warnings.warn(msg, category=FutureWarning)
D:\IC_2025\IRP\workspace\venv\Lib\site-packages\sklearn\linear_model\_logistic.py:1457: FutureWarning: 'n_jobs' has no effect since 1.8 and will be removed in 1.10. You provided 'n_jobs=-1', please leave it unspecified.
  warnings.warn(msg, category=FutureWarning)
D:\IC_2025\IRP\workspace\venv\Lib\site-packages\sklearn\linear_model\_logistic.py:1457: FutureWarning: 'n_jobs' has no effect since 1.8 and will be removed in 1.10. You provided 'n_jobs=-1', please leave it unspecified.
  warnings.warn(msg, category=FutureWarning)
D:\IC_2025\IRP\workspace\venv\Lib\site-packages\sklearn\linear_model\_logistic.py:1457: FutureWarning: 'n_jobs' has no effect since 1.8 and will be removed in 1.10. You provided 'n_jobs=-1', please leave it unspecified.
  warnings.warn(msg, category=FutureWarning)
D:\IC_2025\IRP\workspace\venv\Lib\site-packages\sklearn\linear_model\_logistic.py:1457: FutureWarning: 'n_jobs' has no effect since 1.8 and will be removed in 1.10. You provided 'n_jobs=-1', please leave it unspecified.
  warnings.warn(msg, category=FutureWarning)
D:\IC_2025\IRP\workspace\venv\Lib\site-packages\sklearn\linear_model\_logistic.py:1457: FutureWarning: 'n_jobs' has no effect since 1.8 and will be removed in 1.10. You provided 'n_jobs=-1', please leave it unspecified.
  warnings.warn(msg, category=FutureWarning)
D:\IC_2025\IRP\workspace\venv\Lib\site-packages\sklearn\linear_model\_logistic.py:1457: FutureWarning: 'n_jobs' has no effect since 1.8 and will be removed in 1.10. You provided 'n_jobs=-1', please leave it unspecified.
  warnings.warn(msg, category=FutureWarning)
D:\IC_2025\IRP\workspace\venv\Lib\site-packages\sklearn\linear_model\_logistic.py:1457: FutureWarning: 'n_jobs' has no effect since 1.8 and will be removed in 1.10. You provided 'n_jobs=-1', please leave it unspecified.
  warnings.warn(msg, category=FutureWarning)
D:\IC_2025\IRP\workspace\venv\Lib\site-packages\sklearn\linear_model\_logistic.py:1457: FutureWarning: 'n_jobs' has no effect since 1.8 and will be removed in 1.10. You provided 'n_jobs=-1', please leave it unspecified.
  warnings.warn(msg, category=FutureWarning)
D:\IC_2025\IRP\workspace\venv\Lib\site-packages\sklearn\linear_model\_logistic.py:1457: FutureWarning: 'n_jobs' has no effect since 1.8 and will be removed in 1.10. You provided 'n_jobs=-1', please leave it unspecified.
  warnings.warn(msg, category=FutureWarning)
D:\IC_2025\IRP\workspace\venv\Lib\site-packages\sklearn\linear_model\_logistic.py:1457: FutureWarning: 'n_jobs' has no effect since 1.8 and will be removed in 1.10. You provided 'n_jobs=-1', please leave it unspecified.
  warnings.warn(msg, category=FutureWarning)
D:\IC_2025\IRP\workspace\venv\Lib\site-packages\sklearn\linear_model\_logistic.py:1457: FutureWarning: 'n_jobs' has no effect since 1.8 and will be removed in 1.10. You provided 'n_jobs=-1', please leave it unspecified.
  warnings.warn(msg, category=FutureWarning)
sparse_whole_nodelay_v3_k8_floor1_seed43        3.74    3.97   5.77%   0.721   0.398   0.857   0.639  +0.218   0.27
D:\IC_2025\IRP\workspace\venv\Lib\site-packages\torch\nn\utils\weight_norm.py:143: FutureWarning: `torch.nn.utils.weight_norm` is deprecated in favor of `torch.nn.utils.parametrizations.weight_norm`.
  WeightNorm.apply(module, name, dim)
D:\IC_2025\IRP\workspace\venv\Lib\site-packages\sklearn\linear_model\_logistic.py:1457: FutureWarning: 'n_jobs' has no effect since 1.8 and will be removed in 1.10. You provided 'n_jobs=-1', please leave it unspecified.
  warnings.warn(msg, category=FutureWarning)
D:\IC_2025\IRP\workspace\venv\Lib\site-packages\sklearn\linear_model\_logistic.py:1457: FutureWarning: 'n_jobs' has no effect since 1.8 and will be removed in 1.10. You provided 'n_jobs=-1', please leave it unspecified.
  warnings.warn(msg, category=FutureWarning)
D:\IC_2025\IRP\workspace\venv\Lib\site-packages\sklearn\linear_model\_logistic.py:1457: FutureWarning: 'n_jobs' has no effect since 1.8 and will be removed in 1.10. You provided 'n_jobs=-1', please leave it unspecified.
  warnings.warn(msg, category=FutureWarning)
D:\IC_2025\IRP\workspace\venv\Lib\site-packages\sklearn\linear_model\_logistic.py:1457: FutureWarning: 'n_jobs' has no effect since 1.8 and will be removed in 1.10. You provided 'n_jobs=-1', please leave it unspecified.
  warnings.warn(msg, category=FutureWarning)
D:\IC_2025\IRP\workspace\venv\Lib\site-packages\sklearn\linear_model\_logistic.py:1457: FutureWarning: 'n_jobs' has no effect since 1.8 and will be removed in 1.10. You provided 'n_jobs=-1', please leave it unspecified.
  warnings.warn(msg, category=FutureWarning)
D:\IC_2025\IRP\workspace\venv\Lib\site-packages\sklearn\linear_model\_logistic.py:1457: FutureWarning: 'n_jobs' has no effect since 1.8 and will be removed in 1.10. You provided 'n_jobs=-1', please leave it unspecified.
  warnings.warn(msg, category=FutureWarning)
D:\IC_2025\IRP\workspace\venv\Lib\site-packages\sklearn\linear_model\_logistic.py:1457: FutureWarning: 'n_jobs' has no effect since 1.8 and will be removed in 1.10. You provided 'n_jobs=-1', please leave it unspecified.
  warnings.warn(msg, category=FutureWarning)
D:\IC_2025\IRP\workspace\venv\Lib\site-packages\sklearn\linear_model\_logistic.py:1457: FutureWarning: 'n_jobs' has no effect since 1.8 and will be removed in 1.10. You provided 'n_jobs=-1', please leave it unspecified.
  warnings.warn(msg, category=FutureWarning)
D:\IC_2025\IRP\workspace\venv\Lib\site-packages\sklearn\linear_model\_logistic.py:1457: FutureWarning: 'n_jobs' has no effect since 1.8 and will be removed in 1.10. You provided 'n_jobs=-1', please leave it unspecified.
  warnings.warn(msg, category=FutureWarning)
D:\IC_2025\IRP\workspace\venv\Lib\site-packages\sklearn\linear_model\_logistic.py:1457: FutureWarning: 'n_jobs' has no effect since 1.8 and will be removed in 1.10. You provided 'n_jobs=-1', please leave it unspecified.
  warnings.warn(msg, category=FutureWarning)
D:\IC_2025\IRP\workspace\venv\Lib\site-packages\sklearn\linear_model\_logistic.py:1457: FutureWarning: 'n_jobs' has no effect since 1.8 and will be removed in 1.10. You provided 'n_jobs=-1', please leave it unspecified.
  warnings.warn(msg, category=FutureWarning)
D:\IC_2025\IRP\workspace\venv\Lib\site-packages\sklearn\linear_model\_logistic.py:1457: FutureWarning: 'n_jobs' has no effect since 1.8 and will be removed in 1.10. You provided 'n_jobs=-1', please leave it unspecified.
  warnings.warn(msg, category=FutureWarning)
sparse_whole_nodelay_v3_k8_floor1_seed44        3.63    3.86   6.00%   0.702   0.386   0.841   0.623  +0.218   0.28
Written to D:\IC_2025\IRP\workspace\my_project\exp_sparse_network\v3_analysis\log\hidden_channel_decode_v3_nodelay.json
