{
  "no_reversal": {
    "0.0": {
      "mean": 0.8643954575818303,
      "std": 0.0,
      "values": [
        0.8643954575818303,
        0.8643954575818303,
        0.8643954575818303
      ]
    },
    "0.2": {
      "mean": 0.8318859942106435,
      "std": 0.003003949579877973,
      "values": [
        0.8283233132932531,
        0.8356713426853707,
        0.8316633266533067
      ]
    },
    "0.4": {
      "mean": 0.723669561344912,
      "std": 0.004702452033387402,
      "values": [
        0.7247828991315965,
        0.7287909151636607,
        0.717434869739479
      ]
    },
    "0.6": {
      "mean": 0.5136940547762191,
      "std": 0.005202993295723837,
      "values": [
        0.5063460253841016,
        0.5177020708082832,
        0.5170340681362725
      ]
    },
    "0.8": {
      "mean": 0.29080382988198616,
      "std": 0.008698296586339178,
      "values": [
        0.2879091516366065,
        0.2818971275885104,
        0.3026052104208417
      ]
    },
    "1.0": {
      "mean": 0.1416165664662659,
      "std": 0.0033176718828214933,
      "values": [
        0.14428857715430862,
        0.14362057448229792,
        0.13694054776219106
      ]
    }
  },
  "reversal": {
    "0.0": {
      "mean": 0.2892451569806279,
      "std": 0.0,
      "values": [
        0.2892451569806279,
        0.2892451569806279,
        0.2892451569806279
      ]
    },
    "0.2": {
      "mean": 0.09574704965486529,
      "std": 0.002270772439809743,
      "values": [
        0.09886439545758183,
        0.09485637942551771,
        0.09352037408149633
      ]
    },
    "0.4": {
      "mean": 0.12558450233800936,
      "std": 0.006963480637324382,
      "values": [
        0.134936539746159,
        0.12358049432197729,
        0.11823647294589178
      ]
    },
    "0.6": {
      "mean": 0.12447116455132486,
      "std": 0.0006297989589726505,
      "values": [
        0.12491649966599866,
        0.12491649966599866,
        0.12358049432197729
      ]
    },
    "0.8": {
      "mean": 0.12536183478067245,
      "std": 0.003003949579877993,
      "values": [
        0.1229124916499666,
        0.1295925183700735,
        0.12358049432197729
      ]
    },
    "1.0": {
      "mean": 0.13538187486083278,
      "std": 0.003332582842818031,
      "values": [
        0.13894455577822312,
        0.13627254509018036,
        0.13092852371409486
      ]
    }
  }
}