{
  "no_reversal": {
    "0.0": {
      "mean": 0.5551102204408818,
      "std": 0.0,
      "values": [
        0.5551102204408818,
        0.5551102204408818,
        0.5551102204408818
      ]
    },
    "0.2": {
      "mean": 0.19661545312847917,
      "std": 0.0030039495798779865,
      "values": [
        0.19305277221108885,
        0.20040080160320642,
        0.1963927855711423
      ]
    },
    "0.4": {
      "mean": 0.16455132487196616,
      "std": 0.0013726150084544572,
      "values": [
        0.16432865731462926,
        0.1629926519706079,
        0.16633266533066132
      ]
    },
    "0.6": {
      "mean": 0.13805388554887552,
      "std": 0.0025775633272745995,
      "values": [
        0.13694054776219106,
        0.13560454241816966,
        0.14161656646626586
      ]
    },
    "0.8": {
      "mean": 0.12447116455132486,
      "std": 0.0008331457107045084,
      "values": [
        0.12358049432197729,
        0.12424849699398798,
        0.12558450233800936
      ]
    },
    "1.0": {
      "mean": 0.11779113783121797,
      "std": 0.0016662914214090154,
      "values": [
        0.11823647294589178,
        0.11556446225784903,
        0.11957247828991316
      ]
    }
  },
  "reversal": {
    "0.0": {
      "mean": 0.4649298597194389,
      "std": 0.0,
      "values": [
        0.4649298597194389,
        0.4649298597194389,
        0.4649298597194389
      ]
    },
    "0.2": {
      "mean": 0.17657537296815853,
      "std": 0.001259597917945314,
      "values": [
        0.17568470273881096,
        0.17568470273881096,
        0.17835671342685372
      ]
    },
    "0.4": {
      "mean": 0.16588733021598753,
      "std": 0.002204296356404288,
      "values": [
        0.16633266533066132,
        0.1629926519706079,
        0.1683366733466934
      ]
    },
    "0.6": {
      "mean": 0.13783121799153863,
      "std": 0.005832019974931544,
      "values": [
        0.13627254509018036,
        0.13159652638610556,
        0.14562458249833
      ]
    },
    "0.8": {
      "mean": 0.1271431752393676,
      "std": 0.002064933978066287,
      "values": [
        0.12424849699398798,
        0.1289245156980628,
        0.1282565130260521
      ]
    },
    "1.0": {
      "mean": 0.11868180806056557,
      "std": 0.0013726150084544572,
      "values": [
        0.11890447561790247,
        0.12024048096192384,
        0.11690046760187041
      ]
    }
  }
}