{
  "no_reversal": {
    "0.0": {
      "mean": 0.4908424908424908,
      "std": 0.0,
      "values": [
        0.4908424908424908,
        0.4908424908424908,
        0.4908424908424908
      ]
    },
    "0.2": {
      "mean": 0.4114774114774115,
      "std": 0.005550745501418745,
      "values": [
        0.40415140415140416,
        0.4126984126984127,
        0.4175824175824176
      ]
    },
    "0.4": {
      "mean": 0.2983312983312983,
      "std": 0.01037651508667641,
      "values": [
        0.28815628815628813,
        0.29426129426129427,
        0.3125763125763126
      ]
    },
    "0.6": {
      "mean": 0.16687016687016687,
      "std": 0.005490735678971114,
      "values": [
        0.1746031746031746,
        0.1623931623931624,
        0.16361416361416362
      ]
    },
    "0.8": {
      "mean": 0.0801790801790802,
      "std": 0.008935489784330546,
      "values": [
        0.0927960927960928,
        0.07326007326007326,
        0.07448107448107448
      ]
    },
    "1.0": {
      "mean": 0.06186406186406187,
      "std": 0.002508919008127384,
      "values": [
        0.05860805860805861,
        0.06227106227106227,
        0.06471306471306472
      ]
    }
  },
  "reversal": {
    "0.0": {
      "mean": 0.14407814407814407,
      "std": 0.0,
      "values": [
        0.14407814407814407,
        0.14407814407814407,
        0.14407814407814407
      ]
    },
    "0.2": {
      "mean": 0.0582010582010582,
      "std": 0.0028779274773567255,
      "values": [
        0.06227106227106227,
        0.05616605616605617,
        0.05616605616605617
      ]
    },
    "0.4": {
      "mean": 0.04517704517704518,
      "std": 0.000996943322256075,
      "values": [
        0.0463980463980464,
        0.045177045177045176,
        0.04395604395604396
      ]
    },
    "0.6": {
      "mean": 0.06145706145706146,
      "std": 0.007614280396365369,
      "values": [
        0.06349206349206349,
        0.05128205128205128,
        0.0695970695970696
      ]
    },
    "0.8": {
      "mean": 0.057387057387057384,
      "std": 0.004568568237819219,
      "values": [
        0.06349206349206349,
        0.052503052503052504,
        0.05616605616605617
      ]
    },
    "1.0": {
      "mean": 0.05942205942205942,
      "std": 0.004029098468299419,
      "values": [
        0.06471306471306472,
        0.054945054945054944,
        0.05860805860805861
      ]
    }
  }
}