{
  "no_reversal": {
    "0.0": {
      "mean": 0.6984126984126983,
      "std": 1.1102230246251565e-16,
      "values": [
        0.6984126984126984,
        0.6984126984126984,
        0.6984126984126984
      ]
    },
    "0.2": {
      "mean": 0.5645095645095645,
      "std": 0.0032047244094472052,
      "values": [
        0.5616605616605617,
        0.5628815628815629,
        0.568986568986569
      ]
    },
    "0.4": {
      "mean": 0.3894993894993895,
      "std": 0.003987773289024289,
      "values": [
        0.3894993894993895,
        0.38461538461538464,
        0.39438339438339437
      ]
    },
    "0.6": {
      "mean": 0.20431420431420433,
      "std": 0.0025089190081273847,
      "values": [
        0.20146520146520147,
        0.2039072039072039,
        0.20757020757020758
      ]
    },
    "0.8": {
      "mean": 0.08994708994708994,
      "std": 0.0005755854954713431,
      "values": [
        0.09035409035409035,
        0.09035409035409035,
        0.08913308913308914
      ]
    },
    "1.0": {
      "mean": 0.05453805453805454,
      "std": 0.003045712158546147,
      "values": [
        0.05372405372405373,
        0.05128205128205128,
        0.05860805860805861
      ]
    }
  },
  "reversal": {
    "0.0": {
      "mean": 0.18681318681318682,
      "std": 0.0,
      "values": [
        0.18681318681318682,
        0.18681318681318682,
        0.18681318681318682
      ]
    },
    "0.2": {
      "mean": 0.04843304843304844,
      "std": 0.003045712158546148,
      "values": [
        0.052503052503052504,
        0.047619047619047616,
        0.045177045177045176
      ]
    },
    "0.4": {
      "mean": 0.06308506308506308,
      "std": 0.0011511709909426927,
      "values": [
        0.06471306471306472,
        0.06227106227106227,
        0.06227106227106227
      ]
    },
    "0.6": {
      "mean": 0.07163207163207164,
      "std": 0.005668859697673632,
      "values": [
        0.07936507936507936,
        0.0695970695970696,
        0.06593406593406594
      ]
    },
    "0.8": {
      "mean": 0.05616605616605617,
      "std": 0.002990829966768228,
      "values": [
        0.052503052503052504,
        0.05616605616605617,
        0.05982905982905983
      ]
    },
    "1.0": {
      "mean": 0.05128205128205129,
      "std": 0.0017267564864140359,
      "values": [
        0.050061050061050064,
        0.050061050061050064,
        0.05372405372405373
      ]
    }
  }
}