{
  "no_reversal": {
    "0.0": {
      "mean": 0.24664224664224665,
      "std": 0.0,
      "values": [
        0.24664224664224665,
        0.24664224664224665,
        0.24664224664224665
      ]
    },
    "0.2": {
      "mean": 0.06308506308506308,
      "std": 0.0005755854954713431,
      "values": [
        0.06227106227106227,
        0.06349206349206349,
        0.06349206349206349
      ]
    },
    "0.4": {
      "mean": 0.06715506715506715,
      "std": 0.0009969433222560779,
      "values": [
        0.06715506715506715,
        0.06837606837606838,
        0.06593406593406594
      ]
    },
    "0.6": {
      "mean": 0.07936507936507936,
      "std": 0.0009969433222560779,
      "values": [
        0.08058608058608059,
        0.07936507936507936,
        0.07814407814407814
      ]
    },
    "0.8": {
      "mean": 0.06959706959706959,
      "std": 0.0062259090520058406,
      "values": [
        0.0757020757020757,
        0.07203907203907203,
        0.06105006105006105
      ]
    },
    "1.0": {
      "mean": 0.06430606430606431,
      "std": 0.005490735678971117,
      "values": [
        0.07203907203907203,
        0.06105006105006105,
        0.05982905982905983
      ]
    }
  },
  "reversal": {
    "0.0": {
      "mean": 0.17460317460317457,
      "std": 2.7755575615628914e-17,
      "values": [
        0.1746031746031746,
        0.1746031746031746,
        0.1746031746031746
      ]
    },
    "0.2": {
      "mean": 0.0643060643060643,
      "std": 0.0015228560792730742,
      "values": [
        0.06227106227106227,
        0.06471306471306472,
        0.06593406593406594
      ]
    },
    "0.4": {
      "mean": 0.06593406593406594,
      "std": 0.0026376641019161024,
      "values": [
        0.0695970695970696,
        0.06471306471306472,
        0.06349206349206349
      ]
    },
    "0.6": {
      "mean": 0.08017908017908017,
      "std": 0.0015228560792730742,
      "values": [
        0.07814407814407814,
        0.08058608058608059,
        0.08180708180708181
      ]
    },
    "0.8": {
      "mean": 0.07203907203907205,
      "std": 0.0034535129728280717,
      "values": [
        0.07448107448107448,
        0.06715506715506715,
        0.07448107448107448
      ]
    },
    "1.0": {
      "mean": 0.05535205535205535,
      "std": 0.005755854954713451,
      "values": [
        0.05128205128205128,
        0.06349206349206349,
        0.05128205128205128
      ]
    }
  }
}