{
  "no_reversal": {
    "0.0": {
      "mean": 0.35775335775335776,
      "std": 0.0,
      "values": [
        0.35775335775335776,
        0.35775335775335776,
        0.35775335775335776
      ]
    },
    "0.2": {
      "mean": 0.08302808302808302,
      "std": 0.01395720651158506,
      "values": [
        0.0757020757020757,
        0.10256410256410256,
        0.07081807081807082
      ]
    },
    "0.4": {
      "mean": 0.13512413512413513,
      "std": 0.006637975755107895,
      "values": [
        0.14041514041514042,
        0.12576312576312576,
        0.1391941391941392
      ]
    },
    "0.6": {
      "mean": 0.13146113146113145,
      "std": 0.009682846767090207,
      "values": [
        0.11843711843711843,
        0.1343101343101343,
        0.14163614163614163
      ]
    },
    "0.8": {
      "mean": 0.12291412291412292,
      "std": 0.0063314404501848,
      "values": [
        0.13186813186813187,
        0.11843711843711843,
        0.11843711843711843
      ]
    },
    "1.0": {
      "mean": 0.12901912901912901,
      "std": 0.005841554779978559,
      "values": [
        0.1343101343101343,
        0.12087912087912088,
        0.13186813186813187
      ]
    }
  },
  "reversal": {
    "0.0": {
      "mean": 0.2796092796092796,
      "std": 0.0,
      "values": [
        0.2796092796092796,
        0.2796092796092796,
        0.2796092796092796
      ]
    },
    "0.2": {
      "mean": 0.08343508343508343,
      "std": 0.013275951510215779,
      "values": [
        0.09157509157509157,
        0.09401709401709402,
        0.06471306471306472
      ]
    },
    "0.4": {
      "mean": 0.1339031339031339,
      "std": 0.005490735678971114,
      "values": [
        0.12942612942612944,
        0.14163614163614163,
        0.13064713064713065
      ]
    },
    "0.6": {
      "mean": 0.1326821326821327,
      "std": 0.0058415547799785614,
      "values": [
        0.13797313797313798,
        0.13553113553113552,
        0.12454212454212454
      ]
    },
    "0.8": {
      "mean": 0.13186813186813187,
      "std": 0.0017267564864140294,
      "values": [
        0.1343101343101343,
        0.13064713064713065,
        0.13064713064713065
      ]
    },
    "1.0": {
      "mean": 0.13105413105413102,
      "std": 0.003774366502033253,
      "values": [
        0.12576312576312576,
        0.1330891330891331,
        0.1343101343101343
      ]
    }
  }
}