{
  "0.0": 0.937037037037037,
  "0.1": 0.9185185185185185,
  "0.2": 0.8944444444444445,
  "0.3": 0.8444444444444444,
  "0.4": 0.7870370370370371,
  "0.5": 0.725925925925926,
  "0.6": 0.7111111111111111,
  "0.7": 0.6833333333333333,
  "0.8": 0.6055555555555555,
  "0.9": 0.6444444444444445,
  "1.0": 0.6259259259259259
}