{
  "0.0": 0.9722222222222222,
  "0.1": 0.9685185185185186,
  "0.2": 0.9518518518518518,
  "0.3": 0.9166666666666666,
  "0.4": 0.8444444444444444,
  "0.5": 0.774074074074074,
  "0.6": 0.737037037037037,
  "0.7": 0.6888888888888889,
  "0.8": 0.6148148148148148,
  "0.9": 0.5907407407407408,
  "1.0": 0.5851851851851851
}