{
  "no_reversal": {
    "0.0": {
      "mean": 0.8897795591182365,
      "std": 0.0,
      "values": [
        0.8897795591182365,
        0.8897795591182365,
        0.8897795591182365
      ]
    },
    "0.2": {
      "mean": 0.8514807392562904,
      "std": 0.0041657285535225425,
      "values": [
        0.8570474281897128,
        0.8503674014696059,
        0.8470273881095525
      ]
    },
    "0.4": {
      "mean": 0.7862391449565798,
      "std": 0.0038179532842311727,
      "values": [
        0.781563126252505,
        0.7909151636606546,
        0.7862391449565799
      ]
    },
    "0.6": {
      "mean": 0.6853707414829658,
      "std": 0.006612889069212876,
      "values": [
        0.6806947227788911,
        0.6947227788911156,
        0.6806947227788911
      ]
    },
    "0.8": {
      "mean": 0.5684702738810955,
      "std": 0.004998874264227048,
      "values": [
        0.5751503006012024,
        0.5671342685370742,
        0.56312625250501
      ]
    },
    "1.0": {
      "mean": 0.49677132041861505,
      "std": 0.0031958806712107076,
      "values": [
        0.49966599866399464,
        0.4983299933199733,
        0.4923179692718771
      ]
    }
  },
  "reversal": {
    "0.0": {
      "mean": 0.7354709418837674,
      "std": 1.1102230246251565e-16,
      "values": [
        0.7354709418837675,
        0.7354709418837675,
        0.7354709418837675
      ]
    },
    "0.2": {
      "mean": 0.646849254063683,
      "std": 0.0022042963564042756,
      "values": [
        0.6439545758183033,
        0.6492985971943888,
        0.6472945891783567
      ]
    },
    "0.4": {
      "mean": 0.609886439545758,
      "std": 0.006635343765642972,
      "values": [
        0.6045424181696727,
        0.605878423513694,
        0.6192384769539078
      ]
    },
    "0.6": {
      "mean": 0.569806279225117,
      "std": 0.006963480637324404,
      "values": [
        0.5604542418169672,
        0.5771543086172345,
        0.571810287241149
      ]
    },
    "0.8": {
      "mean": 0.528835448675128,
      "std": 0.010091533461255521,
      "values": [
        0.5290581162324649,
        0.5163660654642619,
        0.5410821643286573
      ]
    },
    "1.0": {
      "mean": 0.4978846582052994,
      "std": 0.007097473814522048,
      "values": [
        0.4983299933199733,
        0.48897795591182364,
        0.5063460253841016
      ]
    }
  }
}