{
  "no_reversal": {
    "0.0": {
      "mean": 0.7655677655677655,
      "std": 0.0,
      "values": [
        0.7655677655677655,
        0.7655677655677655,
        0.7655677655677655
      ]
    },
    "0.2": {
      "mean": 0.6894586894586894,
      "std": 0.004029098468299402,
      "values": [
        0.6947496947496947,
        0.6886446886446886,
        0.684981684981685
      ]
    },
    "0.4": {
      "mean": 0.5698005698005698,
      "std": 0.006091424317092272,
      "values": [
        0.5763125763125763,
        0.5714285714285714,
        0.5616605616605617
      ]
    },
    "0.6": {
      "mean": 0.44647944647944654,
      "std": 0.013826038055728962,
      "values": [
        0.43223443223443225,
        0.442002442002442,
        0.4652014652014652
      ]
    },
    "0.8": {
      "mean": 0.35856735856735855,
      "std": 0.003501149884836222,
      "values": [
        0.3540903540903541,
        0.358974358974359,
        0.3626373626373626
      ]
    },
    "1.0": {
      "mean": 0.3312983312983313,
      "std": 0.004604683963770745,
      "values": [
        0.33455433455433453,
        0.3247863247863248,
        0.33455433455433453
      ]
    }
  },
  "reversal": {
    "0.0": {
      "mean": 0.47863247863247865,
      "std": 0.0,
      "values": [
        0.47863247863247865,
        0.47863247863247865,
        0.47863247863247865
      ]
    },
    "0.2": {
      "mean": 0.3614163614163614,
      "std": 0.0009969433222560722,
      "values": [
        0.3626373626373626,
        0.3601953601953602,
        0.3614163614163614
      ]
    },
    "0.4": {
      "mean": 0.3447293447293447,
      "std": 0.004029098468299402,
      "values": [
        0.3492063492063492,
        0.34554334554334554,
        0.33943833943833945
      ]
    },
    "0.6": {
      "mean": 0.33170533170533173,
      "std": 0.006009288994803992,
      "values": [
        0.3247863247863248,
        0.3308913308913309,
        0.33943833943833945
      ]
    },
    "0.8": {
      "mean": 0.3219373219373219,
      "std": 0.009986035121192744,
      "values": [
        0.3125763125763126,
        0.33577533577533575,
        0.31746031746031744
      ]
    },
    "1.0": {
      "mean": 0.3207163207163207,
      "std": 0.010981471357942228,
      "values": [
        0.32722832722832723,
        0.32967032967032966,
        0.3052503052503053
      ]
    }
  }
}