{
  "no_reversal": {
    "0.0": {
      "mean": 0.5838343353373413,
      "std": 0.0,
      "values": [
        0.5838343353373413,
        0.5838343353373413,
        0.5838343353373413
      ]
    },
    "0.2": {
      "mean": 0.5123580494321978,
      "std": 0.0038179532842311918,
      "values": [
        0.5090180360721442,
        0.5177020708082832,
        0.5103540414161657
      ]
    },
    "0.4": {
      "mean": 0.47739924293030506,
      "std": 0.004949033794454004,
      "values": [
        0.4749498997995992,
        0.48430193720774883,
        0.4729458917835671
      ]
    },
    "0.6": {
      "mean": 0.4524604765085727,
      "std": 0.0035065721995153915,
      "values": [
        0.447561790247161,
        0.45424181696726784,
        0.45557782231128924
      ]
    },
    "0.8": {
      "mean": 0.4424404364284124,
      "std": 0.009898067588907968,
      "values": [
        0.45357381429525717,
        0.44422177688710757,
        0.42952571810287243
      ]
    },
    "1.0": {
      "mean": 0.43531507459363167,
      "std": 0.008349291141951746,
      "values": [
        0.4415497661990648,
        0.4408817635270541,
        0.42351369405477624
      ]
    }
  },
  "reversal": {
    "0.0": {
      "mean": 0.58249832999332,
      "std": 0.0,
      "values": [
        0.58249832999332,
        0.58249832999332,
        0.58249832999332
      ]
    },
    "0.2": {
      "mean": 0.49988866622133155,
      "std": 0.0008331457107044848,
      "values": [
        0.49966599866399464,
        0.501002004008016,
        0.49899799599198397
      ]
    },
    "0.4": {
      "mean": 0.4680472055221554,
      "std": 0.01009153346125555,
      "values": [
        0.46025384101536404,
        0.48229792919171677,
        0.46158984635938544
      ]
    },
    "0.6": {
      "mean": 0.44488977955911824,
      "std": 0.00577220280419316,
      "values": [
        0.4529058116232465,
        0.4422177688710755,
        0.4395457581830327
      ]
    },
    "0.8": {
      "mean": 0.4359830772656424,
      "std": 0.011752966573499595,
      "values": [
        0.45223780895123583,
        0.4248496993987976,
        0.4308617234468938
      ]
    },
    "1.0": {
      "mean": 0.43286573146292584,
      "std": 0.006963480637324379,
      "values": [
        0.4422177688710755,
        0.4308617234468938,
        0.4255177020708083
      ]
    }
  }
}