{
  "no_reversal": {
    "0.0": {
      "mean": 0.45054945054945056,
      "std": 0.0,
      "values": [
        0.45054945054945056,
        0.45054945054945056,
        0.45054945054945056
      ]
    },
    "0.2": {
      "mean": 0.39194139194139194,
      "std": 0.005275328203832184,
      "values": [
        0.39438339438339437,
        0.3968253968253968,
        0.38461538461538464
      ]
    },
    "0.4": {
      "mean": 0.35124135124135125,
      "std": 0.004495466429461652,
      "values": [
        0.3516483516483517,
        0.35653235653235654,
        0.34554334554334554
      ]
    },
    "0.6": {
      "mean": 0.34595034595034596,
      "std": 0.014110651870866683,
      "values": [
        0.3553113553113553,
        0.326007326007326,
        0.35653235653235654
      ]
    },
    "0.8": {
      "mean": 0.3190883190883191,
      "std": 0.00678605291026987,
      "values": [
        0.3162393162393162,
        0.32844932844932845,
        0.3125763125763126
      ]
    },
    "1.0": {
      "mean": 0.3089133089133089,
      "std": 0.0029908299667682167,
      "values": [
        0.3052503052503053,
        0.3089133089133089,
        0.3125763125763126
      ]
    }
  },
  "reversal": {
    "0.0": {
      "mean": 0.42246642246642246,
      "std": 0.0,
      "values": [
        0.42246642246642246,
        0.42246642246642246,
        0.42246642246642246
      ]
    },
    "0.2": {
      "mean": 0.398046398046398,
      "std": 0.013412500653873899,
      "values": [
        0.41147741147741146,
        0.40293040293040294,
        0.3797313797313797
      ]
    },
    "0.4": {
      "mean": 0.3618233618233619,
      "std": 0.008710189075715377,
      "values": [
        0.3528693528693529,
        0.358974358974359,
        0.37362637362637363
      ]
    },
    "0.6": {
      "mean": 0.33618233618233617,
      "std": 0.005490735678971126,
      "values": [
        0.33943833943833945,
        0.32844932844932845,
        0.34065934065934067
      ]
    },
    "0.8": {
      "mean": 0.31054131054131057,
      "std": 0.007002299769672467,
      "values": [
        0.31135531135531136,
        0.31868131868131866,
        0.30158730158730157
      ]
    },
    "1.0": {
      "mean": 0.2975172975172975,
      "std": 0.008595324412675177,
      "values": [
        0.28815628815628813,
        0.3089133089133089,
        0.2954822954822955
      ]
    }
  }
}