{
  "no_reversal": {
    "0.0": {
      "mean": 0.23931623931623933,
      "std": 0.0,
      "values": [
        0.23931623931623933,
        0.23931623931623933,
        0.23931623931623933
      ]
    },
    "0.2": {
      "mean": 0.15913715913715912,
      "std": 0.009835609258115231,
      "values": [
        0.16727716727716727,
        0.16483516483516483,
        0.1452991452991453
      ]
    },
    "0.4": {
      "mean": 0.12657712657712658,
      "std": 0.007548733004066506,
      "values": [
        0.115995115995116,
        0.13064713064713065,
        0.1330891330891331
      ]
    },
    "0.6": {
      "mean": 0.10500610500610501,
      "std": 0.0017267564864140359,
      "values": [
        0.10256410256410256,
        0.10622710622710622,
        0.10622710622710622
      ]
    },
    "0.8": {
      "mean": 0.10134310134310136,
      "std": 0.004984716611280384,
      "values": [
        0.09523809523809523,
        0.10134310134310134,
        0.10744810744810745
      ]
    },
    "1.0": {
      "mean": 0.09157509157509158,
      "std": 0.0009969433222560779,
      "values": [
        0.09035409035409035,
        0.09157509157509157,
        0.0927960927960928
      ]
    }
  },
  "reversal": {
    "0.0": {
      "mean": 0.2344322344322344,
      "std": 2.7755575615628914e-17,
      "values": [
        0.23443223443223443,
        0.23443223443223443,
        0.23443223443223443
      ]
    },
    "0.2": {
      "mean": 0.15547415547415547,
      "std": 0.004029098468299414,
      "values": [
        0.15995115995115994,
        0.15018315018315018,
        0.1562881562881563
      ]
    },
    "0.4": {
      "mean": 0.12128612128612128,
      "std": 0.0005755854954713431,
      "values": [
        0.12087912087912088,
        0.12087912087912088,
        0.1221001221001221
      ]
    },
    "0.6": {
      "mean": 0.11314611314611316,
      "std": 0.007996289256975377,
      "values": [
        0.10378510378510379,
        0.11233211233211234,
        0.12332112332112333
      ]
    },
    "0.8": {
      "mean": 0.10419210419210419,
      "std": 0.001522856079273073,
      "values": [
        0.10256410256410256,
        0.10378510378510379,
        0.10622710622710622
      ]
    },
    "1.0": {
      "mean": 0.08994708994708994,
      "std": 0.001522856079273068,
      "values": [
        0.09157509157509157,
        0.09035409035409035,
        0.08791208791208792
      ]
    }
  }
}