{
  "reversal": {
    "0.0": {
      "mean": 0.2070808283233133,
      "std": 0.0,
      "values": [
        0.2070808283233133,
        0.2070808283233133,
        0.2070808283233133
      ]
    },
    "0.2": {
      "mean": 0.04653751948341126,
      "std": 0.004129867956132578,
      "values": [
        0.050100200400801605,
        0.04074816299265197,
        0.04876419505678023
      ]
    },
    "0.4": {
      "mean": 0.0679136049877533,
      "std": 0.0011353862199048727,
      "values": [
        0.06680026720106881,
        0.06947227788911156,
        0.0674682698730795
      ]
    },
    "0.6": {
      "mean": 0.07303495880650189,
      "std": 0.003712610109225795,
      "values": [
        0.07147628590514363,
        0.06947227788911156,
        0.0781563126252505
      ]
    },
    "0.8": {
      "mean": 0.055666889334224,
      "std": 0.0045415448796194925,
      "values": [
        0.049432197728790914,
        0.06012024048096192,
        0.05744822979291917
      ]
    },
    "1.0": {
      "mean": 0.12068581607659763,
      "std": 0.004949033794453984,
      "values": [
        0.12625250501002003,
        0.12157648630594522,
        0.11422845691382766
      ]
    }
  }
}