{
  "reversal": {
    "0.0": {
      "epoch": [
        0.0,
        1.0,
        2.0,
        3.0,
        4.0,
        5.0,
        6.0,
        7.0,
        8.0
      ],
      "train_loss": [
        430.00267450860207,
        397.10075670607546,
        392.1862896858378,
        390.4017119712018,
        388.216342357879,
        382.94463916535074,
        378.2048534636802,
        375.3303839500914,
        372.8466076140708
      ],
      "val_loss": [
        391.6668930053711,
        386.01417541503906,
        382.3802210489909,
        381.29418182373047,
        377.26980845133465,
        371.70646413167316,
        369.3975092569987,
        366.6531270345052,
        364.5054346720378
      ],
      "val_acc": [
        0.06809078771695594,
        0.0774365821094793,
        0.11882510013351134,
        0.11281708945260348,
        0.14218958611481977,
        0.18090787716955942,
        0.19893190921228304,
        0.18157543391188252,
        0.20160213618157544
      ],
      "delay_mean": [
        0.0,
        0.0,
        0.0,
        0.0,
        0.0,
        0.0,
        0.0,
        0.0,
        0.0
      ],
      "f": 0.0,
      "reverse": true
    },
    "0.2": {
      "epoch": [
        0.0,
        1.0,
        2.0,
        3.0,
        4.0,
        5.0,
        6.0,
        7.0,
        8.0
      ],
      "train_loss": [
        435.4812927246094,
        404.2082039041722,
        405.3833131181433,
        408.51735476230056,
        406.4022995969082,
        405.2902812551945,
        404.8420358211436,
        403.5679353754571,
        403.20878893263796
      ],
      "val_loss": [
        396.71145884195965,
        393.34729766845703,
        405.87626393636066,
        401.0658543904622,
        397.86792246500653,
        395.1635564168294,
        395.63146718343097,
        393.6800130208333,
        393.53521728515625
      ],
      "val_acc": [
        0.050066755674232306,
        0.0520694259012016,
        0.04606141522029372,
        0.050734312416555405,
        0.04606141522029372,
        0.04072096128170895,
        0.05941255006675567,
        0.0514018691588785,
        0.06542056074766354
      ],
      "delay_mean": [
        0.0,
        0.0,
        0.0,
        0.0,
        0.0,
        0.0,
        0.0,
        0.0,
        0.0
      ],
      "f": 0.2,
      "reverse": true
    },
    "0.4": {
      "epoch": [
        0.0,
        1.0,
        2.0,
        3.0,
        4.0,
        5.0,
        6.0,
        7.0,
        8.0
      ],
      "train_loss": [
        443.0166651948969,
        420.55762173267124,
        428.2739043540143,
        408.3745896359707,
        405.1522457041639,
        409.62336438767454,
        409.2232062157164,
        404.4602219601895,
        401.8988407216174
      ],
      "val_loss": [
        393.5587641398112,
        465.1410598754883,
        402.85585021972656,
        399.1060485839844,
        403.1029357910156,
        397.25042724609375,
        392.61438751220703,
        394.617925008138,
        400.3871027628581
      ],
      "val_acc": [
        0.0527369826435247,
        0.050066755674232306,
        0.048731642189586116,
        0.06341789052069426,
        0.048731642189586116,
        0.05740987983978638,
        0.06475300400534045,
        0.06742323097463285,
        0.10013351134846461
      ],
      "delay_mean": [
        0.0,
        0.0,
        0.0,
        0.0,
        0.0,
        0.0,
        0.0,
        0.0,
        0.0
      ],
      "f": 0.4,
      "reverse": true
    },
    "0.6": {
      "epoch": [
        0.0,
        1.0,
        2.0,
        3.0,
        4.0,
        5.0,
        6.0,
        7.0,
        8.0
      ],
      "train_loss": [
        470.86034052422707,
        422.7612908545961,
        404.15847258872174,
        402.2910753615359,
        409.96511710958276,
        415.45069852788396,
        409.6497471586187,
        406.8027746322307,
        407.62703039291057
      ],
      "val_loss": [
        410.17647043863934,
        412.44542185465497,
        394.24063873291016,
        395.88042704264325,
        407.5071029663086,
        394.86521402994794,
        399.64605204264325,
        393.3095982869466,
        402.9150085449219
      ],
      "val_acc": [
        0.049399198931909215,
        0.0534045393858478,
        0.056074766355140186,
        0.06141522029372497,
        0.06008010680907877,
        0.07343124165554073,
        0.0774365821094793,
        0.0814419225634179,
        0.08611481975967958
      ],
      "delay_mean": [
        0.0,
        0.0,
        0.0,
        0.0,
        0.0,
        0.0,
        0.0,
        0.0,
        0.0
      ],
      "f": 0.6,
      "reverse": true
    },
    "0.8": {
      "epoch": [
        0.0,
        1.0,
        2.0,
        3.0,
        4.0,
        5.0,
        6.0,
        7.0,
        8.0
      ],
      "train_loss": [
        490.6803913522274,
        424.54666332488364,
        409.1008086508893,
        402.75980003843915,
        402.79756586602394,
        401.84203127597243,
        407.7473040641622,
        410.6824113561752,
        410.5908112221576
      ],
      "val_loss": [
        429.11939493815106,
        406.3735580444336,
        394.3220977783203,
        394.03792063395184,
        393.93231201171875,
        393.3368860880534,
        398.92334747314453,
        406.8685607910156,
        398.7356440226237
      ],
      "val_acc": [
        0.05540720961281709,
        0.05740987983978638,
        0.05807743658210948,
        0.05473965287049399,
        0.05874499332443257,
        0.05540720961281709,
        0.06141522029372497,
        0.0540720961281709,
        0.04606141522029372
      ],
      "delay_mean": [
        0.0,
        0.0,
        0.0,
        0.0,
        0.0,
        0.0,
        0.0,
        0.0,
        0.0
      ],
      "f": 0.8,
      "reverse": true
    },
    "1.0": {
      "epoch": [
        0.0,
        1.0,
        2.0,
        3.0,
        4.0,
        5.0,
        6.0,
        7.0,
        8.0
      ],
      "train_loss": [
        517.5906547384059,
        433.5559698875914,
        404.4673507365775,
        396.25315175157914,
        394.4697973373088,
        392.9345871945645,
        399.2789994909408,
        395.60453439266126,
        391.62958672706117
      ],
      "val_loss": [
        436.72791290283203,
        411.21439361572266,
        390.8414713541667,
        387.07752227783203,
        385.0898030598958,
        385.6139729817708,
        390.41188557942706,
        383.00876871744794,
        382.8675079345703
      ],
      "val_acc": [
        0.0534045393858478,
        0.04606141522029372,
        0.08077436582109479,
        0.09012016021361816,
        0.08945260347129506,
        0.0814419225634179,
        0.10947930574098798,
        0.1315086782376502,
        0.11415220293724966
      ],
      "delay_mean": [
        0.0,
        0.0,
        0.0,
        0.0,
        0.0,
        0.0,
        0.0,
        0.0,
        0.0
      ],
      "f": 1.0,
      "reverse": true
    }
  }
}