{
  "no_reversal": {
    "0.0": {
      "mean": 0.5042735042735043,
      "std": 0.0,
      "values": [
        0.5042735042735043,
        0.5042735042735043,
        0.5042735042735043
      ]
    },
    "0.2": {
      "mean": 0.40333740333740337,
      "std": 0.006009288994803992,
      "values": [
        0.41025641025641024,
        0.3956043956043956,
        0.40415140415140416
      ]
    },
    "0.4": {
      "mean": 0.3333333333333333,
      "std": 0.010360538918484203,
      "values": [
        0.326007326007326,
        0.326007326007326,
        0.34798534798534797
      ]
    },
    "0.6": {
      "mean": 0.2905982905982906,
      "std": 0.0060641694854502845,
      "values": [
        0.2869352869352869,
        0.2857142857142857,
        0.29914529914529914
      ]
    },
    "0.8": {
      "mean": 0.2722832722832723,
      "std": 0.005550745501418749,
      "values": [
        0.26495726495726496,
        0.27350427350427353,
        0.2783882783882784
      ]
    },
    "1.0": {
      "mean": 0.25518925518925517,
      "std": 0.014685892187764518,
      "values": [
        0.27106227106227104,
        0.23565323565323565,
        0.2588522588522589
      ]
    }
  },
  "reversal": {
    "0.0": {
      "mean": 0.3772893772893773,
      "std": 0.0,
      "values": [
        0.3772893772893773,
        0.3772893772893773,
        0.3772893772893773
      ]
    },
    "0.2": {
      "mean": 0.3203093203093203,
      "std": 0.003501149884836245,
      "values": [
        0.3247863247863248,
        0.3162393162393162,
        0.3199023199023199
      ]
    },
    "0.4": {
      "mean": 0.2995522995522995,
      "std": 0.0011511709909426862,
      "values": [
        0.30036630036630035,
        0.2979242979242979,
        0.30036630036630035
      ]
    },
    "0.6": {
      "mean": 0.2804232804232804,
      "std": 0.0054907356789711,
      "values": [
        0.27350427350427353,
        0.2869352869352869,
        0.28083028083028083
      ]
    },
    "0.8": {
      "mean": 0.26821326821326824,
      "std": 0.00836086226462116,
      "values": [
        0.27350427350427353,
        0.27472527472527475,
        0.2564102564102564
      ]
    },
    "1.0": {
      "mean": 0.26495726495726496,
      "std": 0.006978603255792531,
      "values": [
        0.2588522588522589,
        0.27472527472527475,
        0.2612942612942613
      ]
    }
  }
}