{
  "no_reversal": {
    "0.0": {
      "mean": 0.35775335775335776,
      "std": 0.0,
      "values": [
        0.35775335775335776,
        0.35775335775335776,
        0.35775335775335776
      ]
    },
    "0.2": {
      "mean": 0.15018315018315018,
      "std": 0.0009969433222560722,
      "values": [
        0.1514041514041514,
        0.14896214896214896,
        0.15018315018315018
      ]
    },
    "0.4": {
      "mean": 0.13146113146113145,
      "std": 0.0035011498848362336,
      "values": [
        0.13553113553113552,
        0.12698412698412698,
        0.13186813186813187
      ]
    },
    "0.6": {
      "mean": 0.13024013024013026,
      "std": 0.007002299769672471,
      "values": [
        0.12942612942612944,
        0.1391941391941392,
        0.1221001221001221
      ]
    },
    "0.8": {
      "mean": 0.11925111925111925,
      "std": 0.007072912982084966,
      "values": [
        0.12087912087912088,
        0.10989010989010989,
        0.12698412698412698
      ]
    },
    "1.0": {
      "mean": 0.11599511599511599,
      "std": 0.011497311267257254,
      "values": [
        0.10500610500610501,
        0.13186813186813187,
        0.1111111111111111
      ]
    }
  },
  "reversal": {
    "0.0": {
      "mean": 0.3308913308913309,
      "std": 0.0,
      "values": [
        0.3308913308913309,
        0.3308913308913309,
        0.3308913308913309
      ]
    },
    "0.2": {
      "mean": 0.14326414326414327,
      "std": 0.0015228560792730805,
      "values": [
        0.14285714285714285,
        0.14163614163614163,
        0.1452991452991453
      ]
    },
    "0.4": {
      "mean": 0.12332112332112333,
      "std": 0.0035945302671256943,
      "values": [
        0.1282051282051282,
        0.1221001221001221,
        0.11965811965811966
      ]
    },
    "0.6": {
      "mean": 0.12006512006512006,
      "std": 0.0050178380162547625,
      "values": [
        0.11355311355311355,
        0.12087912087912088,
        0.12576312576312576
      ]
    },
    "0.8": {
      "mean": 0.11884411884411884,
      "std": 0.005668859697673638,
      "values": [
        0.12454212454212454,
        0.12087912087912088,
        0.1111111111111111
      ]
    },
    "1.0": {
      "mean": 0.11884411884411883,
      "std": 0.012623575432861878,
      "values": [
        0.10500610500610501,
        0.115995115995116,
        0.13553113553113552
      ]
    }
  }
}