{
  "no_reversal": {
    "0.0": {
      "mean": 0.08669108669108667,
      "std": 1.3877787807814457e-17,
      "values": [
        0.08669108669108669,
        0.08669108669108669,
        0.08669108669108669
      ]
    },
    "0.2": {
      "mean": 0.07977207977207977,
      "std": 0.0035011498848362384,
      "values": [
        0.08424908424908426,
        0.0757020757020757,
        0.07936507936507936
      ]
    },
    "0.4": {
      "mean": 0.08424908424908424,
      "std": 0.008972489900304678,
      "values": [
        0.07326007326007326,
        0.08424908424908426,
        0.09523809523809523
      ]
    },
    "0.6": {
      "mean": 0.047619047619047616,
      "std": 0.0035945302671256995,
      "values": [
        0.05128205128205128,
        0.04884004884004884,
        0.042735042735042736
      ]
    },
    "0.8": {
      "mean": 0.1098901098901099,
      "std": 0.004568568237819221,
      "values": [
        0.10866910866910867,
        0.10500610500610501,
        0.115995115995116
      ]
    },
    "1.0": {
      "mean": 0.13105413105413105,
      "std": 0.008360862264621134,
      "values": [
        0.12454212454212454,
        0.14285714285714285,
        0.12576312576312576
      ]
    }
  },
  "reversal": {
    "0.0": {
      "mean": 0.0927960927960928,
      "std": 0.0,
      "values": [
        0.0927960927960928,
        0.0927960927960928,
        0.0927960927960928
      ]
    },
    "0.2": {
      "mean": 0.06430606430606432,
      "std": 0.003501149884836236,
      "values": [
        0.06837606837606838,
        0.06471306471306472,
        0.05982905982905983
      ]
    },
    "0.4": {
      "mean": 0.0757020757020757,
      "std": 0.002637664101916098,
      "values": [
        0.07326007326007326,
        0.07448107448107448,
        0.07936507936507936
      ]
    },
    "0.6": {
      "mean": 0.045991045991045996,
      "std": 0.0037743665020332517,
      "values": [
        0.042735042735042736,
        0.04395604395604396,
        0.05128205128205128
      ]
    },
    "0.8": {
      "mean": 0.11396011396011396,
      "std": 0.00678605291026987,
      "values": [
        0.12332112332112333,
        0.1111111111111111,
        0.10744810744810745
      ]
    },
    "1.0": {
      "mean": 0.1298331298331298,
      "std": 0.00449546642946164,
      "values": [
        0.12942612942612944,
        0.12454212454212454,
        0.13553113553113552
      ]
    }
  }
}