{
  "no_reversal": {
    "0.0": {
      "mean": 0.8897795591182365,
      "std": 0.0,
      "values": [
        0.8897795591182365,
        0.8897795591182365,
        0.8897795591182365
      ]
    },
    "0.2": {
      "mean": 0.8641727900244934,
      "std": 0.001666291421409019,
      "values": [
        0.8623914495657983,
        0.8637274549098196,
        0.8663994655978624
      ]
    },
    "0.4": {
      "mean": 0.8410153640614562,
      "std": 0.00643042933787291,
      "values": [
        0.8343353373413493,
        0.8390113560454242,
        0.8496993987975952
      ]
    },
    "0.6": {
      "mean": 0.8127365842796704,
      "std": 0.004374723381070672,
      "values": [
        0.8076152304609219,
        0.8183032732130928,
        0.8122912491649966
      ]
    },
    "0.8": {
      "mean": 0.820084613671788,
      "std": 0.003631597958205336,
      "values": [
        0.8249832999331997,
        0.8162992651970608,
        0.8189712758851035
      ]
    },
    "1.0": {
      "mean": 0.7661990647962592,
      "std": 0.004117845025363382,
      "values": [
        0.7615230460921844,
        0.7715430861723447,
        0.7655310621242485
      ]
    }
  },
  "reversal": {
    "0.0": {
      "mean": 0.7354709418837674,
      "std": 1.1102230246251565e-16,
      "values": [
        0.7354709418837675,
        0.7354709418837675,
        0.7354709418837675
      ]
    },
    "0.2": {
      "mean": 0.6993987975951903,
      "std": 0.0005454218977472974,
      "values": [
        0.6987307949231797,
        0.700066800267201,
        0.6993987975951904
      ]
    },
    "0.4": {
      "mean": 0.8013805388554887,
      "std": 0.005463301779730694,
      "values": [
        0.800935203740815,
        0.7949231796927188,
        0.8082832331329325
      ]
    },
    "0.6": {
      "mean": 0.8042752171008685,
      "std": 0.009953015648464469,
      "values": [
        0.7982631930527722,
        0.8183032732130928,
        0.7962591850367402
      ]
    },
    "0.8": {
      "mean": 0.8220886216878202,
      "std": 0.006007899159755971,
      "values": [
        0.8269873079492318,
        0.8256513026052105,
        0.8136272545090181
      ]
    },
    "1.0": {
      "mean": 0.7650857270095748,
      "std": 0.003101400195320482,
      "values": [
        0.7682030728122913,
        0.7608550434201736,
        0.7661990647962592
      ]
    }
  }
}