{
  "no_reversal": {
    "0.0": {
      "mean": 0.06105006105006105,
      "std": 0.0,
      "values": [
        0.06105006105006105,
        0.06105006105006105,
        0.06105006105006105
      ]
    },
    "0.2": {
      "mean": 0.0643060643060643,
      "std": 0.0011511709909426927,
      "values": [
        0.06349206349206349,
        0.06349206349206349,
        0.06593406593406594
      ]
    },
    "0.4": {
      "mean": 0.06145706145706146,
      "std": 0.005490735678971123,
      "values": [
        0.054945054945054944,
        0.06105006105006105,
        0.06837606837606838
      ]
    },
    "0.6": {
      "mean": 0.07000407000407001,
      "std": 0.0020753030173352796,
      "values": [
        0.07081807081807082,
        0.06715506715506715,
        0.07203907203907203
      ]
    },
    "0.8": {
      "mean": 0.052096052096052094,
      "std": 0.008119632618339439,
      "values": [
        0.045177045177045176,
        0.047619047619047616,
        0.06349206349206349
      ]
    },
    "1.0": {
      "mean": 0.06634106634106635,
      "std": 0.0011511709909426862,
      "values": [
        0.06471306471306472,
        0.06715506715506715,
        0.06715506715506715
      ]
    }
  },
  "reversal": {
    "0.0": {
      "mean": 0.05982905982905983,
      "std": 0.0,
      "values": [
        0.05982905982905983,
        0.05982905982905983,
        0.05982905982905983
      ]
    },
    "0.2": {
      "mean": 0.0643060643060643,
      "std": 0.0023023419818853823,
      "values": [
        0.06593406593406594,
        0.06105006105006105,
        0.06593406593406594
      ]
    },
    "0.4": {
      "mean": 0.0638990638990639,
      "std": 0.004029098468299419,
      "values": [
        0.05860805860805861,
        0.06471306471306472,
        0.06837606837606838
      ]
    },
    "0.6": {
      "mean": 0.06064306064306065,
      "std": 0.0011511709909426894,
      "values": [
        0.05982905982905983,
        0.05982905982905983,
        0.06227106227106227
      ]
    },
    "0.8": {
      "mean": 0.04884004884004884,
      "std": 0.0043455751941519375,
      "values": [
        0.045177045177045176,
        0.054945054945054944,
        0.0463980463980464
      ]
    },
    "1.0": {
      "mean": 0.06308506308506308,
      "std": 0.001522856079273076,
      "values": [
        0.06105006105006105,
        0.06349206349206349,
        0.06471306471306472
      ]
    }
  }
}