{
  "no_reversal": {
    "0.0": {
      "mean": 0.23931623931623933,
      "std": 0.0,
      "values": [
        0.23931623931623933,
        0.23931623931623933,
        0.23931623931623933
      ]
    },
    "0.2": {
      "mean": 0.21326821326821324,
      "std": 0.0049178046290576285,
      "values": [
        0.21611721611721613,
        0.21733821733821734,
        0.20634920634920634
      ]
    },
    "0.4": {
      "mean": 0.1978021978021978,
      "std": 0.017722052142513014,
      "values": [
        0.1807081807081807,
        0.19047619047619047,
        0.2222222222222222
      ]
    },
    "0.6": {
      "mean": 0.2254782254782255,
      "std": 0.014527121121346962,
      "values": [
        0.2454212454212454,
        0.21123321123321123,
        0.21978021978021978
      ]
    },
    "0.8": {
      "mean": 0.23117623117623118,
      "std": 0.003774366502033253,
      "values": [
        0.23443223443223443,
        0.23321123321123322,
        0.2258852258852259
      ]
    },
    "1.0": {
      "mean": 0.24379324379324382,
      "std": 0.0049178046290576285,
      "values": [
        0.24786324786324787,
        0.24664224664224665,
        0.23687423687423687
      ]
    }
  },
  "reversal": {
    "0.0": {
      "mean": 0.2344322344322344,
      "std": 2.7755575615628914e-17,
      "values": [
        0.23443223443223443,
        0.23443223443223443,
        0.23443223443223443
      ]
    },
    "0.2": {
      "mean": 0.22832722832722832,
      "std": 0.007526757024382141,
      "values": [
        0.21978021978021978,
        0.2271062271062271,
        0.23809523809523808
      ]
    },
    "0.4": {
      "mean": 0.20227920227920226,
      "std": 0.005115915787536241,
      "values": [
        0.20757020757020758,
        0.2039072039072039,
        0.19536019536019536
      ]
    },
    "0.6": {
      "mean": 0.2226292226292226,
      "std": 0.006009288994803979,
      "values": [
        0.2148962148962149,
        0.22344322344322345,
        0.22954822954822954
      ]
    },
    "0.8": {
      "mean": 0.2250712250712251,
      "std": 0.004495466429461651,
      "values": [
        0.21978021978021978,
        0.23076923076923078,
        0.22466422466422467
      ]
    },
    "1.0": {
      "mean": 0.24053724053724054,
      "std": 0.005981659933536456,
      "values": [
        0.24786324786324787,
        0.23321123321123322,
        0.24053724053724054
      ]
    }
  }
}