{
  "no_reversal": {
    "0.0": {
      "mean": 0.10622710622710622,
      "std": 0.0,
      "values": [
        0.10622710622710622,
        0.10622710622710622,
        0.10622710622710622
      ]
    },
    "0.2": {
      "mean": 0.06674806674806676,
      "std": 0.0005755854954713431,
      "values": [
        0.06715506715506715,
        0.06593406593406594,
        0.06715506715506715
      ]
    },
    "0.4": {
      "mean": 0.06674806674806676,
      "std": 0.007482611441127486,
      "values": [
        0.057387057387057384,
        0.0757020757020757,
        0.06715506715506715
      ]
    },
    "0.6": {
      "mean": 0.05942205942205942,
      "std": 0.003204724409447217,
      "values": [
        0.06105006105006105,
        0.054945054945054944,
        0.06227106227106227
      ]
    },
    "0.8": {
      "mean": 0.04924704924704925,
      "std": 0.0015228560792730735,
      "values": [
        0.05128205128205128,
        0.047619047619047616,
        0.04884004884004884
      ]
    },
    "1.0": {
      "mean": 0.06471306471306472,
      "std": 0.0,
      "values": [
        0.06471306471306472,
        0.06471306471306472,
        0.06471306471306472
      ]
    }
  },
  "reversal": {
    "0.0": {
      "mean": 0.07692307692307693,
      "std": 0.0,
      "values": [
        0.07692307692307693,
        0.07692307692307693,
        0.07692307692307693
      ]
    },
    "0.2": {
      "mean": 0.06349206349206349,
      "std": 0.0009969433222560779,
      "values": [
        0.06471306471306472,
        0.06227106227106227,
        0.06349206349206349
      ]
    },
    "0.4": {
      "mean": 0.0638990638990639,
      "std": 0.0028779274773567255,
      "values": [
        0.06593406593406594,
        0.06593406593406594,
        0.05982905982905983
      ]
    },
    "0.6": {
      "mean": 0.05698005698005698,
      "std": 0.003045712158546145,
      "values": [
        0.05616605616605617,
        0.06105006105006105,
        0.05372405372405373
      ]
    },
    "0.8": {
      "mean": 0.05616605616605617,
      "std": 0.006064169485450282,
      "values": [
        0.047619047619047616,
        0.05982905982905983,
        0.06105006105006105
      ]
    },
    "1.0": {
      "mean": 0.06471306471306472,
      "std": 0.0,
      "values": [
        0.06471306471306472,
        0.06471306471306472,
        0.06471306471306472
      ]
    }
  }
}