{
  "no_reversal": {
    "0.0": {
      "mean": 0.25384101536406145,
      "std": 0.0,
      "values": [
        0.25384101536406145,
        0.25384101536406145,
        0.25384101536406145
      ]
    },
    "0.2": {
      "mean": 0.5254954353150746,
      "std": 0.00328764708533365,
      "values": [
        0.5297261189044756,
        0.5217100868403474,
        0.5250501002004008
      ]
    },
    "0.4": {
      "mean": 0.5288354486751281,
      "std": 0.008259735912265124,
      "values": [
        0.5404141616566466,
        0.5243820975283902,
        0.5217100868403474
      ]
    },
    "0.6": {
      "mean": 0.5482075261634379,
      "std": 0.0041657285535225425,
      "values": [
        0.5470941883767535,
        0.5537742150968604,
        0.5437541750167001
      ]
    },
    "0.8": {
      "mean": 0.5542195502115342,
      "std": 0.010266882105008663,
      "values": [
        0.5624582498329993,
        0.539746158984636,
        0.5604542418169672
      ]
    },
    "1.0": {
      "mean": 0.5876196838120685,
      "std": 0.007364878828119013,
      "values": [
        0.5878423513694054,
        0.5965263861055444,
        0.5784903139612558
      ]
    }
  },
  "reversal": {
    "0.0": {
      "mean": 0.24114896459585836,
      "std": 2.7755575615628914e-17,
      "values": [
        0.24114896459585838,
        0.24114896459585838,
        0.24114896459585838
      ]
    },
    "0.2": {
      "mean": 0.49543531507459365,
      "std": 0.007947703539334112,
      "values": [
        0.5023380093520374,
        0.49966599866399464,
        0.48430193720774883
      ]
    },
    "0.4": {
      "mean": 0.5061233578267647,
      "std": 0.005832019974931552,
      "values": [
        0.5123580494321978,
        0.5076820307281229,
        0.4983299933199733
      ]
    },
    "0.6": {
      "mean": 0.5473168559340903,
      "std": 0.005882807754897743,
      "values": [
        0.5390781563126252,
        0.5504342017368069,
        0.552438209752839
      ]
    },
    "0.8": {
      "mean": 0.5459808505900691,
      "std": 0.006321562933234632,
      "values": [
        0.5531062124248497,
        0.5377421509686039,
        0.5470941883767535
      ]
    },
    "1.0": {
      "mean": 0.5994210643509241,
      "std": 0.007947703539334132,
      "values": [
        0.6025384101536406,
        0.6072144288577155,
        0.5885103540414162
      ]
    }
  }
}