{
  "no_reversal": {
    "0.0": {
      "mean": 0.4908424908424908,
      "std": 0.0,
      "values": [
        0.4908424908424908,
        0.4908424908424908,
        0.4908424908424908
      ]
    },
    "0.2": {
      "mean": 0.3125763125763126,
      "std": 0.002637664101916092,
      "values": [
        0.315018315018315,
        0.3089133089133089,
        0.3137973137973138
      ]
    },
    "0.4": {
      "mean": 0.185999185999186,
      "std": 0.003774366502033253,
      "values": [
        0.1807081807081807,
        0.18803418803418803,
        0.18925518925518925
      ]
    },
    "0.6": {
      "mean": 0.13593813593813595,
      "std": 0.0030457121585461483,
      "values": [
        0.1391941391941392,
        0.13186813186813187,
        0.13675213675213677
      ]
    },
    "0.8": {
      "mean": 0.1168091168091168,
      "std": 0.0015228560792730742,
      "values": [
        0.11843711843711843,
        0.11477411477411477,
        0.11721611721611722
      ]
    },
    "1.0": {
      "mean": 0.10744810744810745,
      "std": 0.0017267564864140359,
      "values": [
        0.10989010989010989,
        0.10622710622710622,
        0.10622710622710622
      ]
    }
  },
  "reversal": {
    "0.0": {
      "mean": 0.42246642246642246,
      "std": 0.0,
      "values": [
        0.42246642246642246,
        0.42246642246642246,
        0.42246642246642246
      ]
    },
    "0.2": {
      "mean": 0.18315018315018317,
      "std": 0.006537394547907616,
      "values": [
        0.18437118437118438,
        0.1746031746031746,
        0.19047619047619047
      ]
    },
    "0.4": {
      "mean": 0.15384615384615385,
      "std": 0.005275328203832209,
      "values": [
        0.1514041514041514,
        0.16117216117216118,
        0.14896214896214896
      ]
    },
    "0.6": {
      "mean": 0.12657712657712658,
      "std": 0.006637975755107895,
      "values": [
        0.13064713064713065,
        0.13186813186813187,
        0.11721611721611722
      ]
    },
    "0.8": {
      "mean": 0.11477411477411477,
      "std": 0.002990829966768228,
      "values": [
        0.11477411477411477,
        0.1111111111111111,
        0.11843711843711843
      ]
    },
    "1.0": {
      "mean": 0.10826210826210826,
      "std": 0.0005755854954713431,
      "values": [
        0.10866910866910867,
        0.10866910866910867,
        0.10744810744810745
      ]
    }
  }
}