{
  "no_reversal": {
    "0.0": {
      "mean": 0.5838343353373413,
      "std": 0.0,
      "values": [
        0.5838343353373413,
        0.5838343353373413,
        0.5838343353373413
      ]
    },
    "0.2": {
      "mean": 0.5408594967713204,
      "std": 0.003945679168708368,
      "values": [
        0.5464261857047428,
        0.5377421509686039,
        0.5384101536406145
      ]
    },
    "0.4": {
      "mean": 0.5582275662435984,
      "std": 0.010410750147014888,
      "values": [
        0.5437541750167001,
        0.5678022712090849,
        0.56312625250501
      ]
    },
    "0.6": {
      "mean": 0.6138944555778223,
      "std": 0.01138874357830722,
      "values": [
        0.6205744822979292,
        0.5978623914495658,
        0.6232464929859719
      ]
    },
    "0.8": {
      "mean": 0.6256958361166779,
      "std": 0.004541544879619509,
      "values": [
        0.6212424849699398,
        0.6239144956579826,
        0.6319305277221109
      ]
    },
    "1.0": {
      "mean": 0.5891783567134269,
      "std": 0.004908797079725812,
      "values": [
        0.5891783567134269,
        0.5831663326653307,
        0.5951903807615231
      ]
    }
  },
  "reversal": {
    "0.0": {
      "mean": 0.58249832999332,
      "std": 0.0,
      "values": [
        0.58249832999332,
        0.58249832999332,
        0.58249832999332
      ]
    },
    "0.2": {
      "mean": 0.5424181696726788,
      "std": 0.0056681906307538416,
      "values": [
        0.5344021376085505,
        0.5464261857047428,
        0.5464261857047428
      ]
    },
    "0.4": {
      "mean": 0.5584502338009352,
      "std": 0.006290112176275046,
      "values": [
        0.5591182364729459,
        0.5504342017368069,
        0.5657982631930528
      ]
    },
    "0.6": {
      "mean": 0.6092184368737475,
      "std": 0.001636265693241892,
      "values": [
        0.6072144288577155,
        0.6092184368737475,
        0.6112224448897795
      ]
    },
    "0.8": {
      "mean": 0.6192384769539078,
      "std": 0.001966546619088783,
      "values": [
        0.6165664662658651,
        0.6199064796259185,
        0.6212424849699398
      ]
    },
    "1.0": {
      "mean": 0.5916276998441328,
      "std": 0.0022042963564042756,
      "values": [
        0.5945223780895124,
        0.591182364729459,
        0.5891783567134269
      ]
    }
  }
}