{
  "no_reversal": {
    "0.0": {
      "mean": 0.5042735042735043,
      "std": 0.0,
      "values": [
        0.5042735042735043,
        0.5042735042735043,
        0.5042735042735043
      ]
    },
    "0.2": {
      "mean": 0.4627594627594627,
      "std": 0.003594530267125713,
      "values": [
        0.463980463980464,
        0.45787545787545786,
        0.46642246642246643
      ]
    },
    "0.4": {
      "mean": 0.41554741554741553,
      "std": 0.014180912812522872,
      "values": [
        0.42735042735042733,
        0.4236874236874237,
        0.3956043956043956
      ]
    },
    "0.6": {
      "mean": 0.4045584045584045,
      "std": 0.010936124413955571,
      "values": [
        0.42002442002442003,
        0.3968253968253968,
        0.3968253968253968
      ]
    },
    "0.8": {
      "mean": 0.3744403744403744,
      "std": 0.00511591578753622,
      "values": [
        0.3797313797313797,
        0.36752136752136755,
        0.37606837606837606
      ]
    },
    "1.0": {
      "mean": 0.35938135938135934,
      "std": 0.009986035121192763,
      "values": [
        0.34676434676434675,
        0.3711843711843712,
        0.3601953601953602
      ]
    }
  },
  "reversal": {
    "0.0": {
      "mean": 0.3772893772893773,
      "std": 0.0,
      "values": [
        0.3772893772893773,
        0.3772893772893773,
        0.3772893772893773
      ]
    },
    "0.2": {
      "mean": 0.3569393569393569,
      "std": 0.005668859697673639,
      "values": [
        0.3492063492063492,
        0.3626373626373626,
        0.358974358974359
      ]
    },
    "0.4": {
      "mean": 0.3838013838013838,
      "std": 0.0020753030173352987,
      "values": [
        0.38583638583638585,
        0.38095238095238093,
        0.38461538461538464
      ]
    },
    "0.6": {
      "mean": 0.3874643874643875,
      "std": 0.013572105820539733,
      "values": [
        0.4004884004884005,
        0.36874236874236876,
        0.39316239316239315
      ]
    },
    "0.8": {
      "mean": 0.38135938135938136,
      "std": 0.0011511709909426862,
      "values": [
        0.38217338217338215,
        0.3797313797313797,
        0.38217338217338215
      ]
    },
    "1.0": {
      "mean": 0.36060236060236056,
      "std": 0.007212065586760012,
      "values": [
        0.36507936507936506,
        0.3663003663003663,
        0.3504273504273504
      ]
    }
  }
}