{
  "no_reversal": {
    "0.0": {
      "mean": 0.7655677655677655,
      "std": 0.0,
      "values": [
        0.7655677655677655,
        0.7655677655677655,
        0.7655677655677655
      ]
    },
    "0.2": {
      "mean": 0.7281237281237282,
      "std": 0.009682846767090223,
      "values": [
        0.717948717948718,
        0.7411477411477412,
        0.7252747252747253
      ]
    },
    "0.4": {
      "mean": 0.6980056980056979,
      "std": 0.006009288994804015,
      "values": [
        0.7057387057387058,
        0.6971916971916972,
        0.6910866910866911
      ]
    },
    "0.6": {
      "mean": 0.6687016687016687,
      "std": 0.003045712158546185,
      "values": [
        0.6727716727716728,
        0.6678876678876678,
        0.6654456654456654
      ]
    },
    "0.8": {
      "mean": 0.7000407000407001,
      "std": 0.005490735678971153,
      "values": [
        0.7045177045177046,
        0.6923076923076923,
        0.7032967032967034
      ]
    },
    "1.0": {
      "mean": 0.57997557997558,
      "std": 0.0009969433222560722,
      "values": [
        0.5811965811965812,
        0.5787545787545788,
        0.57997557997558
      ]
    }
  },
  "reversal": {
    "0.0": {
      "mean": 0.47863247863247865,
      "std": 0.0,
      "values": [
        0.47863247863247865,
        0.47863247863247865,
        0.47863247863247865
      ]
    },
    "0.2": {
      "mean": 0.3817663817663817,
      "std": 0.008478903807895661,
      "values": [
        0.38217338217338215,
        0.3711843711843712,
        0.39194139194139194
      ]
    },
    "0.4": {
      "mean": 0.6638176638176638,
      "std": 0.0049178046290576025,
      "values": [
        0.6568986568986569,
        0.6678876678876678,
        0.6666666666666666
      ]
    },
    "0.6": {
      "mean": 0.6597476597476598,
      "std": 0.00947533311096685,
      "values": [
        0.6593406593406593,
        0.6715506715506715,
        0.6483516483516484
      ]
    },
    "0.8": {
      "mean": 0.7049247049247049,
      "std": 0.010035676032509532,
      "values": [
        0.6935286935286935,
        0.717948717948718,
        0.7032967032967034
      ]
    },
    "1.0": {
      "mean": 0.5771265771265771,
      "std": 0.017843150359611686,
      "values": [
        0.5531135531135531,
        0.5824175824175825,
        0.5958485958485958
      ]
    }
  }
}