{
  "no_reversal": {
    "0.0": {
      "mean": 0.1391941391941392,
      "std": 0.0,
      "values": [
        0.1391941391941392,
        0.1391941391941392,
        0.1391941391941392
      ]
    },
    "0.2": {
      "mean": 0.11558811558811559,
      "std": 0.005490735678971117,
      "values": [
        0.1221001221001221,
        0.115995115995116,
        0.10866910866910867
      ]
    },
    "0.4": {
      "mean": 0.10052910052910052,
      "std": 0.006786052910269868,
      "values": [
        0.09401709401709402,
        0.09768009768009768,
        0.10989010989010989
      ]
    },
    "0.6": {
      "mean": 0.07895807895807895,
      "std": 0.002508919008127384,
      "values": [
        0.08180708180708181,
        0.0757020757020757,
        0.07936507936507936
      ]
    },
    "0.8": {
      "mean": 0.08343508343508343,
      "std": 0.004604683963770758,
      "values": [
        0.08669108669108669,
        0.07692307692307693,
        0.08669108669108669
      ]
    },
    "1.0": {
      "mean": 0.08994708994708994,
      "std": 0.011468459750594528,
      "values": [
        0.10378510378510379,
        0.09035409035409035,
        0.0757020757020757
      ]
    }
  },
  "reversal": {
    "0.0": {
      "mean": 0.10134310134310136,
      "std": 1.3877787807814457e-17,
      "values": [
        0.10134310134310134,
        0.10134310134310134,
        0.10134310134310134
      ]
    },
    "0.2": {
      "mean": 0.11355311355311354,
      "std": 0.0017267564864140359,
      "values": [
        0.1111111111111111,
        0.11477411477411477,
        0.11477411477411477
      ]
    },
    "0.4": {
      "mean": 0.10622710622710624,
      "std": 0.002637664101916098,
      "values": [
        0.10378510378510379,
        0.10989010989010989,
        0.10500610500610501
      ]
    },
    "0.6": {
      "mean": 0.07814407814407814,
      "std": 0.0026376641019161024,
      "values": [
        0.07448107448107448,
        0.07936507936507936,
        0.08058608058608059
      ]
    },
    "0.8": {
      "mean": 0.07651607651607652,
      "std": 0.005841554779978557,
      "values": [
        0.08180708180708181,
        0.07936507936507936,
        0.06837606837606838
      ]
    },
    "1.0": {
      "mean": 0.0870980870980871,
      "std": 0.006409448818894434,
      "values": [
        0.09035409035409035,
        0.07814407814407814,
        0.0927960927960928
      ]
    }
  }
}