{
  "no_reversal": {
    "0.0": {
      "mean": 0.8710754843019372,
      "std": 0.0,
      "values": [
        0.8710754843019372,
        0.8710754843019372,
        0.8710754843019372
      ]
    },
    "0.2": {
      "mean": 0.8238699621465152,
      "std": 0.004638758997105216,
      "values": [
        0.8196392785571143,
        0.8216432865731463,
        0.8303273213092852
      ]
    },
    "0.4": {
      "mean": 0.7114228456913828,
      "std": 0.004754877867749423,
      "values": [
        0.7154308617234469,
        0.7140948563794255,
        0.7047428189712759
      ]
    },
    "0.6": {
      "mean": 0.5279447784457805,
      "std": 0.005597775591171903,
      "values": [
        0.5337341349365398,
        0.520374081496326,
        0.5297261189044756
      ]
    },
    "0.8": {
      "mean": 0.4257403696281452,
      "std": 0.002519195835890628,
      "values": [
        0.42752171008684037,
        0.42752171008684037,
        0.42217768871075484
      ]
    },
    "1.0": {
      "mean": 0.565352928078379,
      "std": 0.003332582842818038,
      "values": [
        0.5644622578490314,
        0.569806279225117,
        0.5617902471609887
      ]
    }
  },
  "reversal": {
    "0.0": {
      "mean": 0.6325985303941216,
      "std": 0.0,
      "values": [
        0.6325985303941216,
        0.6325985303941216,
        0.6325985303941216
      ]
    },
    "0.2": {
      "mean": 0.3224226230238254,
      "std": 0.004765293822986565,
      "values": [
        0.31596526386105545,
        0.3239812959251837,
        0.3273213092852371
      ]
    },
    "0.4": {
      "mean": 0.4684925406368292,
      "std": 0.00798504612649347,
      "values": [
        0.4789579158316633,
        0.46693386773547096,
        0.45958583834335337
      ]
    },
    "0.6": {
      "mean": 0.4669338677354709,
      "std": 0.007378330672803789,
      "values": [
        0.4756179024716099,
        0.4575818303273213,
        0.46760187040748163
      ]
    },
    "0.8": {
      "mean": 0.3763081718993542,
      "std": 0.0011353862199048861,
      "values": [
        0.374749498997996,
        0.37675350701402804,
        0.37742150968603877
      ]
    },
    "1.0": {
      "mean": 0.55021153417947,
      "std": 0.0020649339780663017,
      "values": [
        0.5484301937207748,
        0.5531062124248497,
        0.5490981963927856
      ]
    }
  }
}