{
  "no_reversal": {
    "0.0": {
      "mean": 0.8643954575818303,
      "std": 0.0,
      "values": [
        0.8643954575818303,
        0.8643954575818303,
        0.8643954575818303
      ]
    },
    "0.2": {
      "mean": 0.6780227120908484,
      "std": 0.0076359065684623905,
      "values": [
        0.6780227120908484,
        0.6686706746826987,
        0.687374749498998
      ]
    },
    "0.4": {
      "mean": 0.5197060788243153,
      "std": 0.008467224823794967,
      "values": [
        0.5090180360721442,
        0.5297261189044756,
        0.520374081496326
      ]
    },
    "0.6": {
      "mean": 0.3818748608327767,
      "std": 0.007263195916410643,
      "values": [
        0.37742150968603877,
        0.3921175684702739,
        0.3760855043420174
      ]
    },
    "0.8": {
      "mean": 0.29837452683144067,
      "std": 0.0035065721995153915,
      "values": [
        0.2965931863727455,
        0.2952571810287241,
        0.3032732130928524
      ]
    },
    "1.0": {
      "mean": 0.29124916499666,
      "std": 0.009446984384589796,
      "values": [
        0.27788911155644624,
        0.29792919171676685,
        0.29792919171676685
      ]
    }
  },
  "reversal": {
    "0.0": {
      "mean": 0.72142952571810285,
      "std": 0.0,
      "values": [
        0.72142952571810285,
        0.72142952571810285,
        0.72142952571810285
      ]
    },
    "0.2": {
      "mean": 0.4357604097083055,
      "std": 0.004949033794453996,
      "values": [
        0.4301937207748831,
        0.4422177688710755,
        0.4348697394789579
      ]
    },
    "0.4": {
      "mean": 0.4030282787797818,
      "std": 0.009700744115249155,
      "values": [
        0.3894455577822311,
        0.41148964595858384,
        0.4081496325985304
      ]
    },
    "0.6": {
      "mean": 0.34558004898686256,
      "std": 0.0031958806712107076,
      "values": [
        0.3500334001336005,
        0.342685370741483,
        0.3440213760855043
      ]
    },
    "0.8": {
      "mean": 0.31017590737029616,
      "std": 0.00783460792062311,
      "values": [
        0.31730126920507684,
        0.29926519706078825,
        0.3139612558450234
      ]
    },
    "1.0": {
      "mean": 0.2841238031618793,
      "std": 0.002459443557601262,
      "values": [
        0.28724114896459585,
        0.28390113560454244,
        0.28122912491649965
      ]
    }
  }
}