{
  "no_reversal": {
    "0.0": {
      "mean": 0.45054945054945056,
      "std": 0.0,
      "values": [
        0.45054945054945056,
        0.45054945054945056,
        0.45054945054945056
      ]
    },
    "0.2": {
      "mean": 0.41676841676841675,
      "std": 0.011337719395347279,
      "values": [
        0.4053724053724054,
        0.43223443223443225,
        0.4126984126984127
      ]
    },
    "0.4": {
      "mean": 0.43019943019943024,
      "std": 0.0015228560792730878,
      "values": [
        0.43223443223443225,
        0.4297924297924298,
        0.42857142857142855
      ]
    },
    "0.6": {
      "mean": 0.4595034595034595,
      "std": 0.008301212069341118,
      "values": [
        0.46764346764346765,
        0.4627594627594628,
        0.4481074481074481
      ]
    },
    "0.8": {
      "mean": 0.40537240537240543,
      "std": 0.006225909052005846,
      "values": [
        0.3968253968253968,
        0.4078144078144078,
        0.41147741147741146
      ]
    },
    "1.0": {
      "mean": 0.44566544566544564,
      "std": 0.004568568237819229,
      "values": [
        0.43956043956043955,
        0.4468864468864469,
        0.45054945054945056
      ]
    }
  },
  "reversal": {
    "0.0": {
      "mean": 0.42246642246642246,
      "std": 0.0,
      "values": [
        0.42246642246642246,
        0.42246642246642246,
        0.42246642246642246
      ]
    },
    "0.2": {
      "mean": 0.4143264143264143,
      "std": 0.013461811484364065,
      "values": [
        0.43101343101343104,
        0.398046398046398,
        0.4139194139194139
      ]
    },
    "0.4": {
      "mean": 0.42612942612942617,
      "std": 0.008633782432070174,
      "values": [
        0.42002442002442003,
        0.43833943833943834,
        0.42002442002442003
      ]
    },
    "0.6": {
      "mean": 0.4676434676434676,
      "std": 0.0079129923057483,
      "values": [
        0.4713064713064713,
        0.45665445665445664,
        0.47496947496947495
      ]
    },
    "0.8": {
      "mean": 0.4057794057794058,
      "std": 0.010471860260698915,
      "values": [
        0.39316239316239315,
        0.4053724053724054,
        0.4188034188034188
      ]
    },
    "1.0": {
      "mean": 0.4444444444444445,
      "std": 0.006537394547907616,
      "values": [
        0.4456654456654457,
        0.4517704517704518,
        0.4358974358974359
      ]
    }
  }
}