{
  "0": {
    "mean": 0.7728937728937729,
    "std": 0.0,
    "values": [
      0.7728937728937729,
      0.7728937728937729,
      0.7728937728937729
    ]
  },
  "1": {
    "mean": 0.7415547415547415,
    "std": 0.004029098468299402,
    "values": [
      0.7362637362637363,
      0.746031746031746,
      0.7423687423687424
    ]
  },
  "3": {
    "mean": 0.6748066748066748,
    "std": 0.008119632618339463,
    "values": [
      0.6703296703296703,
      0.6862026862026862,
      0.6678876678876678
    ]
  },
  "5": {
    "mean": 0.6398046398046398,
    "std": 0.002637664101916143,
    "values": [
      0.6434676434676435,
      0.6373626373626373,
      0.6385836385836385
    ]
  },
  "10": {
    "mean": 0.5584045584045584,
    "std": 0.010376515086676367,
    "values": [
      0.5726495726495726,
      0.5482295482295483,
      0.5543345543345544
    ]
  },
  "17": {
    "mean": 0.5527065527065528,
    "std": 0.02166679959984721,
    "values": [
      0.5225885225885226,
      0.5628815628815629,
      0.5726495726495726
    ]
  },
  "25": {
    "mean": 0.5124135124135124,
    "std": 0.0041506060346705835,
    "values": [
      0.5164835164835165,
      0.514041514041514,
      0.5067155067155067
    ]
  }
}