{
  "0": {
    "mean": 0.20634920634920637,
    "std": 2.7755575615628914e-17,
    "values": [
      0.20634920634920634,
      0.20634920634920634,
      0.20634920634920634
    ]
  },
  "1": {
    "mean": 0.20675620675620676,
    "std": 0.0023023419818853853,
    "values": [
      0.20512820512820512,
      0.21001221001221002,
      0.20512820512820512
    ]
  },
  "3": {
    "mean": 0.25274725274725274,
    "std": 0.005550745501418757,
    "values": [
      0.2454212454212454,
      0.25396825396825395,
      0.2588522588522589
    ]
  },
  "5": {
    "mean": 0.2568172568172568,
    "std": 0.004711370330805961,
    "values": [
      0.2588522588522589,
      0.2503052503052503,
      0.2612942612942613
    ]
  },
  "10": {
    "mean": 0.242979242979243,
    "std": 0.004568568237819226,
    "values": [
      0.2442002442002442,
      0.24786324786324787,
      0.23687423687423687
    ]
  },
  "17": {
    "mean": 0.22751322751322753,
    "std": 0.0011511709909426862,
    "values": [
      0.22832722832722832,
      0.2258852258852259,
      0.22832722832722832
    ]
  },
  "25": {
    "mean": 0.2144892144892145,
    "std": 0.006409448818894436,
    "values": [
      0.22344322344322345,
      0.2087912087912088,
      0.21123321123321123
    ]
  }
}