{
  "0": {
    "mean": 0.8891115564462257,
    "std": 0.0,
    "values": [
      0.8891115564462257,
      0.8891115564462257,
      0.8891115564462257
    ]
  },
  "1": {
    "mean": 0.8684034736138945,
    "std": 0.003406158659714572,
    "values": [
      0.8650634602538411,
      0.8670674682698731,
      0.8730794923179692
    ]
  },
  "3": {
    "mean": 0.8394566911600979,
    "std": 0.005067827511352065,
    "values": [
      0.8343353373413493,
      0.8376753507014028,
      0.8463593854375417
    ]
  },
  "5": {
    "mean": 0.832776664439991,
    "std": 0.004408592712808551,
    "values": [
      0.8336673346693386,
      0.8376753507014028,
      0.8269873079492318
    ]
  },
  "10": {
    "mean": 0.7715430861723448,
    "std": 0.0052598582992730925,
    "values": [
      0.7641950567802271,
      0.7742150968603875,
      0.7762191048764195
    ]
  },
  "17": {
    "mean": 0.7292362502783346,
    "std": 0.0011353862199048861,
    "values": [
      0.7287909151636607,
      0.7307949231796927,
      0.72812291249165
    ]
  },
  "25": {
    "mean": 0.7174348697394789,
    "std": 0.003036780604984588,
    "values": [
      0.7181028724114896,
      0.7207748830995324,
      0.7134268537074149
    ]
  }
}