{
  "0.0": {
    "mean": 0.5274725274725275,
    "std": 0.0,
    "values": [
      0.5274725274725275,
      0.5274725274725275,
      0.5274725274725275
    ]
  },
  "0.2": {
    "mean": 0.46520146520146516,
    "std": 0.01208729540489825,
    "values": [
      0.47863247863247865,
      0.46764346764346765,
      0.44932844932844934
    ]
  },
  "0.4": {
    "mean": 0.36955636955636956,
    "std": 0.0030457121585461557,
    "values": [
      0.3663003663003663,
      0.36874236874236876,
      0.37362637362637363
    ]
  },
  "0.6": {
    "mean": 0.24216524216524216,
    "std": 0.006637975755107889,
    "values": [
      0.2490842490842491,
      0.23321123321123322,
      0.2442002442002442
    ]
  },
  "0.8": {
    "mean": 0.10093610093610095,
    "std": 0.0005755854954713431,
    "values": [
      0.10134310134310134,
      0.10134310134310134,
      0.10012210012210013
    ]
  }
}