{
  "0.0": {
    "mean": 0.24664224664224665,
    "std": 0.0,
    "values": [
      0.24664224664224665,
      0.24664224664224665,
      0.24664224664224665
    ]
  },
  "0.2": {
    "mean": 0.2136752136752137,
    "std": 0.008517887479225219,
    "values": [
      0.22344322344322345,
      0.2026862026862027,
      0.2148962148962149
    ]
  },
  "0.4": {
    "mean": 0.17582417582417578,
    "std": 0.005180269459242101,
    "values": [
      0.18315018315018314,
      0.17216117216117216,
      0.17216117216117216
    ]
  },
  "0.6": {
    "mean": 0.1334961334961335,
    "std": 0.003204724409447218,
    "values": [
      0.13797313797313798,
      0.13064713064713065,
      0.13186813186813187
    ]
  },
  "0.8": {
    "mean": 0.09076109076109078,
    "std": 0.010183146929749127,
    "values": [
      0.08547008547008547,
      0.08180708180708181,
      0.10500610500610501
    ]
  }
}