{
  "0.0": {
    "mean": 0.5731462925851704,
    "std": 0.0,
    "values": [
      0.5731462925851704,
      0.5731462925851704,
      0.5731462925851704
    ]
  },
  "0.2": {
    "mean": 0.5185927410376309,
    "std": 0.00919700575732061,
    "values": [
      0.5056780227120908,
      0.5263861055444222,
      0.5237140948563794
    ]
  },
  "0.4": {
    "mean": 0.43108439100423074,
    "std": 0.007564145068565156,
    "values": [
      0.42084168336673344,
      0.43353373413493657,
      0.43887775551102204
    ]
  },
  "0.6": {
    "mean": 0.32553996882654196,
    "std": 0.005463301779730718,
    "values": [
      0.331997327989312,
      0.3259853039412158,
      0.3186372745490982
    ]
  },
  "0.8": {
    "mean": 0.1788020485415275,
    "std": 0.002064933978066294,
    "values": [
      0.17768871075484302,
      0.17702070808283232,
      0.18169672678690715
    ]
  }
}