{
  "0.0": {
    "mean": 0.7411477411477412,
    "std": 0.0,
    "values": [
      0.7411477411477412,
      0.7411477411477412,
      0.7411477411477412
    ]
  },
  "0.2": {
    "mean": 0.6581196581196581,
    "std": 0.006225909052005821,
    "values": [
      0.652014652014652,
      0.6556776556776557,
      0.6666666666666666
    ]
  },
  "0.4": {
    "mean": 0.5291005291005292,
    "std": 0.011893886199594958,
    "values": [
      0.5457875457875457,
      0.518925518925519,
      0.5225885225885226
    ]
  },
  "0.6": {
    "mean": 0.3219373219373219,
    "std": 0.012304612501286895,
    "values": [
      0.326007326007326,
      0.3052503052503053,
      0.33455433455433453
    ]
  },
  "0.8": {
    "mean": 0.1282051282051282,
    "std": 0.0034535129728280717,
    "values": [
      0.12332112332112333,
      0.13064713064713065,
      0.13064713064713065
    ]
  }
}