{
  "0": {
    "mean": 0.87374749498998,
    "std": 0.0,
    "values": [
      0.87374749498998,
      0.87374749498998,
      0.87374749498998
    ]
  },
  "1": {
    "mean": 0.8610554442217769,
    "std": 0.004464470642565917,
    "values": [
      0.8597194388777555,
      0.8670674682698731,
      0.8563794255177021
    ]
  },
  "3": {
    "mean": 0.7670897350256066,
    "std": 0.007910184666369002,
    "values": [
      0.7575150300601202,
      0.7768871075484302,
      0.7668670674682698
    ]
  },
  "5": {
    "mean": 0.6472945891783567,
    "std": 0.008777734733657118,
    "values": [
      0.6352705410821643,
      0.6506346025384101,
      0.6559786239144957
    ]
  },
  "10": {
    "mean": 0.4161656646626586,
    "std": 0.011887194669373538,
    "values": [
      0.42618570474281897,
      0.39946559786239144,
      0.4228456913827655
    ]
  },
  "17": {
    "mean": 0.280561122244489,
    "std": 0.002499437132113524,
    "values": [
      0.28122912491649965,
      0.2772211088844355,
      0.2832331329325317
    ]
  },
  "25": {
    "mean": 0.23201959474504563,
    "std": 0.005571140504652339,
    "values": [
      0.229124916499666,
      0.22712090848363392,
      0.23981295925183702
    ]
  }
}