{
  "0": {
    "mean": 0.5299145299145299,
    "std": 0.0,
    "values": [
      0.5299145299145299,
      0.5299145299145299,
      0.5299145299145299
    ]
  },
  "1": {
    "mean": 0.5002035002035002,
    "std": 0.005841554779978566,
    "values": [
      0.5054945054945055,
      0.49206349206349204,
      0.503052503052503
    ]
  },
  "3": {
    "mean": 0.3618233618233619,
    "std": 0.01301128804488871,
    "values": [
      0.3785103785103785,
      0.3601953601953602,
      0.34676434676434675
    ]
  },
  "5": {
    "mean": 0.24542124542124544,
    "std": 0.004345575194151936,
    "values": [
      0.24175824175824176,
      0.24297924297924298,
      0.2515262515262515
    ]
  },
  "10": {
    "mean": 0.15059015059015057,
    "std": 0.0005755854954713431,
    "values": [
      0.15018315018315018,
      0.1514041514041514,
      0.15018315018315018
    ]
  },
  "17": {
    "mean": 0.1216931216931217,
    "std": 0.007614280396365369,
    "values": [
      0.11355311355311355,
      0.11965811965811966,
      0.13186813186813187
    ]
  },
  "25": {
    "mean": 0.10704110704110703,
    "std": 0.0020753030173352796,
    "values": [
      0.10500610500610501,
      0.10622710622710622,
      0.10989010989010989
    ]
  }
}