{
  "0.0": 0.9277777777777778,
  "0.2": 0.8851851851851852,
  "0.4": 0.8333333333333334,
  "0.6": 0.7296296296296296,
  "0.8": 0.6555555555555556,
  "1.0": 0.6074074074074074
}