{
  "0.0": 0.8777777777777778,
  "0.2": 0.837037037037037,
  "0.4": 0.7944444444444444,
  "0.6": 0.7018518518518518,
  "0.8": 0.6481481481481481,
  "1.0": 0.6111111111111112
}