{
  "0.0": {
    "mean": 0.697191697191697,
    "std": 1.1102230246251565e-16,
    "values": [
      0.6971916971916972,
      0.6971916971916972,
      0.6971916971916972
    ]
  },
  "0.2": {
    "mean": 0.49898249898249897,
    "std": 0.00678605291026987,
    "values": [
      0.5054945054945055,
      0.5018315018315018,
      0.4896214896214896
    ]
  },
  "0.4": {
    "mean": 0.34188034188034183,
    "std": 0.004984716611280384,
    "values": [
      0.34798534798534797,
      0.3418803418803419,
      0.33577533577533575
    ]
  },
  "0.6": {
    "mean": 0.22385022385022388,
    "std": 0.006637975755107895,
    "values": [
      0.21978021978021978,
      0.21855921855921856,
      0.23321123321123322
    ]
  },
  "0.8": {
    "mean": 0.17134717134717134,
    "std": 0.0040290984682994245,
    "values": [
      0.17582417582417584,
      0.17216117216117216,
      0.16605616605616605
    ]
  },
  "1.0": {
    "mean": 0.14896214896214896,
    "std": 0.0019938866445121444,
    "values": [
      0.14652014652014653,
      0.14896214896214896,
      0.1514041514041514
    ]
  }
}