{
  "0.0": {
    "mean": 0.5557782231128925,
    "std": 0.0,
    "values": [
      0.5557782231128925,
      0.5557782231128925,
      0.5557782231128925
    ]
  },
  "0.2": {
    "mean": 0.25473168559340903,
    "std": 0.005983090110240214,
    "values": [
      0.2571810287241149,
      0.2605210420841683,
      0.24649298597194388
    ]
  },
  "0.4": {
    "mean": 0.23825428635047874,
    "std": 0.0054633017797307,
    "values": [
      0.2458249832999332,
      0.23313293253173012,
      0.23580494321977288
    ]
  },
  "0.6": {
    "mean": 0.22511690046760188,
    "std": 0.0035765705642861263,
    "values": [
      0.22979291917167669,
      0.22110888443553775,
      0.22444889779559118
    ]
  },
  "0.8": {
    "mean": 0.22021821420619014,
    "std": 0.003003949579877993,
    "values": [
      0.2177688710754843,
      0.22444889779559118,
      0.218436873747495
    ]
  },
  "1.0": {
    "mean": 0.21064350924070363,
    "std": 0.00300394957987798,
    "values": [
      0.20641282565130262,
      0.2124248496993988,
      0.21309285237140949
    ]
  }
}