{
  "0.0": {
    "mean": 0.24175824175824176,
    "std": 0.0,
    "values": [
      0.24175824175824176,
      0.24175824175824176,
      0.24175824175824176
    ]
  },
  "0.2": {
    "mean": 0.10989010989010989,
    "std": 0.0034535129728280652,
    "values": [
      0.10744810744810745,
      0.11477411477411477,
      0.10744810744810745
    ]
  },
  "0.4": {
    "mean": 0.11477411477411477,
    "std": 0.007526757024382146,
    "values": [
      0.12454212454212454,
      0.11355311355311355,
      0.10622710622710622
    ]
  },
  "0.6": {
    "mean": 0.09198209198209199,
    "std": 0.005668859697673632,
    "values": [
      0.09768009768009768,
      0.09401709401709402,
      0.08424908424908426
    ]
  },
  "0.8": {
    "mean": 0.07081807081807082,
    "std": 0.0039877732890243,
    "values": [
      0.06593406593406594,
      0.0757020757020757,
      0.07081807081807082
    ]
  },
  "1.0": {
    "mean": 0.06634106634106635,
    "std": 0.0011511709909426862,
    "values": [
      0.06715506715506715,
      0.06715506715506715,
      0.06471306471306472
    ]
  }
}