{
  "0.0": {
    "mean": 0.24664224664224665,
    "std": 0.0,
    "values": [
      0.24664224664224665,
      0.24664224664224665,
      0.24664224664224665
    ]
  },
  "0.2": {
    "mean": 0.06308506308506308,
    "std": 0.0005755854954713431,
    "values": [
      0.06227106227106227,
      0.06349206349206349,
      0.06349206349206349
    ]
  },
  "0.4": {
    "mean": 0.06715506715506715,
    "std": 0.0009969433222560779,
    "values": [
      0.06715506715506715,
      0.06837606837606838,
      0.06593406593406594
    ]
  },
  "0.6": {
    "mean": 0.07936507936507936,
    "std": 0.0009969433222560779,
    "values": [
      0.08058608058608059,
      0.07936507936507936,
      0.07814407814407814
    ]
  },
  "0.8": {
    "mean": 0.06959706959706959,
    "std": 0.0062259090520058406,
    "values": [
      0.0757020757020757,
      0.07203907203907203,
      0.06105006105006105
    ]
  },
  "1.0": {
    "mean": 0.06430606430606431,
    "std": 0.005490735678971117,
    "values": [
      0.07203907203907203,
      0.06105006105006105,
      0.05982905982905983
    ]
  }
}