{
  "0.0": {
    "mean": 0.35775335775335776,
    "std": 0.0,
    "values": [
      0.35775335775335776,
      0.35775335775335776,
      0.35775335775335776
    ]
  },
  "0.2": {
    "mean": 0.08302808302808302,
    "std": 0.01395720651158506,
    "values": [
      0.0757020757020757,
      0.10256410256410256,
      0.07081807081807082
    ]
  },
  "0.4": {
    "mean": 0.13512413512413513,
    "std": 0.006637975755107895,
    "values": [
      0.14041514041514042,
      0.12576312576312576,
      0.1391941391941392
    ]
  },
  "0.6": {
    "mean": 0.13146113146113145,
    "std": 0.009682846767090207,
    "values": [
      0.11843711843711843,
      0.1343101343101343,
      0.14163614163614163
    ]
  },
  "0.8": {
    "mean": 0.12291412291412292,
    "std": 0.0063314404501848,
    "values": [
      0.13186813186813187,
      0.11843711843711843,
      0.11843711843711843
    ]
  },
  "1.0": {
    "mean": 0.12901912901912901,
    "std": 0.005841554779978559,
    "values": [
      0.1343101343101343,
      0.12087912087912088,
      0.13186813186813187
    ]
  }
}